[2025-01-18 21:28:36] This is codeql database create /mnt/c/GitHub/SpeQL/database/azure-api-db --language=javascript --source-root=/mnt/c/GitHub/azure-rest-api-specs/specification/logic --threads=12 --ram=8192 --overwrite --codescanning-config=/mnt/c/GitHub/SpeQL/config/SpeQL.yml
[2025-01-18 21:28:36] Log file was started late.
[2025-01-18 21:28:36] [PROGRESS] database create> Initializing database at /mnt/c/GitHub/SpeQL/database/azure-api-db.
[2025-01-18 21:28:36] Running plumbing command: codeql database init --overwrite --codescanning-config=/mnt/c/GitHub/SpeQL/config/SpeQL.yml --language=javascript --extractor-options-verbosity=1 --qlconfig-file=/usr/local/codeql/qlconfig.yml --source-root=/mnt/c/GitHub/azure-rest-api-specs/specification/logic --allow-missing-source-root=false --allow-already-existing -- /mnt/c/GitHub/SpeQL/database/azure-api-db
[2025-01-18 21:28:36] Calling plumbing command: codeql resolve languages --extractor-options-verbosity=1 --format=betterjson
[2025-01-18 21:28:37] [DETAILS] resolve languages> Scanning for [codeql-extractor.yml] from /usr/local/codeql/.codeqlmanifest.json
[2025-01-18 21:28:37] [DETAILS] resolve languages> Parsing /usr/local/codeql/properties/codeql-extractor.yml.
[2025-01-18 21:28:37] [DETAILS] resolve languages> Parsing /usr/local/codeql/csv/codeql-extractor.yml.
[2025-01-18 21:28:37] [DETAILS] resolve languages> Parsing /usr/local/codeql/html/codeql-extractor.yml.
[2025-01-18 21:28:37] [DETAILS] resolve languages> Parsing /usr/local/codeql/swift/codeql-extractor.yml.
[2025-01-18 21:28:37] [DETAILS] resolve languages> Parsing /usr/local/codeql/xml/codeql-extractor.yml.
[2025-01-18 21:28:37] [DETAILS] resolve languages> Parsing /usr/local/codeql/javascript/codeql-extractor.yml.
[2025-01-18 21:28:37] [DETAILS] resolve languages> Parsing /usr/local/codeql/cpp/codeql-extractor.yml.
[2025-01-18 21:28:37] [DETAILS] resolve languages> Parsing /usr/local/codeql/java/codeql-extractor.yml.
[2025-01-18 21:28:37] [DETAILS] resolve languages> Parsing /usr/local/codeql/yaml/codeql-extractor.yml.
[2025-01-18 21:28:37] [DETAILS] resolve languages> Parsing /usr/local/codeql/ruby/codeql-extractor.yml.
[2025-01-18 21:28:37] [DETAILS] resolve languages> Parsing /usr/local/codeql/go/codeql-extractor.yml.
[2025-01-18 21:28:37] [DETAILS] resolve languages> Parsing /usr/local/codeql/python/codeql-extractor.yml.
[2025-01-18 21:28:37] [DETAILS] resolve languages> Parsing /usr/local/codeql/csharp/codeql-extractor.yml.
[2025-01-18 21:28:37] Plumbing command codeql resolve languages completed:
                      {
                        "aliases" : {
                          "c" : "cpp",
                          "c++" : "cpp",
                          "c-c++" : "cpp",
                          "c-cpp" : "cpp",
                          "c#" : "csharp",
                          "java-kotlin" : "java",
                          "kotlin" : "java",
                          "javascript-typescript" : "javascript",
                          "typescript" : "javascript"
                        },
                        "extractors" : {
                          "properties" : [
                            {
                              "extractor_root" : "/usr/local/codeql/properties"
                            }
                          ],
                          "csv" : [
                            {
                              "extractor_root" : "/usr/local/codeql/csv"
                            }
                          ],
                          "html" : [
                            {
                              "extractor_root" : "/usr/local/codeql/html"
                            }
                          ],
                          "swift" : [
                            {
                              "extractor_root" : "/usr/local/codeql/swift"
                            }
                          ],
                          "xml" : [
                            {
                              "extractor_root" : "/usr/local/codeql/xml"
                            }
                          ],
                          "javascript" : [
                            {
                              "extractor_root" : "/usr/local/codeql/javascript",
                              "extractor_options" : {
                                "skip_types" : {
                                  "title" : "Skip type extraction for TypeScript",
                                  "description" : "Whether to skip the extraction of types in a TypeScript application",
                                  "type" : "string",
                                  "pattern" : "^(false|true)$"
                                }
                              }
                            }
                          ],
                          "cpp" : [
                            {
                              "extractor_root" : "/usr/local/codeql/cpp",
                              "extractor_options" : {
                                "scale_timeouts" : {
                                  "title" : "Value to scale compiler introspection timeouts with",
                                  "description" : "The extractor attempts to determine what compiler the source code being extracted is compiled with. To this end the extractor makes additional calls to the compiler, some of which are expected to return within a certain fixed time (either 10s or 15s). On some systems that are under high load this time might be too short, and can be scaled up using this option.\n",
                                  "type" : "string",
                                  "pattern" : "[0-9]+"
                                },
                                "log_verbosity" : {
                                  "title" : "Verbosity of the extractor logging",
                                  "description" : "Set the verbosity of the extractor logging to 'quiet' (0), 'normal' (1), 'chatty' (2), or 'noisy' (3). The default is 'normal'.\n",
                                  "type" : "string",
                                  "pattern" : "[0-3]"
                                }
                              }
                            }
                          ],
                          "java" : [
                            {
                              "extractor_root" : "/usr/local/codeql/java",
                              "extractor_options" : {
                                "exclude" : {
                                  "title" : "A glob excluding files from analysis.",
                                  "description" : "A glob indicating what files to exclude from the analysis.\n",
                                  "type" : "string"
                                },
                                "add_prefer_source" : {
                                  "title" : "Whether to always prefer source files over class files.",
                                  "description" : "A value indicating whether source files should be preferred over class files. If set to 'true', the extraction adds '-Xprefer:source' to the javac command line. If set to 'false', the extraction uses the default javac behavior ('-Xprefer:newer'). The default is 'true'.\n",
                                  "type" : "string",
                                  "pattern" : "^(false|true)$"
                                },
                                "buildless" : {
                                  "title" : "Whether to use buildless (standalone) extraction (experimental).",
                                  "description" : "A value indicating, which type of extraction the autobuilder should perform. If 'true', then the standalone extractor will be used, otherwise tracing extraction will be performed. The default is 'false'. Note that buildless extraction will generally yield less accurate analysis results, and should only be used in cases where it is not possible to build the code (for example if it uses inaccessible dependencies).\n",
                                  "type" : "string",
                                  "pattern" : "^(false|true)$"
                                },
                                "file_hashes_out" : {
                                  "title" : "Path to write a JSON object giving the hashes of input source files",
                                  "description" : "Path to write a JSON object giving the hashes of input source files\n",
                                  "type" : "string"
                                },
                                "underlying_file_hashes" : {
                                  "title" : "Path to a file containing a JSON object giving the hashes of input source files",
                                  "description" : "The path to a file containing a JSON object giving the hashes of input source files. Only files whose hash differs from that given in this object (or which are not included) will be extracted.\n",
                                  "type" : "string"
                                }
                              }
                            }
                          ],
                          "yaml" : [
                            {
                              "extractor_root" : "/usr/local/codeql/yaml"
                            }
                          ],
                          "ruby" : [
                            {
                              "extractor_root" : "/usr/local/codeql/ruby",
                              "extractor_options" : {
                                "trap" : {
                                  "title" : "Options pertaining to TRAP.",
                                  "description" : "Options pertaining to TRAP.",
                                  "type" : "object",
                                  "properties" : {
                                    "compression" : {
                                      "title" : "Controls compression for the TRAP files written by the extractor.",
                                      "description" : "This option is only intended for use in debugging the extractor. Accepted values are 'gzip' (the default, to write gzip-compressed TRAP) and 'none' (to write uncompressed TRAP).\n",
                                      "type" : "string",
                                      "pattern" : "^(none|gzip)$"
                                    }
                                  }
                                }
                              }
                            }
                          ],
                          "go" : [
                            {
                              "extractor_root" : "/usr/local/codeql/go",
                              "extractor_options" : {
                                "extract_tests" : {
                                  "title" : "Whether to include Go test files in the CodeQL database.",
                                  "description" : "A value indicating whether Go test files should be included in the CodeQL database. The default is 'false'.\n",
                                  "type" : "string",
                                  "pattern" : "^(false|true)$"
                                },
                                "extract_vendor_dirs" : {
                                  "title" : "Whether to include Go vendor directories in the CodeQL database.",
                                  "description" : "A value indicating whether Go vendor directories should be included in the CodeQL database. The default is 'false'.\n",
                                  "type" : "string",
                                  "pattern" : "^(false|true)$"
                                }
                              }
                            }
                          ],
                          "python" : [
                            {
                              "extractor_root" : "/usr/local/codeql/python",
                              "extractor_options" : {
                                "logging" : {
                                  "title" : "Options pertaining to logging.",
                                  "description" : "Options pertaining to logging.",
                                  "type" : "object",
                                  "properties" : {
                                    "verbosity" : {
                                      "title" : "Python extractor logging verbosity level.",
                                      "description" : "Controls the level of verbosity of the CodeQL Python extractor.\nThe supported levels are (in order of increasing verbosity):\n\n  - off\n  - errors\n  - warnings\n  - info or progress\n  - debug or progress+\n  - trace or progress++\n  - progress+++\n",
                                      "type" : "string",
                                      "pattern" : "^(off|errors|warnings|(info|progress)|(debug|progress\\+)|(trace|progress\\+\\+)|progress\\+\\+\\+)$"
                                    }
                                  }
                                },
                                "python_executable_name" : {
                                  "title" : "Controls the name of the Python executable used by the Python extractor.",
                                  "description" : "The Python extractor uses platform-dependent heuristics to determine the name of the Python executable to use. Specifying a value for this option overrides the name of the Python executable used by the extractor. Accepted values are py, python and python3. Use this setting with caution, the Python extractor requires Python 3 to run.\n",
                                  "type" : "string",
                                  "pattern" : "^(py|python|python3)$"
                                }
                              }
                            }
                          ],
                          "csharp" : [
                            {
                              "extractor_root" : "/usr/local/codeql/csharp",
                              "extractor_options" : {
                                "trap" : {
                                  "title" : "Options pertaining to TRAP.",
                                  "description" : "Options pertaining to TRAP.",
                                  "type" : "object",
                                  "properties" : {
                                    "compression" : {
                                      "title" : "Controls compression for the TRAP files written by the extractor.",
                                      "description" : "This option is only intended for use in debugging the extractor. Accepted values are 'brotli' (the default, to write brotli-compressed TRAP), 'gzip', and 'none' (to write uncompressed TRAP).\n",
                                      "type" : "string",
                                      "pattern" : "^(none|gzip|brotli)$"
                                    }
                                  }
                                },
                                "buildless" : {
                                  "title" : "DEPRECATED - Whether to use buildless (standalone) extraction.",
                                  "description" : "DEPRECATED: Use `--build-mode none` instead.\nA value indicating, which type of extraction the autobuilder should perform. If 'true', then the standalone extractor will be used, otherwise tracing extraction will be performed. The default is 'false'. Note that buildless extraction will generally yield less accurate analysis results, and should only be used in cases where it is not possible to build the code (for example if it uses inaccessible dependencies).\n",
                                  "type" : "string",
                                  "pattern" : "^(false|true)$"
                                },
                                "logging" : {
                                  "title" : "Options pertaining to logging.",
                                  "description" : "Options pertaining to logging.",
                                  "type" : "object",
                                  "properties" : {
                                    "verbosity" : {
                                      "title" : "Extractor logging verbosity level.",
                                      "description" : "Controls the level of verbosity of the extractor. The supported levels are (in order of increasing verbosity):\n  - off\n  - errors\n  - warnings\n  - info or progress\n  - debug or progress+\n  - trace or progress++\n  - progress+++\n",
                                      "type" : "string",
                                      "pattern" : "^(off|errors|warnings|(info|progress)|(debug|progress\\+)|(trace|progress\\+\\+)|progress\\+\\+\\+)$"
                                    }
                                  }
                                },
                                "binlog" : {
                                  "title" : "Binlog",
                                  "description" : "[EXPERIMENTAL] The value is a path to the MsBuild binary log file that should be extracted. This option only works when `--build-mode none` is also specified.\n",
                                  "type" : "array"
                                }
                              }
                            }
                          ]
                        }
                      }
[2025-01-18 21:28:37] Calling plumbing command: codeql database process-config --source-root /mnt/c/GitHub/azure-rest-api-specs/specification/logic --overwrite --codescanning-config=/mnt/c/GitHub/SpeQL/config/SpeQL.yml --language=javascript --extractor-options-verbosity=1 --qlconfig-file=/usr/local/codeql/qlconfig.yml /mnt/c/GitHub/SpeQL/database/azure-api-db
[2025-01-18 21:28:37] [SPAMMY] database process-config> Downloading packs: codeql/javascript-queries
[2025-01-18 21:28:37] Running plumbing command: codeql pack download --qlconfig-file=/usr/local/codeql/qlconfig.yml codeql/javascript-queries
[2025-01-18 21:28:37] [PROGRESS] pack download> Package specifications to check for download: codeql/javascript-queries
[2025-01-18 21:28:37] Calling plumbing command: codeql resolve queries --qlconfig-file=/usr/local/codeql/qlconfig.yml --format installedpacks codeql/javascript-queries
[2025-01-18 21:28:37] [PROGRESS] resolve queries> Recording pack reference codeql/javascript-queries at /usr/local/codeql/qlpacks/codeql/javascript-queries/1.2.6.
[2025-01-18 21:28:37] Plumbing command codeql resolve queries completed:
                      {
                        "installedPacks" : [ ]
                      }
[2025-01-18 21:28:37] [PROGRESS] pack download> Did not need to download any packs.
[2025-01-18 21:28:37] Plumbing command codeql pack download completed.
[2025-01-18 21:28:37] Calling plumbing command: codeql resolve queries --format bylanguage --qlconfig-file=/usr/local/codeql/qlconfig.yml codeql/javascript-queries
[2025-01-18 21:28:37] [PROGRESS] resolve queries> Recording pack reference codeql/javascript-queries at /usr/local/codeql/qlpacks/codeql/javascript-queries/1.2.6.
[2025-01-18 21:28:37] [SPAMMIER] resolve queries> Resolution instruction: qlpack codeql/javascript-queries
[2025-01-18 21:28:37] [SPAMMY] resolve queries> Resolving default query suite of codeql/javascript-queries.
[2025-01-18 21:28:37] [SPAMMY] resolve queries> Suite description = Standard Code Scanning queries for JavaScript
[2025-01-18 21:28:37] [SPAMMIER] resolve queries> Resolution instruction: queries '.'.
[2025-01-18 21:28:37] [SPAMMY] resolve queries> Scanning for QL files at /usr/local/codeql/qlpacks/codeql/javascript-queries/1.2.6.
[2025-01-18 21:28:37] [SPAMMY] resolve queries> Not recursing into codeql binaries directory /usr/local/codeql/qlpacks/codeql/javascript-queries/1.2.6/.codeql.
[2025-01-18 21:28:37] [SPAMMY] resolve queries> Found 351 QL files in /usr/local/codeql/qlpacks/codeql/javascript-queries/1.2.6.
[2025-01-18 21:28:37] [SPAMMIER] resolve queries> Resolution instruction: apply 'code-scanning-selectors.yml'.
[2025-01-18 21:28:37] [INCOMPATIBILITY] codeql/javascript-queries: not 1.2.6 {root: codeql/javascript-queries@1.2.6}
[2025-01-18 21:28:37] [DERIVATION] codeql/javascript-queries: 1.2.6 {codeql/javascript-queries: not 1.2.6 {root: codeql/javascript-queries@1.2.6}}
[2025-01-18 21:28:37] [INCOMPATIBILITY] codeql/javascript-queries: * [*], codeql/javascript-all: not * [*] {dependency: codeql/javascript-queries@* [*] requires codeql/javascript-all@2.2.1}
[2025-01-18 21:28:37] [INCOMPATIBILITY] codeql/javascript-queries: * [*], codeql/suite-helpers: not * [*] {dependency: codeql/javascript-queries@* [*] requires codeql/suite-helpers@1.0.14}
[2025-01-18 21:28:37] [INCOMPATIBILITY] codeql/javascript-queries: * [*], codeql/typos: not * [*] {dependency: codeql/javascript-queries@* [*] requires codeql/typos@1.0.14}
[2025-01-18 21:28:37] [INCOMPATIBILITY] codeql/javascript-queries: * [*], codeql/util: not * [*] {dependency: codeql/javascript-queries@* [*] requires codeql/util@2.0.1}
[2025-01-18 21:28:37] [DECISION 1] codeql/javascript-queries: 1.2.6
[2025-01-18 21:28:37] [DERIVATION] codeql/util: * [*] {codeql/javascript-queries: * [*], codeql/util: not * [*] {dependency: codeql/javascript-queries@* [*] requires codeql/util@2.0.1}}
[2025-01-18 21:28:37] [DERIVATION] codeql/typos: * [*] {codeql/javascript-queries: * [*], codeql/typos: not * [*] {dependency: codeql/javascript-queries@* [*] requires codeql/typos@1.0.14}}
[2025-01-18 21:28:37] [DERIVATION] codeql/suite-helpers: * [*] {codeql/javascript-queries: * [*], codeql/suite-helpers: not * [*] {dependency: codeql/javascript-queries@* [*] requires codeql/suite-helpers@1.0.14}}
[2025-01-18 21:28:37] [DERIVATION] codeql/javascript-all: * [*] {codeql/javascript-queries: * [*], codeql/javascript-all: not * [*] {dependency: codeql/javascript-queries@* [*] requires codeql/javascript-all@2.2.1}}
[2025-01-18 21:28:37] [INCOMPATIBILITY] codeql/javascript-all: * [*], codeql/dataflow: not * [*] {dependency: codeql/javascript-all@* [*] requires codeql/dataflow@1.1.8}
[2025-01-18 21:28:37] [INCOMPATIBILITY] codeql/javascript-all: * [*], codeql/mad: not * [*] {dependency: codeql/javascript-all@* [*] requires codeql/mad@1.0.14}
[2025-01-18 21:28:37] [INCOMPATIBILITY] codeql/javascript-all: * [*], codeql/regex: not * [*] {dependency: codeql/javascript-all@* [*] requires codeql/regex@1.0.14}
[2025-01-18 21:28:37] [INCOMPATIBILITY] codeql/javascript-all: * [*], codeql/threat-models: not * [*] {dependency: codeql/javascript-all@* [*] requires codeql/threat-models@1.0.14}
[2025-01-18 21:28:37] [INCOMPATIBILITY] codeql/javascript-all: * [*], codeql/tutorial: not * [*] {dependency: codeql/javascript-all@* [*] requires codeql/tutorial@1.0.14}
[2025-01-18 21:28:37] [INCOMPATIBILITY] codeql/javascript-all: * [*], codeql/util: not * [*] {dependency: codeql/javascript-all@* [*] requires codeql/util@2.0.1}
[2025-01-18 21:28:37] [INCOMPATIBILITY] codeql/javascript-all: * [*], codeql/xml: not * [*] {dependency: codeql/javascript-all@* [*] requires codeql/xml@1.0.14}
[2025-01-18 21:28:37] [INCOMPATIBILITY] codeql/javascript-all: * [*], codeql/yaml: not * [*] {dependency: codeql/javascript-all@* [*] requires codeql/yaml@1.0.14}
[2025-01-18 21:28:37] [DECISION 2] codeql/javascript-all: 2.2.1
[2025-01-18 21:28:37] [DERIVATION] codeql/yaml: * [*] {codeql/javascript-all: * [*], codeql/yaml: not * [*] {dependency: codeql/javascript-all@* [*] requires codeql/yaml@1.0.14}}
[2025-01-18 21:28:37] [DERIVATION] codeql/xml: * [*] {codeql/javascript-all: * [*], codeql/xml: not * [*] {dependency: codeql/javascript-all@* [*] requires codeql/xml@1.0.14}}
[2025-01-18 21:28:37] [DERIVATION] codeql/tutorial: * [*] {codeql/javascript-all: * [*], codeql/tutorial: not * [*] {dependency: codeql/javascript-all@* [*] requires codeql/tutorial@1.0.14}}
[2025-01-18 21:28:37] [DERIVATION] codeql/threat-models: * [*] {codeql/javascript-all: * [*], codeql/threat-models: not * [*] {dependency: codeql/javascript-all@* [*] requires codeql/threat-models@1.0.14}}
[2025-01-18 21:28:37] [DERIVATION] codeql/regex: * [*] {codeql/javascript-all: * [*], codeql/regex: not * [*] {dependency: codeql/javascript-all@* [*] requires codeql/regex@1.0.14}}
[2025-01-18 21:28:37] [DERIVATION] codeql/mad: * [*] {codeql/javascript-all: * [*], codeql/mad: not * [*] {dependency: codeql/javascript-all@* [*] requires codeql/mad@1.0.14}}
[2025-01-18 21:28:37] [DERIVATION] codeql/dataflow: * [*] {codeql/javascript-all: * [*], codeql/dataflow: not * [*] {dependency: codeql/javascript-all@* [*] requires codeql/dataflow@1.1.8}}
[2025-01-18 21:28:37] [INCOMPATIBILITY] codeql/dataflow: * [*], codeql/ssa: not * [*] {dependency: codeql/dataflow@* [*] requires codeql/ssa@1.0.14}
[2025-01-18 21:28:37] [INCOMPATIBILITY] codeql/dataflow: * [*], codeql/typetracking: not * [*] {dependency: codeql/dataflow@* [*] requires codeql/typetracking@1.0.14}
[2025-01-18 21:28:37] [INCOMPATIBILITY] codeql/dataflow: * [*], codeql/util: not * [*] {dependency: codeql/dataflow@* [*] requires codeql/util@2.0.1}
[2025-01-18 21:28:37] [DECISION 3] codeql/dataflow: 1.1.8
[2025-01-18 21:28:37] [DERIVATION] codeql/typetracking: * [*] {codeql/dataflow: * [*], codeql/typetracking: not * [*] {dependency: codeql/dataflow@* [*] requires codeql/typetracking@1.0.14}}
[2025-01-18 21:28:37] [DERIVATION] codeql/ssa: * [*] {codeql/dataflow: * [*], codeql/ssa: not * [*] {dependency: codeql/dataflow@* [*] requires codeql/ssa@1.0.14}}
[2025-01-18 21:28:37] [INCOMPATIBILITY] codeql/mad: * [*], codeql/dataflow: not * [*] {dependency: codeql/mad@* [*] requires codeql/dataflow@1.1.8}
[2025-01-18 21:28:37] [INCOMPATIBILITY] codeql/mad: * [*], codeql/util: not * [*] {dependency: codeql/mad@* [*] requires codeql/util@2.0.1}
[2025-01-18 21:28:37] [DECISION 4] codeql/mad: 1.0.14
[2025-01-18 21:28:37] [INCOMPATIBILITY] codeql/regex: * [*], codeql/util: not * [*] {dependency: codeql/regex@* [*] requires codeql/util@2.0.1}
[2025-01-18 21:28:37] [DECISION 5] codeql/regex: 1.0.14
[2025-01-18 21:28:37] [INCOMPATIBILITY] codeql/ssa: * [*], codeql/util: not * [*] {dependency: codeql/ssa@* [*] requires codeql/util@2.0.1}
[2025-01-18 21:28:37] [DECISION 6] codeql/ssa: 1.0.14
[2025-01-18 21:28:37] [DECISION 7] codeql/suite-helpers: 1.0.14
[2025-01-18 21:28:37] [DECISION 8] codeql/threat-models: 1.0.14
[2025-01-18 21:28:37] [DECISION 9] codeql/tutorial: 1.0.14
[2025-01-18 21:28:37] [INCOMPATIBILITY] codeql/typetracking: * [*], codeql/util: not * [*] {dependency: codeql/typetracking@* [*] requires codeql/util@2.0.1}
[2025-01-18 21:28:37] [DECISION 10] codeql/typetracking: 1.0.14
[2025-01-18 21:28:37] [DECISION 11] codeql/typos: 1.0.14
[2025-01-18 21:28:37] [DECISION 12] codeql/util: 2.0.1
[2025-01-18 21:28:37] [INCOMPATIBILITY] codeql/xml: * [*], codeql/util: not * [*] {dependency: codeql/xml@* [*] requires codeql/util@2.0.1}
[2025-01-18 21:28:37] [DECISION 13] codeql/xml: 1.0.14
[2025-01-18 21:28:37] [DECISION 14] codeql/yaml: 1.0.14
[2025-01-18 21:28:37] [PROGRESS] resolve queries> Recording pack reference codeql/suite-helpers at /usr/local/codeql/qlpacks/codeql/javascript-queries/1.2.6/.codeql/libraries/codeql/suite-helpers/1.0.14.
[2025-01-18 21:28:37] [SPAMMY] resolve queries> Applying nested suite file /usr/local/codeql/qlpacks/codeql/javascript-queries/1.2.6/.codeql/libraries/codeql/suite-helpers/1.0.14/code-scanning-selectors.yml from codeql/suite-helpers.
[2025-01-18 21:28:37] [SPAMMY] resolve queries> Suite description = Selectors for selecting the Code-Scanning-relevant queries for a language
[2025-01-18 21:28:37] [SPAMMIER] resolve queries> Resolution instruction: include.
[2025-01-18 21:28:37] [SPAMMY] resolve queries> Query Filter: Implicitly candidating /usr/local/codeql/qlpacks/codeql/javascript-queries/1.2.6/experimental/heuristics/ql/src/Security/CWE-770/ResourceExhaustion.ql.
[2025-01-18 21:28:37] [SPAMMY] resolve queries> Query Filter: Implicitly candidating /usr/local/codeql/qlpacks/codeql/javascript-queries/1.2.6/experimental/heuristics/ql/src/Security/CWE-776/XmlBomb.ql.
[2025-01-18 21:28:37] [SPAMMY] resolve queries> Query Filter: Implicitly candidating /usr/local/codeql/qlpacks/codeql/javascript-queries/1.2.6/experimental/heuristics/ql/src/Security/CWE-089/SqlInjection.ql.
[2025-01-18 21:28:37] [SPAMMY] resolve queries> Query Filter: Implicitly candidating /usr/local/codeql/qlpacks/codeql/javascript-queries/1.2.6/experimental/heuristics/ql/src/Security/CWE-502/UnsafeDeserialization.ql.
[2025-01-18 21:28:37] [SPAMMY] resolve queries> Query Filter: Implicitly candidating /usr/local/codeql/qlpacks/codeql/javascript-queries/1.2.6/experimental/heuristics/ql/src/Security/CWE-346/CorsMisconfigurationForCredentials.ql.
[2025-01-18 21:28:37] [SPAMMY] resolve queries> Query Filter: Implicitly candidating /usr/local/codeql/qlpacks/codeql/javascript-queries/1.2.6/experimental/heuristics/ql/src/Security/CWE-611/Xxe.ql.
[2025-01-18 21:28:37] [SPAMMY] resolve queries> Query Filter: Implicitly candidating /usr/local/codeql/qlpacks/codeql/javascript-queries/1.2.6/experimental/heuristics/ql/src/Security/CWE-807/ConditionalBypass.ql.
[2025-01-18 21:28:37] [SPAMMY] resolve queries> Query Filter: Implicitly candidating /usr/local/codeql/qlpacks/codeql/javascript-queries/1.2.6/experimental/heuristics/ql/src/Security/CWE-643/XpathInjection.ql.
[2025-01-18 21:28:37] [SPAMMY] resolve queries> Query Filter: Implicitly candidating /usr/local/codeql/qlpacks/codeql/javascript-queries/1.2.6/experimental/heuristics/ql/src/Security/CWE-134/TaintedFormatString.ql.
[2025-01-18 21:28:37] [SPAMMY] resolve queries> Query Filter: Implicitly candidating /usr/local/codeql/qlpacks/codeql/javascript-queries/1.2.6/experimental/heuristics/ql/src/Security/CWE-915/PrototypePollutingAssignment.ql.
[2025-01-18 21:28:37] [SPAMMY] resolve queries> Query Filter: Implicitly candidating /usr/local/codeql/qlpacks/codeql/javascript-queries/1.2.6/experimental/heuristics/ql/src/Security/CWE-094/CodeInjection.ql.
[2025-01-18 21:28:37] [SPAMMY] resolve queries> Query Filter: Implicitly candidating /usr/local/codeql/qlpacks/codeql/javascript-queries/1.2.6/experimental/heuristics/ql/src/Security/CWE-400/RemotePropertyInjection.ql.
[2025-01-18 21:28:37] [SPAMMY] resolve queries> Query Filter: Implicitly candidating /usr/local/codeql/qlpacks/codeql/javascript-queries/1.2.6/experimental/heuristics/ql/src/Security/CWE-079/Xss.ql.
[2025-01-18 21:28:37] [SPAMMY] resolve queries> Query Filter: Implicitly candidating /usr/local/codeql/qlpacks/codeql/javascript-queries/1.2.6/experimental/heuristics/ql/src/Security/CWE-078/CommandInjection.ql.
[2025-01-18 21:28:37] [SPAMMY] resolve queries> Query Filter: Implicitly candidating /usr/local/codeql/qlpacks/codeql/javascript-queries/1.2.6/experimental/heuristics/ql/src/Security/CWE-730/RegExpInjection.ql.
[2025-01-18 21:28:37] [SPAMMY] resolve queries> Query Filter: Implicitly candidating /usr/local/codeql/qlpacks/codeql/javascript-queries/1.2.6/experimental/heuristics/ql/src/Security/CWE-020/UntrustedDataToExternalAPI.ql.
[2025-01-18 21:28:37] [SPAMMY] resolve queries> Query Filter: Implicitly candidating /usr/local/codeql/qlpacks/codeql/javascript-queries/1.2.6/experimental/heuristics/ql/src/Security/CWE-117/LogInjection.ql.
[2025-01-18 21:28:37] [SPAMMY] resolve queries> Query Filter: Implicitly candidating /usr/local/codeql/qlpacks/codeql/javascript-queries/1.2.6/experimental/StandardLibrary/MultipleArgumentsToSetConstructor.ql.
[2025-01-18 21:28:37] [SPAMMY] resolve queries> Query Filter: Implicitly candidating /usr/local/codeql/qlpacks/codeql/javascript-queries/1.2.6/experimental/Security/CWE-918/SSRF.ql.
[2025-01-18 21:28:37] [SPAMMY] resolve queries> Query Filter: Implicitly candidating /usr/local/codeql/qlpacks/codeql/javascript-queries/1.2.6/experimental/Security/CWE-522-DecompressionBombs/DecompressionBombs.ql.
[2025-01-18 21:28:37] [SPAMMY] resolve queries> Query Filter: Implicitly candidating /usr/local/codeql/qlpacks/codeql/javascript-queries/1.2.6/experimental/Security/CWE-942/CorsPermissiveConfiguration.ql.
[2025-01-18 21:28:37] [SPAMMY] resolve queries> Query Filter: Implicitly candidating /usr/local/codeql/qlpacks/codeql/javascript-queries/1.2.6/experimental/Security/CWE-444/InsecureHttpParser.ql.
[2025-01-18 21:28:37] [SPAMMY] resolve queries> Query Filter: Implicitly candidating /usr/local/codeql/qlpacks/codeql/javascript-queries/1.2.6/experimental/Security/CWE-347/decodeJwtWithoutVerification.ql.
[2025-01-18 21:28:37] [SPAMMY] resolve queries> Query Filter: Implicitly candidating /usr/local/codeql/qlpacks/codeql/javascript-queries/1.2.6/experimental/Security/CWE-347/decodeJwtWithoutVerificationLocalSource.ql.
[2025-01-18 21:28:37] [SPAMMY] resolve queries> Query Filter: Implicitly candidating /usr/local/codeql/qlpacks/codeql/javascript-queries/1.2.6/experimental/Security/CWE-099/EnvValueAndKeyInjection.ql.
[2025-01-18 21:28:37] [SPAMMY] resolve queries> Query Filter: Implicitly candidating /usr/local/codeql/qlpacks/codeql/javascript-queries/1.2.6/experimental/Security/CWE-099/EnvValueInjection.ql.
[2025-01-18 21:28:37] [SPAMMY] resolve queries> Query Filter: Implicitly candidating /usr/local/codeql/qlpacks/codeql/javascript-queries/1.2.6/experimental/Security/CWE-340/TokenBuiltFromUUID.ql.
[2025-01-18 21:28:37] [SPAMMY] resolve queries> Query Filter: Implicitly candidating /usr/local/codeql/qlpacks/codeql/javascript-queries/1.2.6/experimental/Security/CWE-094/UntrustedCheckout.ql.
[2025-01-18 21:28:37] [SPAMMY] resolve queries> Query Filter: Implicitly candidating /usr/local/codeql/qlpacks/codeql/javascript-queries/1.2.6/experimental/Security/CWE-094-dataURL/CodeInjection.ql.
[2025-01-18 21:28:37] [SPAMMY] resolve queries> Query Filter: Implicitly candidating /usr/local/codeql/qlpacks/codeql/javascript-queries/1.2.6/RegExp/BackrefIntoNegativeLookahead.ql.
[2025-01-18 21:28:37] [SPAMMY] resolve queries> Query Filter: Implicitly candidating /usr/local/codeql/qlpacks/codeql/javascript-queries/1.2.6/RegExp/MalformedRegExp.ql.
[2025-01-18 21:28:37] [SPAMMY] resolve queries> Query Filter: Implicitly candidating /usr/local/codeql/qlpacks/codeql/javascript-queries/1.2.6/RegExp/BackrefBeforeGroup.ql.
[2025-01-18 21:28:37] [SPAMMY] resolve queries> Query Filter: Implicitly candidating /usr/local/codeql/qlpacks/codeql/javascript-queries/1.2.6/RegExp/EmptyCharacterClass.ql.
[2025-01-18 21:28:37] [SPAMMY] resolve queries> Query Filter: Implicitly candidating /usr/local/codeql/qlpacks/codeql/javascript-queries/1.2.6/RegExp/DuplicateCharacterInCharacterClass.ql.
[2025-01-18 21:28:37] [SPAMMY] resolve queries> Query Filter: Implicitly candidating /usr/local/codeql/qlpacks/codeql/javascript-queries/1.2.6/RegExp/UnmatchableDollar.ql.
[2025-01-18 21:28:37] [SPAMMY] resolve queries> Query Filter: Implicitly candidating /usr/local/codeql/qlpacks/codeql/javascript-queries/1.2.6/RegExp/BackspaceEscape.ql.
[2025-01-18 21:28:37] [SPAMMY] resolve queries> Query Filter: Implicitly candidating /usr/local/codeql/qlpacks/codeql/javascript-queries/1.2.6/RegExp/RegExpAlwaysMatches.ql.
[2025-01-18 21:28:37] [SPAMMY] resolve queries> Query Filter: Implicitly candidating /usr/local/codeql/qlpacks/codeql/javascript-queries/1.2.6/RegExp/UnboundBackref.ql.
[2025-01-18 21:28:37] [SPAMMY] resolve queries> Query Filter: Implicitly candidating /usr/local/codeql/qlpacks/codeql/javascript-queries/1.2.6/RegExp/IdentityReplacement.ql.
[2025-01-18 21:28:37] [SPAMMY] resolve queries> Query Filter: Implicitly candidating /usr/local/codeql/qlpacks/codeql/javascript-queries/1.2.6/RegExp/UnmatchableCaret.ql.
[2025-01-18 21:28:37] [SPAMMY] resolve queries> Query Filter: Implicitly candidating /usr/local/codeql/qlpacks/codeql/javascript-queries/1.2.6/Expressions/DuplicateSwitchCase.ql.
[2025-01-18 21:28:37] [SPAMMY] resolve queries> Query Filter: Implicitly candidating /usr/local/codeql/qlpacks/codeql/javascript-queries/1.2.6/Expressions/UnboundEventHandlerReceiver.ql.
[2025-01-18 21:28:37] [SPAMMY] resolve queries> Query Filter: Implicitly candidating /usr/local/codeql/qlpacks/codeql/javascript-queries/1.2.6/Expressions/StringInsteadOfRegex.ql.
[2025-01-18 21:28:37] [SPAMMY] resolve queries> Query Filter: Implicitly candidating /usr/local/codeql/qlpacks/codeql/javascript-queries/1.2.6/Expressions/ExprHasNoEffect.ql.
[2025-01-18 21:28:37] [SPAMMY] resolve queries> Query Filter: Implicitly candidating /usr/local/codeql/qlpacks/codeql/javascript-queries/1.2.6/Expressions/MisspelledIdentifier.ql.
[2025-01-18 21:28:37] [SPAMMY] resolve queries> Query Filter: Implicitly candidating /usr/local/codeql/qlpacks/codeql/javascript-queries/1.2.6/Expressions/SuspiciousPropAccess.ql.
[2025-01-18 21:28:37] [SPAMMY] resolve queries> Query Filter: Implicitly candidating /usr/local/codeql/qlpacks/codeql/javascript-queries/1.2.6/Expressions/MissingDotLengthInComparison.ql.
[2025-01-18 21:28:37] [SPAMMY] resolve queries> Query Filter: Implicitly candidating /usr/local/codeql/qlpacks/codeql/javascript-queries/1.2.6/Expressions/DuplicateCondition.ql.
[2025-01-18 21:28:37] [SPAMMY] resolve queries> Query Filter: Implicitly candidating /usr/local/codeql/qlpacks/codeql/javascript-queries/1.2.6/Expressions/MissingAwait.ql.
[2025-01-18 21:28:37] [SPAMMY] resolve queries> Query Filter: Implicitly candidating /usr/local/codeql/qlpacks/codeql/javascript-queries/1.2.6/Expressions/MissingSpaceInAppend.ql.
[2025-01-18 21:28:37] [SPAMMY] resolve queries> Query Filter: Implicitly candidating /usr/local/codeql/qlpacks/codeql/javascript-queries/1.2.6/Expressions/MisspelledVariableName.ql.
[2025-01-18 21:28:37] [SPAMMY] resolve queries> Query Filter: Implicitly candidating /usr/local/codeql/qlpacks/codeql/javascript-queries/1.2.6/Expressions/RedundantExpression.ql.
[2025-01-18 21:28:37] [SPAMMY] resolve queries> Query Filter: Implicitly candidating /usr/local/codeql/qlpacks/codeql/javascript-queries/1.2.6/Expressions/CompareIdenticalValues.ql.
[2025-01-18 21:28:37] [SPAMMY] resolve queries> Query Filter: Implicitly candidating /usr/local/codeql/qlpacks/codeql/javascript-queries/1.2.6/Expressions/HeterogeneousComparison.ql.
[2025-01-18 21:28:37] [SPAMMY] resolve queries> Query Filter: Implicitly candidating /usr/local/codeql/qlpacks/codeql/javascript-queries/1.2.6/Expressions/ComparisonWithNaN.ql.
[2025-01-18 21:28:37] [SPAMMY] resolve queries> Query Filter: Implicitly candidating /usr/local/codeql/qlpacks/codeql/javascript-queries/1.2.6/Expressions/BitwiseSignCheck.ql.
[2025-01-18 21:28:37] [SPAMMY] resolve queries> Query Filter: Implicitly candidating /usr/local/codeql/qlpacks/codeql/javascript-queries/1.2.6/Expressions/ShiftOutOfRange.ql.
[2025-01-18 21:28:37] [SPAMMY] resolve queries> Query Filter: Implicitly candidating /usr/local/codeql/qlpacks/codeql/javascript-queries/1.2.6/Expressions/SuspiciousInvocation.ql.
[2025-01-18 21:28:37] [SPAMMY] resolve queries> Query Filter: Implicitly candidating /usr/local/codeql/qlpacks/codeql/javascript-queries/1.2.6/Expressions/UnneededDefensiveProgramming.ql.
[2025-01-18 21:28:37] [SPAMMY] resolve queries> Query Filter: Implicitly candidating /usr/local/codeql/qlpacks/codeql/javascript-queries/1.2.6/Expressions/WhitespaceContradictsPrecedence.ql.
[2025-01-18 21:28:37] [SPAMMY] resolve queries> Query Filter: Implicitly candidating /usr/local/codeql/qlpacks/codeql/javascript-queries/1.2.6/Expressions/UnknownDirective.ql.
[2025-01-18 21:28:37] [SPAMMY] resolve queries> Query Filter: Implicitly candidating /usr/local/codeql/qlpacks/codeql/javascript-queries/1.2.6/Expressions/ImplicitOperandConversion.ql.
[2025-01-18 21:28:37] [SPAMMY] resolve queries> Query Filter: Implicitly candidating /usr/local/codeql/qlpacks/codeql/javascript-queries/1.2.6/Expressions/SelfAssignment.ql.
[2025-01-18 21:28:37] [SPAMMY] resolve queries> Query Filter: Implicitly candidating /usr/local/codeql/qlpacks/codeql/javascript-queries/1.2.6/Expressions/UnclearOperatorPrecedence.ql.
[2025-01-18 21:28:37] [SPAMMY] resolve queries> Query Filter: Implicitly candidating /usr/local/codeql/qlpacks/codeql/javascript-queries/1.2.6/Expressions/DuplicateProperty.ql.
[2025-01-18 21:28:37] [SPAMMY] resolve queries> Query Filter: Implicitly candidating /usr/local/codeql/qlpacks/codeql/javascript-queries/1.2.6/Diagnostics/ExtractionErrors.ql.
[2025-01-18 21:28:37] [SPAMMY] resolve queries> Query Filter: Implicitly candidating /usr/local/codeql/qlpacks/codeql/javascript-queries/1.2.6/Diagnostics/ExtractedFiles.ql.
[2025-01-18 21:28:37] [SPAMMY] resolve queries> Query Filter: Implicitly candidating /usr/local/codeql/qlpacks/codeql/javascript-queries/1.2.6/Vue/ArrowMethodOnVueInstance.ql.
[2025-01-18 21:28:37] [SPAMMY] resolve queries> Query Filter: Implicitly candidating /usr/local/codeql/qlpacks/codeql/javascript-queries/1.2.6/DOM/MalformedIdAttribute.ql.
[2025-01-18 21:28:37] [SPAMMY] resolve queries> Query Filter: Implicitly candidating /usr/local/codeql/qlpacks/codeql/javascript-queries/1.2.6/DOM/ConflictingAttributes.ql.
[2025-01-18 21:28:37] [SPAMMY] resolve queries> Query Filter: Implicitly candidating /usr/local/codeql/qlpacks/codeql/javascript-queries/1.2.6/DOM/DuplicateAttributes.ql.
[2025-01-18 21:28:37] [SPAMMY] resolve queries> Query Filter: Implicitly candidating /usr/local/codeql/qlpacks/codeql/javascript-queries/1.2.6/DOM/TargetBlank.ql.
[2025-01-18 21:28:37] [SPAMMY] resolve queries> Query Filter: Implicitly candidating /usr/local/codeql/qlpacks/codeql/javascript-queries/1.2.6/DOM/AmbiguousIdAttribute.ql.
[2025-01-18 21:28:37] [SPAMMY] resolve queries> Query Filter: Implicitly candidating /usr/local/codeql/qlpacks/codeql/javascript-queries/1.2.6/DOM/Alert.ql.
[2025-01-18 21:28:37] [SPAMMY] resolve queries> Query Filter: Implicitly candidating /usr/local/codeql/qlpacks/codeql/javascript-queries/1.2.6/DOM/PseudoEval.ql.
[2025-01-18 21:28:37] [SPAMMY] resolve queries> Query Filter: Implicitly candidating /usr/local/codeql/qlpacks/codeql/javascript-queries/1.2.6/meta/alerts/TaintSinks.ql.
[2025-01-18 21:28:37] [SPAMMY] resolve queries> Query Filter: Implicitly candidating /usr/local/codeql/qlpacks/codeql/javascript-queries/1.2.6/meta/alerts/TaintSources.ql.
[2025-01-18 21:28:37] [SPAMMY] resolve queries> Query Filter: Implicitly candidating /usr/local/codeql/qlpacks/codeql/javascript-queries/1.2.6/meta/alerts/LibraryInputs.ql.
[2025-01-18 21:28:37] [SPAMMY] resolve queries> Query Filter: Implicitly candidating /usr/local/codeql/qlpacks/codeql/javascript-queries/1.2.6/meta/alerts/ImportGraph.ql.
[2025-01-18 21:28:37] [SPAMMY] resolve queries> Query Filter: Implicitly candidating /usr/local/codeql/qlpacks/codeql/javascript-queries/1.2.6/meta/alerts/TaintedNodes.ql.
[2025-01-18 21:28:37] [SPAMMY] resolve queries> Query Filter: Implicitly candidating /usr/local/codeql/qlpacks/codeql/javascript-queries/1.2.6/meta/alerts/CallGraph.ql.
[2025-01-18 21:28:37] [SPAMMY] resolve queries> Query Filter: Implicitly candidating /usr/local/codeql/qlpacks/codeql/javascript-queries/1.2.6/meta/extraction-metrics/FileData.ql.
[2025-01-18 21:28:37] [SPAMMY] resolve queries> Query Filter: Implicitly candidating /usr/local/codeql/qlpacks/codeql/javascript-queries/1.2.6/meta/extraction-metrics/MissingMetrics.ql.
[2025-01-18 21:28:37] [SPAMMY] resolve queries> Query Filter: Implicitly candidating /usr/local/codeql/qlpacks/codeql/javascript-queries/1.2.6/meta/extraction-metrics/PhaseTimings.ql.
[2025-01-18 21:28:37] [SPAMMY] resolve queries> Query Filter: Implicitly candidating /usr/local/codeql/qlpacks/codeql/javascript-queries/1.2.6/meta/SSA/NoDefs.ql.
[2025-01-18 21:28:37] [SPAMMY] resolve queries> Query Filter: Implicitly candidating /usr/local/codeql/qlpacks/codeql/javascript-queries/1.2.6/meta/SSA/DeadDef.ql.
[2025-01-18 21:28:37] [SPAMMY] resolve queries> Query Filter: Implicitly candidating /usr/local/codeql/qlpacks/codeql/javascript-queries/1.2.6/meta/SSA/MultipleRefinementInputs.ql.
[2025-01-18 21:28:37] [SPAMMY] resolve queries> Query Filter: Implicitly candidating /usr/local/codeql/qlpacks/codeql/javascript-queries/1.2.6/meta/SSA/Dominance.ql.
[2025-01-18 21:28:37] [SPAMMY] resolve queries> Query Filter: Implicitly candidating /usr/local/codeql/qlpacks/codeql/javascript-queries/1.2.6/meta/SSA/MultipleDefs.ql.
[2025-01-18 21:28:37] [SPAMMY] resolve queries> Query Filter: Implicitly candidating /usr/local/codeql/qlpacks/codeql/javascript-queries/1.2.6/meta/SSA/SinglePhiInput.ql.
[2025-01-18 21:28:37] [SPAMMY] resolve queries> Query Filter: Implicitly candidating /usr/local/codeql/qlpacks/codeql/javascript-queries/1.2.6/meta/SSA/NoRefinementInputs.ql.
[2025-01-18 21:28:37] [SPAMMY] resolve queries> Query Filter: Implicitly candidating /usr/local/codeql/qlpacks/codeql/javascript-queries/1.2.6/meta/SSA/NoPhiInputs.ql.
[2025-01-18 21:28:37] [SPAMMY] resolve queries> Query Filter: Implicitly candidating /usr/local/codeql/qlpacks/codeql/javascript-queries/1.2.6/meta/analysis-quality/ResolvableCallCandidates.ql.
[2025-01-18 21:28:37] [SPAMMY] resolve queries> Query Filter: Implicitly candidating /usr/local/codeql/qlpacks/codeql/javascript-queries/1.2.6/meta/analysis-quality/UnpromotedRouteHandlerCandidate.ql.
[2025-01-18 21:28:37] [SPAMMY] resolve queries> Query Filter: Implicitly candidating /usr/local/codeql/qlpacks/codeql/javascript-queries/1.2.6/meta/analysis-quality/SanitizersReachableFromSource.ql.
[2025-01-18 21:28:37] [SPAMMY] resolve queries> Query Filter: Implicitly candidating /usr/local/codeql/qlpacks/codeql/javascript-queries/1.2.6/meta/analysis-quality/CalledFunctionRatio.ql.
[2025-01-18 21:28:37] [SPAMMY] resolve queries> Query Filter: Implicitly candidating /usr/local/codeql/qlpacks/codeql/javascript-queries/1.2.6/meta/analysis-quality/ResolvableCalls.ql.
[2025-01-18 21:28:37] [SPAMMY] resolve queries> Query Filter: Implicitly candidating /usr/local/codeql/qlpacks/codeql/javascript-queries/1.2.6/meta/analysis-quality/TaintSinks.ql.
[2025-01-18 21:28:37] [SPAMMY] resolve queries> Query Filter: Implicitly candidating /usr/local/codeql/qlpacks/codeql/javascript-queries/1.2.6/meta/analysis-quality/UnresolvableImports.ql.
[2025-01-18 21:28:37] [SPAMMY] resolve queries> Query Filter: Implicitly candidating /usr/local/codeql/qlpacks/codeql/javascript-queries/1.2.6/meta/analysis-quality/TaintSources.ql.
[2025-01-18 21:28:37] [SPAMMY] resolve queries> Query Filter: Implicitly candidating /usr/local/codeql/qlpacks/codeql/javascript-queries/1.2.6/meta/analysis-quality/RouteHandlers.ql.
[2025-01-18 21:28:37] [SPAMMY] resolve queries> Query Filter: Implicitly candidating /usr/local/codeql/qlpacks/codeql/javascript-queries/1.2.6/meta/analysis-quality/SinksReachableFromSanitizer.ql.
[2025-01-18 21:28:37] [SPAMMY] resolve queries> Query Filter: Implicitly candidating /usr/local/codeql/qlpacks/codeql/javascript-queries/1.2.6/meta/analysis-quality/NumModules.ql.
[2025-01-18 21:28:37] [SPAMMY] resolve queries> Query Filter: Implicitly candidating /usr/local/codeql/qlpacks/codeql/javascript-queries/1.2.6/meta/analysis-quality/ResolvableImports.ql.
[2025-01-18 21:28:37] [SPAMMY] resolve queries> Query Filter: Implicitly candidating /usr/local/codeql/qlpacks/codeql/javascript-queries/1.2.6/meta/analysis-quality/CalledFunctionCandidates.ql.
[2025-01-18 21:28:37] [SPAMMY] resolve queries> Query Filter: Implicitly candidating /usr/local/codeql/qlpacks/codeql/javascript-queries/1.2.6/meta/analysis-quality/UncalledFunctions.ql.
[2025-01-18 21:28:37] [SPAMMY] resolve queries> Query Filter: Implicitly candidating /usr/local/codeql/qlpacks/codeql/javascript-queries/1.2.6/meta/analysis-quality/UnmodelledSteps.ql.
[2025-01-18 21:28:37] [SPAMMY] resolve queries> Query Filter: Implicitly candidating /usr/local/codeql/qlpacks/codeql/javascript-queries/1.2.6/meta/analysis-quality/CalledFunctions.ql.
[2025-01-18 21:28:37] [SPAMMY] resolve queries> Query Filter: Implicitly candidating /usr/local/codeql/qlpacks/codeql/javascript-queries/1.2.6/meta/analysis-quality/UnresolvableCalls.ql.
[2025-01-18 21:28:37] [SPAMMY] resolve queries> Query Filter: Implicitly candidating /usr/local/codeql/qlpacks/codeql/javascript-queries/1.2.6/meta/analysis-quality/ResolvableCallRatio.ql.
[2025-01-18 21:28:37] [SPAMMY] resolve queries> Query Filter: Implicitly candidating /usr/local/codeql/qlpacks/codeql/javascript-queries/1.2.6/meta/analysis-quality/UnpromotedRouteSetupCandidate.ql.
[2025-01-18 21:28:37] [SPAMMY] resolve queries> Query Filter: Implicitly candidating /usr/local/codeql/qlpacks/codeql/javascript-queries/1.2.6/meta/analysis-quality/DomValueRefs.ql.
[2025-01-18 21:28:37] [SPAMMY] resolve queries> Query Filter: Implicitly candidating /usr/local/codeql/qlpacks/codeql/javascript-queries/1.2.6/meta/analysis-quality/TaintSteps.ql.
[2025-01-18 21:28:37] [SPAMMY] resolve queries> Query Filter: Implicitly candidating /usr/local/codeql/qlpacks/codeql/javascript-queries/1.2.6/meta/analysis-quality/TaintedNodes.ql.
[2025-01-18 21:28:37] [SPAMMY] resolve queries> Query Filter: Implicitly candidating /usr/local/codeql/qlpacks/codeql/javascript-queries/1.2.6/meta/Consistency.ql.
[2025-01-18 21:28:37] [SPAMMY] resolve queries> Query Filter: Implicitly candidating /usr/local/codeql/qlpacks/codeql/javascript-queries/1.2.6/meta/types/TypesWithQualifiedName.ql.
[2025-01-18 21:28:37] [SPAMMY] resolve queries> Query Filter: Implicitly candidating /usr/local/codeql/qlpacks/codeql/javascript-queries/1.2.6/meta/types/TypedExprs.ql.
[2025-01-18 21:28:37] [SPAMMY] resolve queries> Query Filter: Implicitly candidating /usr/local/codeql/qlpacks/codeql/javascript-queries/1.2.6/meta/ApiGraphs/ApiGraphRhsNodes.ql.
[2025-01-18 21:28:37] [SPAMMY] resolve queries> Query Filter: Implicitly candidating /usr/local/codeql/qlpacks/codeql/javascript-queries/1.2.6/meta/ApiGraphs/ApiGraphPointsToEdges.ql.
[2025-01-18 21:28:37] [SPAMMY] resolve queries> Query Filter: Implicitly candidating /usr/local/codeql/qlpacks/codeql/javascript-queries/1.2.6/meta/ApiGraphs/ApiGraphUseNodes.ql.
[2025-01-18 21:28:37] [SPAMMY] resolve queries> Query Filter: Implicitly candidating /usr/local/codeql/qlpacks/codeql/javascript-queries/1.2.6/meta/ApiGraphs/ApiGraphNodes.ql.
[2025-01-18 21:28:37] [SPAMMY] resolve queries> Query Filter: Implicitly candidating /usr/local/codeql/qlpacks/codeql/javascript-queries/1.2.6/meta/ApiGraphs/ApiGraphEdges.ql.
[2025-01-18 21:28:37] [SPAMMY] resolve queries> Query Filter: Implicitly candidating /usr/local/codeql/qlpacks/codeql/javascript-queries/1.2.6/JSDoc/JSDocForNonExistentParameter.ql.
[2025-01-18 21:28:37] [SPAMMY] resolve queries> Query Filter: Implicitly candidating /usr/local/codeql/qlpacks/codeql/javascript-queries/1.2.6/JSDoc/UndocumentedParameter.ql.
[2025-01-18 21:28:37] [SPAMMY] resolve queries> Query Filter: Implicitly candidating /usr/local/codeql/qlpacks/codeql/javascript-queries/1.2.6/JSDoc/BadParamTag.ql.
[2025-01-18 21:28:37] [SPAMMY] resolve queries> Query Filter: Implicitly candidating /usr/local/codeql/qlpacks/codeql/javascript-queries/1.2.6/NodeJS/UnresolvableImport.ql.
[2025-01-18 21:28:37] [SPAMMY] resolve queries> Query Filter: Implicitly candidating /usr/local/codeql/qlpacks/codeql/javascript-queries/1.2.6/NodeJS/CyclicImport.ql.
[2025-01-18 21:28:37] [SPAMMY] resolve queries> Query Filter: Implicitly candidating /usr/local/codeql/qlpacks/codeql/javascript-queries/1.2.6/NodeJS/InvalidExport.ql.
[2025-01-18 21:28:37] [SPAMMY] resolve queries> Query Filter: Implicitly candidating /usr/local/codeql/qlpacks/codeql/javascript-queries/1.2.6/NodeJS/UnusedDependency.ql.
[2025-01-18 21:28:37] [SPAMMY] resolve queries> Query Filter: Implicitly candidating /usr/local/codeql/qlpacks/codeql/javascript-queries/1.2.6/NodeJS/MissingExports.ql.
[2025-01-18 21:28:37] [SPAMMY] resolve queries> Query Filter: Implicitly candidating /usr/local/codeql/qlpacks/codeql/javascript-queries/1.2.6/NodeJS/DubiousImport.ql.
[2025-01-18 21:28:37] [SPAMMY] resolve queries> Query Filter: Implicitly candidating /usr/local/codeql/qlpacks/codeql/javascript-queries/1.2.6/Summary/LinesOfCode.ql.
[2025-01-18 21:28:37] [SPAMMY] resolve queries> Query Filter: Implicitly candidating /usr/local/codeql/qlpacks/codeql/javascript-queries/1.2.6/Summary/TaintSinks.ql.
[2025-01-18 21:28:37] [SPAMMY] resolve queries> Query Filter: Implicitly candidating /usr/local/codeql/qlpacks/codeql/javascript-queries/1.2.6/Summary/TaintSources.ql.
[2025-01-18 21:28:37] [SPAMMY] resolve queries> Query Filter: Implicitly candidating /usr/local/codeql/qlpacks/codeql/javascript-queries/1.2.6/Summary/LinesOfUserCode.ql.
[2025-01-18 21:28:37] [SPAMMY] resolve queries> Query Filter: Implicitly candidating /usr/local/codeql/qlpacks/codeql/javascript-queries/1.2.6/definitions.ql.
[2025-01-18 21:28:37] [SPAMMY] resolve queries> Query Filter: Implicitly candidating /usr/local/codeql/qlpacks/codeql/javascript-queries/1.2.6/external/SimilarFunction.ql.
[2025-01-18 21:28:37] [SPAMMY] resolve queries> Query Filter: Implicitly candidating /usr/local/codeql/qlpacks/codeql/javascript-queries/1.2.6/external/SimilarToplevel.ql.
[2025-01-18 21:28:37] [SPAMMY] resolve queries> Query Filter: Implicitly candidating /usr/local/codeql/qlpacks/codeql/javascript-queries/1.2.6/external/DuplicateFunction.ql.
[2025-01-18 21:28:37] [SPAMMY] resolve queries> Query Filter: Implicitly candidating /usr/local/codeql/qlpacks/codeql/javascript-queries/1.2.6/external/DuplicateToplevel.ql.
[2025-01-18 21:28:37] [SPAMMY] resolve queries> Query Filter: Implicitly candidating /usr/local/codeql/qlpacks/codeql/javascript-queries/1.2.6/Metrics/FLinesOfComment.ql.
[2025-01-18 21:28:37] [SPAMMY] resolve queries> Query Filter: Implicitly candidating /usr/local/codeql/qlpacks/codeql/javascript-queries/1.2.6/Metrics/FUseOfES6.ql.
[2025-01-18 21:28:37] [SPAMMY] resolve queries> Query Filter: Implicitly candidating /usr/local/codeql/qlpacks/codeql/javascript-queries/1.2.6/Metrics/FunLinesOfCode.ql.
[2025-01-18 21:28:37] [SPAMMY] resolve queries> Query Filter: Implicitly candidating /usr/local/codeql/qlpacks/codeql/javascript-queries/1.2.6/Metrics/FLinesOfCode.ql.
[2025-01-18 21:28:37] [SPAMMY] resolve queries> Query Filter: Implicitly candidating /usr/local/codeql/qlpacks/codeql/javascript-queries/1.2.6/Metrics/FLinesOfSimilarCode.ql.
[2025-01-18 21:28:37] [SPAMMY] resolve queries> Query Filter: Implicitly candidating /usr/local/codeql/qlpacks/codeql/javascript-queries/1.2.6/Metrics/FunCyclomaticComplexity.ql.
[2025-01-18 21:28:37] [SPAMMY] resolve queries> Query Filter: Implicitly candidating /usr/local/codeql/qlpacks/codeql/javascript-queries/1.2.6/Metrics/FLines.ql.
[2025-01-18 21:28:37] [SPAMMY] resolve queries> Query Filter: Implicitly candidating /usr/local/codeql/qlpacks/codeql/javascript-queries/1.2.6/Metrics/FCommentRatio.ql.
[2025-01-18 21:28:37] [SPAMMY] resolve queries> Query Filter: Implicitly candidating /usr/local/codeql/qlpacks/codeql/javascript-queries/1.2.6/Metrics/Dependencies/ExternalDependencies.ql.
[2025-01-18 21:28:37] [SPAMMY] resolve queries> Query Filter: Implicitly candidating /usr/local/codeql/qlpacks/codeql/javascript-queries/1.2.6/Metrics/Dependencies/ExternalDependenciesSourceLinks.ql.
[2025-01-18 21:28:37] [SPAMMY] resolve queries> Query Filter: Implicitly candidating /usr/local/codeql/qlpacks/codeql/javascript-queries/1.2.6/Metrics/FNumberOfStatements.ql.
[2025-01-18 21:28:37] [SPAMMY] resolve queries> Query Filter: Implicitly candidating /usr/local/codeql/qlpacks/codeql/javascript-queries/1.2.6/Metrics/FNumberOfTests.ql.
[2025-01-18 21:28:37] [SPAMMY] resolve queries> Query Filter: Implicitly candidating /usr/local/codeql/qlpacks/codeql/javascript-queries/1.2.6/Metrics/FLinesOfDuplicatedCode.ql.
[2025-01-18 21:28:37] [SPAMMY] resolve queries> Query Filter: Implicitly candidating /usr/local/codeql/qlpacks/codeql/javascript-queries/1.2.6/Metrics/FFunctions.ql.
[2025-01-18 21:28:37] [SPAMMY] resolve queries> Query Filter: Implicitly candidating /usr/local/codeql/qlpacks/codeql/javascript-queries/1.2.6/Metrics/FCyclomaticComplexity.ql.
[2025-01-18 21:28:37] [SPAMMY] resolve queries> Query Filter: Implicitly candidating /usr/local/codeql/qlpacks/codeql/javascript-queries/1.2.6/AngularJS/DeadAngularJSEventListener.ql.
[2025-01-18 21:28:37] [SPAMMY] resolve queries> Query Filter: Implicitly candidating /usr/local/codeql/qlpacks/codeql/javascript-queries/1.2.6/AngularJS/DoubleCompilation.ql.
[2025-01-18 21:28:37] [SPAMMY] resolve queries> Query Filter: Implicitly candidating /usr/local/codeql/qlpacks/codeql/javascript-queries/1.2.6/AngularJS/MissingExplicitInjection.ql.
[2025-01-18 21:28:37] [SPAMMY] resolve queries> Query Filter: Implicitly candidating /usr/local/codeql/qlpacks/codeql/javascript-queries/1.2.6/AngularJS/UseNgSrc.ql.
[2025-01-18 21:28:37] [SPAMMY] resolve queries> Query Filter: Implicitly candidating /usr/local/codeql/qlpacks/codeql/javascript-queries/1.2.6/AngularJS/DisablingSce.ql.
[2025-01-18 21:28:37] [SPAMMY] resolve queries> Query Filter: Implicitly candidating /usr/local/codeql/qlpacks/codeql/javascript-queries/1.2.6/AngularJS/IncompatibleService.ql.
[2025-01-18 21:28:37] [SPAMMY] resolve queries> Query Filter: Implicitly candidating /usr/local/codeql/qlpacks/codeql/javascript-queries/1.2.6/AngularJS/RepeatedInjection.ql.
[2025-01-18 21:28:37] [SPAMMY] resolve queries> Query Filter: Implicitly candidating /usr/local/codeql/qlpacks/codeql/javascript-queries/1.2.6/AngularJS/InsecureUrlWhitelist.ql.
[2025-01-18 21:28:37] [SPAMMY] resolve queries> Query Filter: Implicitly candidating /usr/local/codeql/qlpacks/codeql/javascript-queries/1.2.6/AngularJS/DependencyMismatch.ql.
[2025-01-18 21:28:37] [SPAMMY] resolve queries> Query Filter: Implicitly candidating /usr/local/codeql/qlpacks/codeql/javascript-queries/1.2.6/AngularJS/UnusedAngularDependency.ql.
[2025-01-18 21:28:37] [SPAMMY] resolve queries> Query Filter: Implicitly candidating /usr/local/codeql/qlpacks/codeql/javascript-queries/1.2.6/AngularJS/DuplicateDependency.ql.
[2025-01-18 21:28:37] [SPAMMY] resolve queries> Query Filter: Implicitly candidating /usr/local/codeql/qlpacks/codeql/javascript-queries/1.2.6/Comments/CommentedOutCode.ql.
[2025-01-18 21:28:37] [SPAMMY] resolve queries> Query Filter: Implicitly candidating /usr/local/codeql/qlpacks/codeql/javascript-queries/1.2.6/Comments/FCommentedOutCode.ql.
[2025-01-18 21:28:37] [SPAMMY] resolve queries> Query Filter: Implicitly candidating /usr/local/codeql/qlpacks/codeql/javascript-queries/1.2.6/Comments/TodoComments.ql.
[2025-01-18 21:28:37] [SPAMMY] resolve queries> Query Filter: Implicitly candidating /usr/local/codeql/qlpacks/codeql/javascript-queries/1.2.6/Declarations/UniqueParameterNames.ql.
[2025-01-18 21:28:37] [SPAMMY] resolve queries> Query Filter: Implicitly candidating /usr/local/codeql/qlpacks/codeql/javascript-queries/1.2.6/Declarations/MissingThisQualifier.ql.
[2025-01-18 21:28:37] [SPAMMY] resolve queries> Query Filter: Implicitly candidating /usr/local/codeql/qlpacks/codeql/javascript-queries/1.2.6/Declarations/UnusedParameter.ql.
[2025-01-18 21:28:37] [SPAMMY] resolve queries> Query Filter: Implicitly candidating /usr/local/codeql/qlpacks/codeql/javascript-queries/1.2.6/Declarations/UnusedVariable.ql.
[2025-01-18 21:28:37] [SPAMMY] resolve queries> Query Filter: Implicitly candidating /usr/local/codeql/qlpacks/codeql/javascript-queries/1.2.6/Declarations/ArgumentsRedefined.ql.
[2025-01-18 21:28:37] [SPAMMY] resolve queries> Query Filter: Implicitly candidating /usr/local/codeql/qlpacks/codeql/javascript-queries/1.2.6/Declarations/MissingVarDecl.ql.
[2025-01-18 21:28:37] [SPAMMY] resolve queries> Query Filter: Implicitly candidating /usr/local/codeql/qlpacks/codeql/javascript-queries/1.2.6/Declarations/SuspiciousMethodNameDeclaration.ql.
[2025-01-18 21:28:37] [SPAMMY] resolve queries> Query Filter: Implicitly candidating /usr/local/codeql/qlpacks/codeql/javascript-queries/1.2.6/Declarations/UniquePropertyNames.ql.
[2025-01-18 21:28:37] [SPAMMY] resolve queries> Query Filter: Implicitly candidating /usr/local/codeql/qlpacks/codeql/javascript-queries/1.2.6/Declarations/IneffectiveParameterType.ql.
[2025-01-18 21:28:37] [SPAMMY] resolve queries> Query Filter: Implicitly candidating /usr/local/codeql/qlpacks/codeql/javascript-queries/1.2.6/Declarations/DuplicateVarDecl.ql.
[2025-01-18 21:28:37] [SPAMMY] resolve queries> Query Filter: Implicitly candidating /usr/local/codeql/qlpacks/codeql/javascript-queries/1.2.6/Declarations/DeclBeforeUse.ql.
[2025-01-18 21:28:37] [SPAMMY] resolve queries> Query Filter: Implicitly candidating /usr/local/codeql/qlpacks/codeql/javascript-queries/1.2.6/Declarations/TemporalDeadZone.ql.
[2025-01-18 21:28:37] [SPAMMY] resolve queries> Query Filter: Implicitly candidating /usr/local/codeql/qlpacks/codeql/javascript-queries/1.2.6/Declarations/TooManyParameters.ql.
[2025-01-18 21:28:37] [SPAMMY] resolve queries> Query Filter: Implicitly candidating /usr/local/codeql/qlpacks/codeql/javascript-queries/1.2.6/Declarations/UnreachableMethodOverloads.ql.
[2025-01-18 21:28:37] [SPAMMY] resolve queries> Query Filter: Implicitly candidating /usr/local/codeql/qlpacks/codeql/javascript-queries/1.2.6/Declarations/RedeclaredVariable.ql.
[2025-01-18 21:28:37] [SPAMMY] resolve queries> Query Filter: Implicitly candidating /usr/local/codeql/qlpacks/codeql/javascript-queries/1.2.6/Declarations/DeadStoreOfGlobal.ql.
[2025-01-18 21:28:37] [SPAMMY] resolve queries> Query Filter: Implicitly candidating /usr/local/codeql/qlpacks/codeql/javascript-queries/1.2.6/Declarations/ClobberingVarInit.ql.
[2025-01-18 21:28:37] [SPAMMY] resolve queries> Query Filter: Implicitly candidating /usr/local/codeql/qlpacks/codeql/javascript-queries/1.2.6/Declarations/UnstableCyclicImport.ql.
[2025-01-18 21:28:37] [SPAMMY] resolve queries> Query Filter: Implicitly candidating /usr/local/codeql/qlpacks/codeql/javascript-queries/1.2.6/Declarations/UnusedProperty.ql.
[2025-01-18 21:28:37] [SPAMMY] resolve queries> Query Filter: Implicitly candidating /usr/local/codeql/qlpacks/codeql/javascript-queries/1.2.6/Declarations/DefaultArgumentReferencesNestedFunction.ql.
[2025-01-18 21:28:37] [SPAMMY] resolve queries> Query Filter: Implicitly candidating /usr/local/codeql/qlpacks/codeql/javascript-queries/1.2.6/Declarations/DeadStoreOfProperty.ql.
[2025-01-18 21:28:37] [SPAMMY] resolve queries> Query Filter: Implicitly candidating /usr/local/codeql/qlpacks/codeql/javascript-queries/1.2.6/Declarations/AssignmentToConst.ql.
[2025-01-18 21:28:37] [SPAMMY] resolve queries> Query Filter: Implicitly candidating /usr/local/codeql/qlpacks/codeql/javascript-queries/1.2.6/Declarations/MixedStaticInstanceThisAccess.ql.
[2025-01-18 21:28:37] [SPAMMY] resolve queries> Query Filter: Implicitly candidating /usr/local/codeql/qlpacks/codeql/javascript-queries/1.2.6/Declarations/ConflictingFunctions.ql.
[2025-01-18 21:28:37] [SPAMMY] resolve queries> Query Filter: Implicitly candidating /usr/local/codeql/qlpacks/codeql/javascript-queries/1.2.6/Declarations/DeadStoreOfLocal.ql.
[2025-01-18 21:28:37] [SPAMMY] resolve queries> Query Filter: Implicitly candidating /usr/local/codeql/qlpacks/codeql/javascript-queries/1.2.6/Performance/ReDoS.ql.
[2025-01-18 21:28:37] [SPAMMY] resolve queries> Query Filter: Implicitly candidating /usr/local/codeql/qlpacks/codeql/javascript-queries/1.2.6/Performance/NonLocalForIn.ql.
[2025-01-18 21:28:37] [SPAMMY] resolve queries> Query Filter: Implicitly candidating /usr/local/codeql/qlpacks/codeql/javascript-queries/1.2.6/Performance/PolynomialReDoS.ql.
[2025-01-18 21:28:37] [SPAMMY] resolve queries> Query Filter: Implicitly candidating /usr/local/codeql/qlpacks/codeql/javascript-queries/1.2.6/Performance/ReassignParameterAndUseArguments.ql.
[2025-01-18 21:28:37] [SPAMMY] resolve queries> Query Filter: Implicitly candidating /usr/local/codeql/qlpacks/codeql/javascript-queries/1.2.6/Electron/EnablingNodeIntegration.ql.
[2025-01-18 21:28:37] [SPAMMY] resolve queries> Query Filter: Implicitly candidating /usr/local/codeql/qlpacks/codeql/javascript-queries/1.2.6/Electron/AllowRunningInsecureContent.ql.
[2025-01-18 21:28:37] [SPAMMY] resolve queries> Query Filter: Implicitly candidating /usr/local/codeql/qlpacks/codeql/javascript-queries/1.2.6/Electron/DisablingWebSecurity.ql.
[2025-01-18 21:28:37] [SPAMMY] resolve queries> Query Filter: Implicitly candidating /usr/local/codeql/qlpacks/codeql/javascript-queries/1.2.6/Statements/DanglingElse.ql.
[2025-01-18 21:28:37] [SPAMMY] resolve queries> Query Filter: Implicitly candidating /usr/local/codeql/qlpacks/codeql/javascript-queries/1.2.6/Statements/MisleadingIndentationAfterControlStmt.ql.
[2025-01-18 21:28:37] [SPAMMY] resolve queries> Query Filter: Implicitly candidating /usr/local/codeql/qlpacks/codeql/javascript-queries/1.2.6/Statements/SuspiciousUnusedLoopIterationVariable.ql.
[2025-01-18 21:28:37] [SPAMMY] resolve queries> Query Filter: Implicitly candidating /usr/local/codeql/qlpacks/codeql/javascript-queries/1.2.6/Statements/LoopIterationSkippedDueToShifting.ql.
[2025-01-18 21:28:37] [SPAMMY] resolve queries> Query Filter: Implicitly candidating /usr/local/codeql/qlpacks/codeql/javascript-queries/1.2.6/Statements/InconsistentReturn.ql.
[2025-01-18 21:28:37] [SPAMMY] resolve queries> Query Filter: Implicitly candidating /usr/local/codeql/qlpacks/codeql/javascript-queries/1.2.6/Statements/UnreachableStatement.ql.
[2025-01-18 21:28:37] [SPAMMY] resolve queries> Query Filter: Implicitly candidating /usr/local/codeql/qlpacks/codeql/javascript-queries/1.2.6/Statements/UselessConditional.ql.
[2025-01-18 21:28:37] [SPAMMY] resolve queries> Query Filter: Implicitly candidating /usr/local/codeql/qlpacks/codeql/javascript-queries/1.2.6/Statements/UseOfReturnlessFunction.ql.
[2025-01-18 21:28:37] [SPAMMY] resolve queries> Query Filter: Implicitly candidating /usr/local/codeql/qlpacks/codeql/javascript-queries/1.2.6/Statements/EphemeralLoop.ql.
[2025-01-18 21:28:37] [SPAMMY] resolve queries> Query Filter: Implicitly candidating /usr/local/codeql/qlpacks/codeql/javascript-queries/1.2.6/Statements/ReturnOutsideFunction.ql.
[2025-01-18 21:28:37] [SPAMMY] resolve queries> Query Filter: Implicitly candidating /usr/local/codeql/qlpacks/codeql/javascript-queries/1.2.6/Statements/UselessComparisonTest.ql.
[2025-01-18 21:28:37] [SPAMMY] resolve queries> Query Filter: Implicitly candidating /usr/local/codeql/qlpacks/codeql/javascript-queries/1.2.6/Statements/InconsistentLoopOrientation.ql.
[2025-01-18 21:28:37] [SPAMMY] resolve queries> Query Filter: Implicitly candidating /usr/local/codeql/qlpacks/codeql/javascript-queries/1.2.6/Statements/NestedLoopsSameVariable.ql.
[2025-01-18 21:28:37] [SPAMMY] resolve queries> Query Filter: Implicitly candidating /usr/local/codeql/qlpacks/codeql/javascript-queries/1.2.6/Statements/LabelInCase.ql.
[2025-01-18 21:28:37] [SPAMMY] resolve queries> Query Filter: Implicitly candidating /usr/local/codeql/qlpacks/codeql/javascript-queries/1.2.6/Statements/ReturnAssignsLocal.ql.
[2025-01-18 21:28:37] [SPAMMY] resolve queries> Query Filter: Implicitly candidating /usr/local/codeql/qlpacks/codeql/javascript-queries/1.2.6/Statements/ImplicitReturn.ql.
[2025-01-18 21:28:37] [SPAMMY] resolve queries> Query Filter: Implicitly candidating /usr/local/codeql/qlpacks/codeql/javascript-queries/1.2.6/Statements/IgnoreArrayResult.ql.
[2025-01-18 21:28:37] [SPAMMY] resolve queries> Query Filter: Implicitly candidating /usr/local/codeql/qlpacks/codeql/javascript-queries/1.2.6/React/UnsupportedStateUpdateInLifecycleMethod.ql.
[2025-01-18 21:28:37] [SPAMMY] resolve queries> Query Filter: Implicitly candidating /usr/local/codeql/qlpacks/codeql/javascript-queries/1.2.6/React/UnusedOrUndefinedStateProperty.ql.
[2025-01-18 21:28:37] [SPAMMY] resolve queries> Query Filter: Implicitly candidating /usr/local/codeql/qlpacks/codeql/javascript-queries/1.2.6/React/DirectStateMutation.ql.
[2025-01-18 21:28:37] [SPAMMY] resolve queries> Query Filter: Implicitly candidating /usr/local/codeql/qlpacks/codeql/javascript-queries/1.2.6/React/InconsistentStateUpdate.ql.
[2025-01-18 21:28:37] [SPAMMY] resolve queries> Query Filter: Implicitly candidating /usr/local/codeql/qlpacks/codeql/javascript-queries/1.2.6/LanguageFeatures/TemplateSyntaxInStringLiteral.ql.
[2025-01-18 21:28:37] [SPAMMY] resolve queries> Query Filter: Implicitly candidating /usr/local/codeql/qlpacks/codeql/javascript-queries/1.2.6/LanguageFeatures/JumpFromFinally.ql.
[2025-01-18 21:28:37] [SPAMMY] resolve queries> Query Filter: Implicitly candidating /usr/local/codeql/qlpacks/codeql/javascript-queries/1.2.6/LanguageFeatures/SpuriousArguments.ql.
[2025-01-18 21:28:37] [SPAMMY] resolve queries> Query Filter: Implicitly candidating /usr/local/codeql/qlpacks/codeql/javascript-queries/1.2.6/LanguageFeatures/SetterReturn.ql.
[2025-01-18 21:28:37] [SPAMMY] resolve queries> Query Filter: Implicitly candidating /usr/local/codeql/qlpacks/codeql/javascript-queries/1.2.6/LanguageFeatures/DeleteVar.ql.
[2025-01-18 21:28:37] [SPAMMY] resolve queries> Query Filter: Implicitly candidating /usr/local/codeql/qlpacks/codeql/javascript-queries/1.2.6/LanguageFeatures/BadTypeof.ql.
[2025-01-18 21:28:37] [SPAMMY] resolve queries> Query Filter: Implicitly candidating /usr/local/codeql/qlpacks/codeql/javascript-queries/1.2.6/LanguageFeatures/InconsistentNew.ql.
[2025-01-18 21:28:37] [SPAMMY] resolve queries> Query Filter: Implicitly candidating /usr/local/codeql/qlpacks/codeql/javascript-queries/1.2.6/LanguageFeatures/WrongExtensionJSON.ql.
[2025-01-18 21:28:37] [SPAMMY] resolve queries> Query Filter: Implicitly candidating /usr/local/codeql/qlpacks/codeql/javascript-queries/1.2.6/Security/CWE-807/ConditionalBypass.ql.
[2025-01-18 21:28:37] [SPAMMY] resolve queries> Query Filter: Implicitly candidating /usr/local/codeql/qlpacks/codeql/javascript-queries/1.2.6/Security/CWE-312/CleartextLogging.ql.
[2025-01-18 21:28:37] [SPAMMY] resolve queries> Query Filter: Including by constraints kind=problem|path-problem|alert|path-alert; precision=high|very-high; problem.severity=error|warning; tags contain=security.
[2025-01-18 21:28:37] [SPAMMY] resolve queries> Query Filter: Including /usr/local/codeql/qlpacks/codeql/javascript-queries/1.2.6/experimental/heuristics/ql/src/Security/CWE-770/ResourceExhaustion.ql.
[2025-01-18 21:28:37] [SPAMMY] resolve queries> Query Filter: Including /usr/local/codeql/qlpacks/codeql/javascript-queries/1.2.6/experimental/heuristics/ql/src/Security/CWE-776/XmlBomb.ql.
[2025-01-18 21:28:37] [SPAMMY] resolve queries> Query Filter: Including /usr/local/codeql/qlpacks/codeql/javascript-queries/1.2.6/experimental/heuristics/ql/src/Security/CWE-089/SqlInjection.ql.
[2025-01-18 21:28:37] [SPAMMY] resolve queries> Query Filter: Including /usr/local/codeql/qlpacks/codeql/javascript-queries/1.2.6/experimental/heuristics/ql/src/Security/CWE-502/UnsafeDeserialization.ql.
[2025-01-18 21:28:37] [SPAMMY] resolve queries> Query Filter: Including /usr/local/codeql/qlpacks/codeql/javascript-queries/1.2.6/experimental/heuristics/ql/src/Security/CWE-346/CorsMisconfigurationForCredentials.ql.
[2025-01-18 21:28:37] [SPAMMY] resolve queries> Query Filter: Including /usr/local/codeql/qlpacks/codeql/javascript-queries/1.2.6/experimental/heuristics/ql/src/Security/CWE-611/Xxe.ql.
[2025-01-18 21:28:37] [SPAMMIER] resolve queries> Query Filter: /usr/local/codeql/qlpacks/codeql/javascript-queries/1.2.6/experimental/heuristics/ql/src/Security/CWE-807/ConditionalBypass.ql failed the constraint of precision (was medium).
[2025-01-18 21:28:37] [SPAMMY] resolve queries> Query Filter: Including /usr/local/codeql/qlpacks/codeql/javascript-queries/1.2.6/experimental/heuristics/ql/src/Security/CWE-643/XpathInjection.ql.
[2025-01-18 21:28:37] [SPAMMY] resolve queries> Query Filter: Including /usr/local/codeql/qlpacks/codeql/javascript-queries/1.2.6/experimental/heuristics/ql/src/Security/CWE-134/TaintedFormatString.ql.
[2025-01-18 21:28:37] [SPAMMY] resolve queries> Query Filter: Including /usr/local/codeql/qlpacks/codeql/javascript-queries/1.2.6/experimental/heuristics/ql/src/Security/CWE-915/PrototypePollutingAssignment.ql.
[2025-01-18 21:28:37] [SPAMMY] resolve queries> Query Filter: Including /usr/local/codeql/qlpacks/codeql/javascript-queries/1.2.6/experimental/heuristics/ql/src/Security/CWE-094/CodeInjection.ql.
[2025-01-18 21:28:37] [SPAMMIER] resolve queries> Query Filter: /usr/local/codeql/qlpacks/codeql/javascript-queries/1.2.6/experimental/heuristics/ql/src/Security/CWE-400/RemotePropertyInjection.ql failed the constraint of precision (was medium).
[2025-01-18 21:28:37] [SPAMMY] resolve queries> Query Filter: Including /usr/local/codeql/qlpacks/codeql/javascript-queries/1.2.6/experimental/heuristics/ql/src/Security/CWE-079/Xss.ql.
[2025-01-18 21:28:37] [SPAMMY] resolve queries> Query Filter: Including /usr/local/codeql/qlpacks/codeql/javascript-queries/1.2.6/experimental/heuristics/ql/src/Security/CWE-078/CommandInjection.ql.
[2025-01-18 21:28:37] [SPAMMY] resolve queries> Query Filter: Including /usr/local/codeql/qlpacks/codeql/javascript-queries/1.2.6/experimental/heuristics/ql/src/Security/CWE-730/RegExpInjection.ql.
[2025-01-18 21:28:37] [SPAMMIER] resolve queries> Query Filter: /usr/local/codeql/qlpacks/codeql/javascript-queries/1.2.6/experimental/heuristics/ql/src/Security/CWE-020/UntrustedDataToExternalAPI.ql failed the constraint of precision (was low).
[2025-01-18 21:28:37] [SPAMMIER] resolve queries> Query Filter: /usr/local/codeql/qlpacks/codeql/javascript-queries/1.2.6/experimental/heuristics/ql/src/Security/CWE-117/LogInjection.ql failed the constraint of precision (was medium).
[2025-01-18 21:28:37] [SPAMMIER] resolve queries> Query Filter: /usr/local/codeql/qlpacks/codeql/javascript-queries/1.2.6/experimental/StandardLibrary/MultipleArgumentsToSetConstructor.ql failed 'tags contain` constraint [correctness]
[2025-01-18 21:28:37] [SPAMMIER] resolve queries> Query Filter: /usr/local/codeql/qlpacks/codeql/javascript-queries/1.2.6/experimental/Security/CWE-918/SSRF.ql failed the constraint of precision (was medium).
[2025-01-18 21:28:37] [SPAMMY] resolve queries> Query Filter: Including /usr/local/codeql/qlpacks/codeql/javascript-queries/1.2.6/experimental/Security/CWE-522-DecompressionBombs/DecompressionBombs.ql.
[2025-01-18 21:28:37] [SPAMMY] resolve queries> Query Filter: Including /usr/local/codeql/qlpacks/codeql/javascript-queries/1.2.6/experimental/Security/CWE-942/CorsPermissiveConfiguration.ql.
[2025-01-18 21:28:37] [SPAMMY] resolve queries> Query Filter: Including /usr/local/codeql/qlpacks/codeql/javascript-queries/1.2.6/experimental/Security/CWE-444/InsecureHttpParser.ql.
[2025-01-18 21:28:37] [SPAMMY] resolve queries> Query Filter: Including /usr/local/codeql/qlpacks/codeql/javascript-queries/1.2.6/experimental/Security/CWE-347/decodeJwtWithoutVerification.ql.
[2025-01-18 21:28:37] [SPAMMY] resolve queries> Query Filter: Including /usr/local/codeql/qlpacks/codeql/javascript-queries/1.2.6/experimental/Security/CWE-347/decodeJwtWithoutVerificationLocalSource.ql.
[2025-01-18 21:28:37] [SPAMMIER] resolve queries> Query Filter: /usr/local/codeql/qlpacks/codeql/javascript-queries/1.2.6/experimental/Security/CWE-099/EnvValueAndKeyInjection.ql failed the constraint of precision (was medium).
[2025-01-18 21:28:37] [SPAMMIER] resolve queries> Query Filter: /usr/local/codeql/qlpacks/codeql/javascript-queries/1.2.6/experimental/Security/CWE-099/EnvValueInjection.ql failed the constraint of precision (was medium).
[2025-01-18 21:28:37] [SPAMMIER] resolve queries> Query Filter: /usr/local/codeql/qlpacks/codeql/javascript-queries/1.2.6/experimental/Security/CWE-340/TokenBuiltFromUUID.ql failed the constraint of precision (was medium).
[2025-01-18 21:28:37] [SPAMMIER] resolve queries> Query Filter: /usr/local/codeql/qlpacks/codeql/javascript-queries/1.2.6/experimental/Security/CWE-094/UntrustedCheckout.ql failed the constraint of precision (was low).
[2025-01-18 21:28:37] [SPAMMY] resolve queries> Query Filter: Including /usr/local/codeql/qlpacks/codeql/javascript-queries/1.2.6/experimental/Security/CWE-094-dataURL/CodeInjection.ql.
[2025-01-18 21:28:37] [SPAMMIER] resolve queries> Query Filter: /usr/local/codeql/qlpacks/codeql/javascript-queries/1.2.6/RegExp/BackrefIntoNegativeLookahead.ql failed 'tags contain` constraint [reliability, correctness, regular-expressions]
[2025-01-18 21:28:37] [SPAMMIER] resolve queries> Query Filter: /usr/local/codeql/qlpacks/codeql/javascript-queries/1.2.6/RegExp/MalformedRegExp.ql failed the constraint of precision (was low).
[2025-01-18 21:28:37] [SPAMMIER] resolve queries> Query Filter: /usr/local/codeql/qlpacks/codeql/javascript-queries/1.2.6/RegExp/BackrefBeforeGroup.ql failed 'tags contain` constraint [reliability, correctness, regular-expressions]
[2025-01-18 21:28:37] [SPAMMIER] resolve queries> Query Filter: /usr/local/codeql/qlpacks/codeql/javascript-queries/1.2.6/RegExp/EmptyCharacterClass.ql failed 'tags contain` constraint [reliability, correctness, regular-expressions]
[2025-01-18 21:28:37] [SPAMMIER] resolve queries> Query Filter: /usr/local/codeql/qlpacks/codeql/javascript-queries/1.2.6/RegExp/DuplicateCharacterInCharacterClass.ql failed 'tags contain` constraint [reliability, correctness, regular-expressions]
[2025-01-18 21:28:37] [SPAMMIER] resolve queries> Query Filter: /usr/local/codeql/qlpacks/codeql/javascript-queries/1.2.6/RegExp/UnmatchableDollar.ql failed 'tags contain` constraint [reliability, correctness, regular-expressions, external/cwe/cwe-561]
[2025-01-18 21:28:37] [SPAMMIER] resolve queries> Query Filter: /usr/local/codeql/qlpacks/codeql/javascript-queries/1.2.6/RegExp/BackspaceEscape.ql failed the constraint of precision (was medium).
[2025-01-18 21:28:37] [SPAMMIER] resolve queries> Query Filter: /usr/local/codeql/qlpacks/codeql/javascript-queries/1.2.6/RegExp/RegExpAlwaysMatches.ql failed 'tags contain` constraint [correctness, regular-expressions]
[2025-01-18 21:28:37] [SPAMMIER] resolve queries> Query Filter: /usr/local/codeql/qlpacks/codeql/javascript-queries/1.2.6/RegExp/UnboundBackref.ql failed 'tags contain` constraint [reliability, correctness, regular-expressions]
[2025-01-18 21:28:37] [SPAMMY] resolve queries> Query Filter: Including /usr/local/codeql/qlpacks/codeql/javascript-queries/1.2.6/RegExp/IdentityReplacement.ql.
[2025-01-18 21:28:37] [SPAMMIER] resolve queries> Query Filter: /usr/local/codeql/qlpacks/codeql/javascript-queries/1.2.6/RegExp/UnmatchableCaret.ql failed 'tags contain` constraint [reliability, correctness, regular-expressions, external/cwe/cwe-561]
[2025-01-18 21:28:37] [SPAMMIER] resolve queries> Query Filter: /usr/local/codeql/qlpacks/codeql/javascript-queries/1.2.6/Expressions/DuplicateSwitchCase.ql failed 'tags contain` constraint [maintainability, correctness, external/cwe/cwe-561]
[2025-01-18 21:28:37] [SPAMMIER] resolve queries> Query Filter: /usr/local/codeql/qlpacks/codeql/javascript-queries/1.2.6/Expressions/UnboundEventHandlerReceiver.ql failed 'tags contain` constraint [correctness]
[2025-01-18 21:28:37] [SPAMMIER] resolve queries> Query Filter: /usr/local/codeql/qlpacks/codeql/javascript-queries/1.2.6/Expressions/StringInsteadOfRegex.ql failed 'tags contain` constraint [correctness]
[2025-01-18 21:28:37] [SPAMMIER] resolve queries> Query Filter: /usr/local/codeql/qlpacks/codeql/javascript-queries/1.2.6/Expressions/ExprHasNoEffect.ql failed 'tags contain` constraint [maintainability, correctness, external/cwe/cwe-480, external/cwe/cwe-561]
[2025-01-18 21:28:37] [SPAMMIER] resolve queries> Query Filter: /usr/local/codeql/qlpacks/codeql/javascript-queries/1.2.6/Expressions/MisspelledIdentifier.ql failed the constraint of precision (was low).
[2025-01-18 21:28:37] [SPAMMIER] resolve queries> Query Filter: /usr/local/codeql/qlpacks/codeql/javascript-queries/1.2.6/Expressions/SuspiciousPropAccess.ql failed 'tags contain` constraint [correctness, external/cwe/cwe-476]
[2025-01-18 21:28:37] [SPAMMIER] resolve queries> Query Filter: /usr/local/codeql/qlpacks/codeql/javascript-queries/1.2.6/Expressions/MissingDotLengthInComparison.ql failed 'tags contain` constraint [correctness]
[2025-01-18 21:28:37] [SPAMMIER] resolve queries> Query Filter: /usr/local/codeql/qlpacks/codeql/javascript-queries/1.2.6/Expressions/DuplicateCondition.ql failed 'tags contain` constraint [maintainability, correctness, external/cwe/cwe-561]
[2025-01-18 21:28:37] [SPAMMIER] resolve queries> Query Filter: /usr/local/codeql/qlpacks/codeql/javascript-queries/1.2.6/Expressions/MissingAwait.ql failed 'tags contain` constraint [correctness]
[2025-01-18 21:28:37] [SPAMMIER] resolve queries> Query Filter: /usr/local/codeql/qlpacks/codeql/javascript-queries/1.2.6/Expressions/MissingSpaceInAppend.ql failed 'tags contain` constraint [readability]
[2025-01-18 21:28:37] [SPAMMIER] resolve queries> Query Filter: /usr/local/codeql/qlpacks/codeql/javascript-queries/1.2.6/Expressions/MisspelledVariableName.ql failed 'tags contain` constraint [maintainability, readability, correctness]
[2025-01-18 21:28:37] [SPAMMIER] resolve queries> Query Filter: /usr/local/codeql/qlpacks/codeql/javascript-queries/1.2.6/Expressions/RedundantExpression.ql failed 'tags contain` constraint [reliability, correctness, external/cwe/cwe-480, external/cwe/cwe-561]
[2025-01-18 21:28:37] [SPAMMIER] resolve queries> Query Filter: /usr/local/codeql/qlpacks/codeql/javascript-queries/1.2.6/Expressions/CompareIdenticalValues.ql failed the constraint of precision (was low).
[2025-01-18 21:28:37] [SPAMMIER] resolve queries> Query Filter: /usr/local/codeql/qlpacks/codeql/javascript-queries/1.2.6/Expressions/HeterogeneousComparison.ql failed 'tags contain` constraint [reliability, correctness, external/cwe/cwe-570, external/cwe/cwe-571]
[2025-01-18 21:28:37] [SPAMMIER] resolve queries> Query Filter: /usr/local/codeql/qlpacks/codeql/javascript-queries/1.2.6/Expressions/ComparisonWithNaN.ql failed 'tags contain` constraint [reliability, correctness, external/cwe/cwe-570, external/cwe/cwe-571]
[2025-01-18 21:28:37] [SPAMMIER] resolve queries> Query Filter: /usr/local/codeql/qlpacks/codeql/javascript-queries/1.2.6/Expressions/BitwiseSignCheck.ql failed the constraint of precision (was low).
[2025-01-18 21:28:37] [SPAMMIER] resolve queries> Query Filter: /usr/local/codeql/qlpacks/codeql/javascript-queries/1.2.6/Expressions/ShiftOutOfRange.ql failed 'tags contain` constraint [reliability, correctness, external/cwe/cwe-197]
[2025-01-18 21:28:37] [SPAMMIER] resolve queries> Query Filter: /usr/local/codeql/qlpacks/codeql/javascript-queries/1.2.6/Expressions/SuspiciousInvocation.ql failed 'tags contain` constraint [correctness, external/cwe/cwe-476]
[2025-01-18 21:28:37] [SPAMMIER] resolve queries> Query Filter: /usr/local/codeql/qlpacks/codeql/javascript-queries/1.2.6/Expressions/UnneededDefensiveProgramming.ql failed the constraint of problem.severity (was recommendation).
[2025-01-18 21:28:37] [SPAMMIER] resolve queries> Query Filter: /usr/local/codeql/qlpacks/codeql/javascript-queries/1.2.6/Expressions/WhitespaceContradictsPrecedence.ql failed 'tags contain` constraint [maintainability, correctness, statistical, non-attributable, external/cwe/cwe-783]
[2025-01-18 21:28:37] [SPAMMIER] resolve queries> Query Filter: /usr/local/codeql/qlpacks/codeql/javascript-queries/1.2.6/Expressions/UnknownDirective.ql failed 'tags contain` constraint [correctness]
[2025-01-18 21:28:37] [SPAMMIER] resolve queries> Query Filter: /usr/local/codeql/qlpacks/codeql/javascript-queries/1.2.6/Expressions/ImplicitOperandConversion.ql failed 'tags contain` constraint [reliability, readability, external/cwe/cwe-704]
[2025-01-18 21:28:37] [SPAMMIER] resolve queries> Query Filter: /usr/local/codeql/qlpacks/codeql/javascript-queries/1.2.6/Expressions/SelfAssignment.ql failed 'tags contain` constraint [reliability, correctness, external/cwe/cwe-480, external/cwe/cwe-561]
[2025-01-18 21:28:37] [SPAMMIER] resolve queries> Query Filter: /usr/local/codeql/qlpacks/codeql/javascript-queries/1.2.6/Expressions/UnclearOperatorPrecedence.ql failed the constraint of problem.severity (was recommendation).
[2025-01-18 21:28:37] [SPAMMIER] resolve queries> Query Filter: /usr/local/codeql/qlpacks/codeql/javascript-queries/1.2.6/Expressions/DuplicateProperty.ql failed 'tags contain` constraint [maintainability, external/cwe/cwe-563]
[2025-01-18 21:28:37] [SPAMMIER] resolve queries> Query Filter: /usr/local/codeql/qlpacks/codeql/javascript-queries/1.2.6/Diagnostics/ExtractionErrors.ql failed the constraint of kind (was diagnostic).
[2025-01-18 21:28:37] [SPAMMIER] resolve queries> Query Filter: /usr/local/codeql/qlpacks/codeql/javascript-queries/1.2.6/Diagnostics/ExtractedFiles.ql failed the constraint of kind (was diagnostic).
[2025-01-18 21:28:37] [SPAMMIER] resolve queries> Query Filter: /usr/local/codeql/qlpacks/codeql/javascript-queries/1.2.6/Vue/ArrowMethodOnVueInstance.ql failed 'tags contain` constraint [reliability, frameworks/vue]
[2025-01-18 21:28:37] [SPAMMIER] resolve queries> Query Filter: /usr/local/codeql/qlpacks/codeql/javascript-queries/1.2.6/DOM/MalformedIdAttribute.ql failed 'tags contain` constraint [maintainability, correctness, external/cwe/cwe-758]
[2025-01-18 21:28:37] [SPAMMIER] resolve queries> Query Filter: /usr/local/codeql/qlpacks/codeql/javascript-queries/1.2.6/DOM/ConflictingAttributes.ql failed the constraint of precision (was low).
[2025-01-18 21:28:37] [SPAMMIER] resolve queries> Query Filter: /usr/local/codeql/qlpacks/codeql/javascript-queries/1.2.6/DOM/DuplicateAttributes.ql failed 'tags contain` constraint [maintainability, readability]
[2025-01-18 21:28:37] [SPAMMIER] resolve queries> Query Filter: /usr/local/codeql/qlpacks/codeql/javascript-queries/1.2.6/DOM/TargetBlank.ql failed the constraint of precision (was low).
[2025-01-18 21:28:37] [SPAMMIER] resolve queries> Query Filter: /usr/local/codeql/qlpacks/codeql/javascript-queries/1.2.6/DOM/AmbiguousIdAttribute.ql failed the constraint of precision (was low).
[2025-01-18 21:28:37] [SPAMMIER] resolve queries> Query Filter: /usr/local/codeql/qlpacks/codeql/javascript-queries/1.2.6/DOM/Alert.ql failed the constraint of precision (was medium).
[2025-01-18 21:28:37] [SPAMMIER] resolve queries> Query Filter: /usr/local/codeql/qlpacks/codeql/javascript-queries/1.2.6/DOM/PseudoEval.ql failed the constraint of problem.severity (was recommendation).
[2025-01-18 21:28:37] [SPAMMIER] resolve queries> Query Filter: /usr/local/codeql/qlpacks/codeql/javascript-queries/1.2.6/meta/alerts/TaintSinks.ql failed the constraint of precision (was very-low).
[2025-01-18 21:28:37] [SPAMMIER] resolve queries> Query Filter: /usr/local/codeql/qlpacks/codeql/javascript-queries/1.2.6/meta/alerts/TaintSources.ql failed the constraint of precision (was very-low).
[2025-01-18 21:28:37] [SPAMMIER] resolve queries> Query Filter: /usr/local/codeql/qlpacks/codeql/javascript-queries/1.2.6/meta/alerts/LibraryInputs.ql failed the constraint of precision (was very-low).
[2025-01-18 21:28:37] [SPAMMIER] resolve queries> Query Filter: /usr/local/codeql/qlpacks/codeql/javascript-queries/1.2.6/meta/alerts/ImportGraph.ql failed the constraint of precision (was very-low).
[2025-01-18 21:28:37] [SPAMMIER] resolve queries> Query Filter: /usr/local/codeql/qlpacks/codeql/javascript-queries/1.2.6/meta/alerts/TaintedNodes.ql failed the constraint of precision (was very-low).
[2025-01-18 21:28:37] [SPAMMIER] resolve queries> Query Filter: /usr/local/codeql/qlpacks/codeql/javascript-queries/1.2.6/meta/alerts/CallGraph.ql failed the constraint of precision (was very-low).
[2025-01-18 21:28:37] [SPAMMIER] resolve queries> Query Filter: /usr/local/codeql/qlpacks/codeql/javascript-queries/1.2.6/meta/extraction-metrics/FileData.ql failed the constraint of kind (was table).
[2025-01-18 21:28:37] [SPAMMIER] resolve queries> Query Filter: /usr/local/codeql/qlpacks/codeql/javascript-queries/1.2.6/meta/extraction-metrics/MissingMetrics.ql failed the constraint of precision (was low).
[2025-01-18 21:28:37] [SPAMMIER] resolve queries> Query Filter: /usr/local/codeql/qlpacks/codeql/javascript-queries/1.2.6/meta/extraction-metrics/PhaseTimings.ql failed the constraint of kind (was table).
[2025-01-18 21:28:37] [SPAMMIER] resolve queries> Query Filter: /usr/local/codeql/qlpacks/codeql/javascript-queries/1.2.6/meta/SSA/NoDefs.ql failed the constraint of precision (not present).
[2025-01-18 21:28:37] [SPAMMIER] resolve queries> Query Filter: /usr/local/codeql/qlpacks/codeql/javascript-queries/1.2.6/meta/SSA/DeadDef.ql failed the constraint of precision (not present).
[2025-01-18 21:28:37] [SPAMMIER] resolve queries> Query Filter: /usr/local/codeql/qlpacks/codeql/javascript-queries/1.2.6/meta/SSA/MultipleRefinementInputs.ql failed the constraint of precision (not present).
[2025-01-18 21:28:37] [SPAMMIER] resolve queries> Query Filter: /usr/local/codeql/qlpacks/codeql/javascript-queries/1.2.6/meta/SSA/Dominance.ql failed the constraint of precision (not present).
[2025-01-18 21:28:37] [SPAMMIER] resolve queries> Query Filter: /usr/local/codeql/qlpacks/codeql/javascript-queries/1.2.6/meta/SSA/MultipleDefs.ql failed the constraint of precision (not present).
[2025-01-18 21:28:37] [SPAMMIER] resolve queries> Query Filter: /usr/local/codeql/qlpacks/codeql/javascript-queries/1.2.6/meta/SSA/SinglePhiInput.ql failed the constraint of precision (not present).
[2025-01-18 21:28:37] [SPAMMIER] resolve queries> Query Filter: /usr/local/codeql/qlpacks/codeql/javascript-queries/1.2.6/meta/SSA/NoRefinementInputs.ql failed the constraint of precision (not present).
[2025-01-18 21:28:37] [SPAMMIER] resolve queries> Query Filter: /usr/local/codeql/qlpacks/codeql/javascript-queries/1.2.6/meta/SSA/NoPhiInputs.ql failed the constraint of precision (not present).
[2025-01-18 21:28:37] [SPAMMIER] resolve queries> Query Filter: /usr/local/codeql/qlpacks/codeql/javascript-queries/1.2.6/meta/analysis-quality/ResolvableCallCandidates.ql failed the constraint of kind (was metric).
[2025-01-18 21:28:37] [SPAMMIER] resolve queries> Query Filter: /usr/local/codeql/qlpacks/codeql/javascript-queries/1.2.6/meta/analysis-quality/UnpromotedRouteHandlerCandidate.ql failed the constraint of precision (was low).
[2025-01-18 21:28:37] [SPAMMIER] resolve queries> Query Filter: /usr/local/codeql/qlpacks/codeql/javascript-queries/1.2.6/meta/analysis-quality/SanitizersReachableFromSource.ql failed the constraint of kind (was metric).
[2025-01-18 21:28:37] [SPAMMIER] resolve queries> Query Filter: /usr/local/codeql/qlpacks/codeql/javascript-queries/1.2.6/meta/analysis-quality/CalledFunctionRatio.ql failed the constraint of kind (was metric).
[2025-01-18 21:28:37] [SPAMMIER] resolve queries> Query Filter: /usr/local/codeql/qlpacks/codeql/javascript-queries/1.2.6/meta/analysis-quality/ResolvableCalls.ql failed the constraint of kind (was metric).
[2025-01-18 21:28:37] [SPAMMIER] resolve queries> Query Filter: /usr/local/codeql/qlpacks/codeql/javascript-queries/1.2.6/meta/analysis-quality/TaintSinks.ql failed the constraint of kind (was metric).
[2025-01-18 21:28:37] [SPAMMIER] resolve queries> Query Filter: /usr/local/codeql/qlpacks/codeql/javascript-queries/1.2.6/meta/analysis-quality/UnresolvableImports.ql failed the constraint of kind (was metric).
[2025-01-18 21:28:37] [SPAMMIER] resolve queries> Query Filter: /usr/local/codeql/qlpacks/codeql/javascript-queries/1.2.6/meta/analysis-quality/TaintSources.ql failed the constraint of kind (was metric).
[2025-01-18 21:28:37] [SPAMMIER] resolve queries> Query Filter: /usr/local/codeql/qlpacks/codeql/javascript-queries/1.2.6/meta/analysis-quality/RouteHandlers.ql failed the constraint of kind (was metric).
[2025-01-18 21:28:37] [SPAMMIER] resolve queries> Query Filter: /usr/local/codeql/qlpacks/codeql/javascript-queries/1.2.6/meta/analysis-quality/SinksReachableFromSanitizer.ql failed the constraint of kind (was metric).
[2025-01-18 21:28:37] [SPAMMIER] resolve queries> Query Filter: /usr/local/codeql/qlpacks/codeql/javascript-queries/1.2.6/meta/analysis-quality/NumModules.ql failed the constraint of kind (was metric).
[2025-01-18 21:28:37] [SPAMMIER] resolve queries> Query Filter: /usr/local/codeql/qlpacks/codeql/javascript-queries/1.2.6/meta/analysis-quality/ResolvableImports.ql failed the constraint of kind (was metric).
[2025-01-18 21:28:37] [SPAMMIER] resolve queries> Query Filter: /usr/local/codeql/qlpacks/codeql/javascript-queries/1.2.6/meta/analysis-quality/CalledFunctionCandidates.ql failed the constraint of kind (was metric).
[2025-01-18 21:28:37] [SPAMMIER] resolve queries> Query Filter: /usr/local/codeql/qlpacks/codeql/javascript-queries/1.2.6/meta/analysis-quality/UncalledFunctions.ql failed the constraint of kind (was metric).
[2025-01-18 21:28:37] [SPAMMIER] resolve queries> Query Filter: /usr/local/codeql/qlpacks/codeql/javascript-queries/1.2.6/meta/analysis-quality/UnmodelledSteps.ql failed the constraint of kind (was metric).
[2025-01-18 21:28:37] [SPAMMIER] resolve queries> Query Filter: /usr/local/codeql/qlpacks/codeql/javascript-queries/1.2.6/meta/analysis-quality/CalledFunctions.ql failed the constraint of kind (was metric).
[2025-01-18 21:28:37] [SPAMMIER] resolve queries> Query Filter: /usr/local/codeql/qlpacks/codeql/javascript-queries/1.2.6/meta/analysis-quality/UnresolvableCalls.ql failed the constraint of kind (was metric).
[2025-01-18 21:28:37] [SPAMMIER] resolve queries> Query Filter: /usr/local/codeql/qlpacks/codeql/javascript-queries/1.2.6/meta/analysis-quality/ResolvableCallRatio.ql failed the constraint of kind (was metric).
[2025-01-18 21:28:37] [SPAMMIER] resolve queries> Query Filter: /usr/local/codeql/qlpacks/codeql/javascript-queries/1.2.6/meta/analysis-quality/UnpromotedRouteSetupCandidate.ql failed the constraint of precision (was low).
[2025-01-18 21:28:37] [SPAMMIER] resolve queries> Query Filter: /usr/local/codeql/qlpacks/codeql/javascript-queries/1.2.6/meta/analysis-quality/DomValueRefs.ql failed the constraint of kind (was metric).
[2025-01-18 21:28:37] [SPAMMIER] resolve queries> Query Filter: /usr/local/codeql/qlpacks/codeql/javascript-queries/1.2.6/meta/analysis-quality/TaintSteps.ql failed the constraint of kind (was metric).
[2025-01-18 21:28:37] [SPAMMIER] resolve queries> Query Filter: /usr/local/codeql/qlpacks/codeql/javascript-queries/1.2.6/meta/analysis-quality/TaintedNodes.ql failed the constraint of kind (was metric).
[2025-01-18 21:28:37] [SPAMMIER] resolve queries> Query Filter: /usr/local/codeql/qlpacks/codeql/javascript-queries/1.2.6/meta/Consistency.ql failed the constraint of kind (was table).
[2025-01-18 21:28:37] [SPAMMIER] resolve queries> Query Filter: /usr/local/codeql/qlpacks/codeql/javascript-queries/1.2.6/meta/types/TypesWithQualifiedName.ql failed the constraint of kind (was metric).
[2025-01-18 21:28:37] [SPAMMIER] resolve queries> Query Filter: /usr/local/codeql/qlpacks/codeql/javascript-queries/1.2.6/meta/types/TypedExprs.ql failed the constraint of kind (was metric).
[2025-01-18 21:28:37] [SPAMMIER] resolve queries> Query Filter: /usr/local/codeql/qlpacks/codeql/javascript-queries/1.2.6/meta/ApiGraphs/ApiGraphRhsNodes.ql failed the constraint of kind (was metric).
[2025-01-18 21:28:37] [SPAMMIER] resolve queries> Query Filter: /usr/local/codeql/qlpacks/codeql/javascript-queries/1.2.6/meta/ApiGraphs/ApiGraphPointsToEdges.ql failed the constraint of kind (was metric).
[2025-01-18 21:28:37] [SPAMMIER] resolve queries> Query Filter: /usr/local/codeql/qlpacks/codeql/javascript-queries/1.2.6/meta/ApiGraphs/ApiGraphUseNodes.ql failed the constraint of kind (was metric).
[2025-01-18 21:28:37] [SPAMMIER] resolve queries> Query Filter: /usr/local/codeql/qlpacks/codeql/javascript-queries/1.2.6/meta/ApiGraphs/ApiGraphNodes.ql failed the constraint of kind (was metric).
[2025-01-18 21:28:37] [SPAMMIER] resolve queries> Query Filter: /usr/local/codeql/qlpacks/codeql/javascript-queries/1.2.6/meta/ApiGraphs/ApiGraphEdges.ql failed the constraint of kind (was metric).
[2025-01-18 21:28:37] [SPAMMIER] resolve queries> Query Filter: /usr/local/codeql/qlpacks/codeql/javascript-queries/1.2.6/JSDoc/JSDocForNonExistentParameter.ql failed the constraint of precision (was low).
[2025-01-18 21:28:37] [SPAMMIER] resolve queries> Query Filter: /usr/local/codeql/qlpacks/codeql/javascript-queries/1.2.6/JSDoc/UndocumentedParameter.ql failed the constraint of precision (was low).
[2025-01-18 21:28:37] [SPAMMIER] resolve queries> Query Filter: /usr/local/codeql/qlpacks/codeql/javascript-queries/1.2.6/JSDoc/BadParamTag.ql failed the constraint of precision (was low).
[2025-01-18 21:28:37] [SPAMMIER] resolve queries> Query Filter: /usr/local/codeql/qlpacks/codeql/javascript-queries/1.2.6/NodeJS/UnresolvableImport.ql failed the constraint of precision (was low).
[2025-01-18 21:28:37] [SPAMMIER] resolve queries> Query Filter: /usr/local/codeql/qlpacks/codeql/javascript-queries/1.2.6/NodeJS/CyclicImport.ql failed the constraint of precision (was low).
[2025-01-18 21:28:37] [SPAMMIER] resolve queries> Query Filter: /usr/local/codeql/qlpacks/codeql/javascript-queries/1.2.6/NodeJS/InvalidExport.ql failed 'tags contain` constraint [maintainability, frameworks/node.js, external/cwe/cwe-563]
[2025-01-18 21:28:37] [SPAMMIER] resolve queries> Query Filter: /usr/local/codeql/qlpacks/codeql/javascript-queries/1.2.6/NodeJS/UnusedDependency.ql failed the constraint of precision (was low).
[2025-01-18 21:28:37] [SPAMMIER] resolve queries> Query Filter: /usr/local/codeql/qlpacks/codeql/javascript-queries/1.2.6/NodeJS/MissingExports.ql failed 'tags contain` constraint [maintainability, frameworks/node.js]
[2025-01-18 21:28:37] [SPAMMIER] resolve queries> Query Filter: /usr/local/codeql/qlpacks/codeql/javascript-queries/1.2.6/NodeJS/DubiousImport.ql failed the constraint of precision (was low).
[2025-01-18 21:28:37] [SPAMMIER] resolve queries> Query Filter: /usr/local/codeql/qlpacks/codeql/javascript-queries/1.2.6/Summary/LinesOfCode.ql failed the constraint of kind (was metric).
[2025-01-18 21:28:37] [SPAMMIER] resolve queries> Query Filter: /usr/local/codeql/qlpacks/codeql/javascript-queries/1.2.6/Summary/TaintSinks.ql failed the constraint of precision (was medium).
[2025-01-18 21:28:37] [SPAMMIER] resolve queries> Query Filter: /usr/local/codeql/qlpacks/codeql/javascript-queries/1.2.6/definitions.ql failed the constraint of kind (was definitions).
[2025-01-18 21:28:37] [SPAMMIER] resolve queries> Query Filter: /usr/local/codeql/qlpacks/codeql/javascript-queries/1.2.6/external/SimilarToplevel.ql failed the constraint of precision (was medium).
[2025-01-18 21:28:37] [SPAMMIER] resolve queries> Query Filter: /usr/local/codeql/qlpacks/codeql/javascript-queries/1.2.6/Metrics/FUseOfES6.ql failed the constraint of kind (was treemap).
[2025-01-18 21:28:37] [SPAMMIER] resolve queries> Query Filter: /usr/local/codeql/qlpacks/codeql/javascript-queries/1.2.6/Metrics/FLinesOfSimilarCode.ql failed the constraint of kind (was treemap).
[2025-01-18 21:28:37] [SPAMMIER] resolve queries> Query Filter: /usr/local/codeql/qlpacks/codeql/javascript-queries/1.2.6/Metrics/FLines.ql failed the constraint of kind (was treemap).
[2025-01-18 21:28:37] [SPAMMIER] resolve queries> Query Filter: /usr/local/codeql/qlpacks/codeql/javascript-queries/1.2.6/Metrics/Dependencies/ExternalDependenciesSourceLinks.ql failed the constraint of kind (was source-link).
[2025-01-18 21:28:37] [SPAMMIER] resolve queries> Query Filter: /usr/local/codeql/qlpacks/codeql/javascript-queries/1.2.6/Metrics/FNumberOfTests.ql failed the constraint of kind (was treemap).
[2025-01-18 21:28:37] [SPAMMIER] resolve queries> Query Filter: /usr/local/codeql/qlpacks/codeql/javascript-queries/1.2.6/Metrics/FFunctions.ql failed the constraint of kind (was treemap).
[2025-01-18 21:28:37] [SPAMMIER] resolve queries> Query Filter: /usr/local/codeql/qlpacks/codeql/javascript-queries/1.2.6/AngularJS/DeadAngularJSEventListener.ql failed the constraint of precision (was low).
[2025-01-18 21:28:37] [SPAMMY] resolve queries> Query Filter: Including /usr/local/codeql/qlpacks/codeql/javascript-queries/1.2.6/AngularJS/DoubleCompilation.ql.
[2025-01-18 21:28:37] [SPAMMIER] resolve queries> Query Filter: /usr/local/codeql/qlpacks/codeql/javascript-queries/1.2.6/AngularJS/UseNgSrc.ql failed 'tags contain` constraint [maintainability, frameworks/angularjs]
[2025-01-18 21:28:37] [SPAMMIER] resolve queries> Query Filter: /usr/local/codeql/qlpacks/codeql/javascript-queries/1.2.6/AngularJS/IncompatibleService.ql failed 'tags contain` constraint [correctness, frameworks/angularjs]
[2025-01-18 21:28:37] [SPAMMIER] resolve queries> Query Filter: /usr/local/codeql/qlpacks/codeql/javascript-queries/1.2.6/AngularJS/RepeatedInjection.ql failed 'tags contain` constraint [maintainability, frameworks/angularjs]
[2025-01-18 21:28:37] [SPAMMIER] resolve queries> Query Filter: /usr/local/codeql/qlpacks/codeql/javascript-queries/1.2.6/AngularJS/DependencyMismatch.ql failed 'tags contain` constraint [correctness, maintainability, frameworks/angularjs]
[2025-01-18 21:28:37] [SPAMMIER] resolve queries> Query Filter: /usr/local/codeql/qlpacks/codeql/javascript-queries/1.2.6/AngularJS/DuplicateDependency.ql failed 'tags contain` constraint [maintainability, frameworks/angularjs]
[2025-01-18 21:28:37] [SPAMMIER] resolve queries> Query Filter: /usr/local/codeql/qlpacks/codeql/javascript-queries/1.2.6/Comments/CommentedOutCode.ql failed the constraint of precision (was medium).
[2025-01-18 21:28:37] [SPAMMIER] resolve queries> Query Filter: /usr/local/codeql/qlpacks/codeql/javascript-queries/1.2.6/Comments/FCommentedOutCode.ql failed the constraint of kind (was treemap).
[2025-01-18 21:28:37] [SPAMMIER] resolve queries> Query Filter: /usr/local/codeql/qlpacks/codeql/javascript-queries/1.2.6/Comments/TodoComments.ql failed the constraint of precision (was medium).
[2025-01-18 21:28:37] [SPAMMIER] resolve queries> Query Filter: /usr/local/codeql/qlpacks/codeql/javascript-queries/1.2.6/Declarations/UniqueParameterNames.ql failed 'tags contain` constraint [reliability, correctness]
[2025-01-18 21:28:37] [SPAMMIER] resolve queries> Query Filter: /usr/local/codeql/qlpacks/codeql/javascript-queries/1.2.6/Declarations/MissingThisQualifier.ql failed 'tags contain` constraint [maintainability, correctness, methods]
[2025-01-18 21:28:37] [SPAMMIER] resolve queries> Query Filter: /usr/local/codeql/qlpacks/codeql/javascript-queries/1.2.6/Declarations/UnusedParameter.ql failed the constraint of precision (was medium).
[2025-01-18 21:28:37] [SPAMMIER] resolve queries> Query Filter: /usr/local/codeql/qlpacks/codeql/javascript-queries/1.2.6/Declarations/UnusedVariable.ql failed the constraint of problem.severity (was recommendation).
[2025-01-18 21:28:37] [SPAMMIER] resolve queries> Query Filter: /usr/local/codeql/qlpacks/codeql/javascript-queries/1.2.6/Declarations/ArgumentsRedefined.ql failed the constraint of problem.severity (was recommendation).
[2025-01-18 21:28:37] [SPAMMIER] resolve queries> Query Filter: /usr/local/codeql/qlpacks/codeql/javascript-queries/1.2.6/Declarations/MissingVarDecl.ql failed 'tags contain` constraint [reliability, maintainability]
[2025-01-18 21:28:37] [SPAMMIER] resolve queries> Query Filter: /usr/local/codeql/qlpacks/codeql/javascript-queries/1.2.6/Declarations/SuspiciousMethodNameDeclaration.ql failed 'tags contain` constraint [correctness, typescript, methods]
[2025-01-18 21:28:37] [SPAMMIER] resolve queries> Query Filter: /usr/local/codeql/qlpacks/codeql/javascript-queries/1.2.6/Declarations/UniquePropertyNames.ql failed 'tags contain` constraint [reliability, correctness, external/cwe/cwe-563]
[2025-01-18 21:28:37] [SPAMMIER] resolve queries> Query Filter: /usr/local/codeql/qlpacks/codeql/javascript-queries/1.2.6/Declarations/IneffectiveParameterType.ql failed 'tags contain` constraint [correctness, typescript]
[2025-01-18 21:28:37] [SPAMMIER] resolve queries> Query Filter: /usr/local/codeql/qlpacks/codeql/javascript-queries/1.2.6/Declarations/DuplicateVarDecl.ql failed the constraint of problem.severity (was recommendation).
[2025-01-18 21:28:37] [SPAMMIER] resolve queries> Query Filter: /usr/local/codeql/qlpacks/codeql/javascript-queries/1.2.6/Declarations/DeclBeforeUse.ql failed 'tags contain` constraint [maintainability, readability]
[2025-01-18 21:28:37] [SPAMMIER] resolve queries> Query Filter: /usr/local/codeql/qlpacks/codeql/javascript-queries/1.2.6/Declarations/TemporalDeadZone.ql failed 'tags contain` constraint [portability, correctness]
[2025-01-18 21:28:37] [SPAMMIER] resolve queries> Query Filter: /usr/local/codeql/qlpacks/codeql/javascript-queries/1.2.6/Declarations/TooManyParameters.ql failed the constraint of precision (was low).
[2025-01-18 21:28:37] [SPAMMIER] resolve queries> Query Filter: /usr/local/codeql/qlpacks/codeql/javascript-queries/1.2.6/Declarations/UnreachableMethodOverloads.ql failed 'tags contain` constraint [correctness, typescript]
[2025-01-18 21:28:37] [SPAMMIER] resolve queries> Query Filter: /usr/local/codeql/qlpacks/codeql/javascript-queries/1.2.6/Declarations/RedeclaredVariable.ql failed the constraint of precision (was medium).
[2025-01-18 21:28:37] [SPAMMIER] resolve queries> Query Filter: /usr/local/codeql/qlpacks/codeql/javascript-queries/1.2.6/Declarations/DeadStoreOfGlobal.ql failed the constraint of precision (was low).
[2025-01-18 21:28:37] [SPAMMIER] resolve queries> Query Filter: /usr/local/codeql/qlpacks/codeql/javascript-queries/1.2.6/Declarations/ClobberingVarInit.ql failed 'tags contain` constraint [reliability, correctness, external/cwe/cwe-563]
[2025-01-18 21:28:37] [SPAMMIER] resolve queries> Query Filter: /usr/local/codeql/qlpacks/codeql/javascript-queries/1.2.6/Declarations/UnstableCyclicImport.ql failed the constraint of precision (was low).
[2025-01-18 21:28:37] [SPAMMIER] resolve queries> Query Filter: /usr/local/codeql/qlpacks/codeql/javascript-queries/1.2.6/Declarations/UnusedProperty.ql failed the constraint of precision (was low).
[2025-01-18 21:28:37] [SPAMMIER] resolve queries> Query Filter: /usr/local/codeql/qlpacks/codeql/javascript-queries/1.2.6/Declarations/DefaultArgumentReferencesNestedFunction.ql failed 'tags contain` constraint [reliability, correctness]
[2025-01-18 21:28:37] [SPAMMIER] resolve queries> Query Filter: /usr/local/codeql/qlpacks/codeql/javascript-queries/1.2.6/Declarations/DeadStoreOfProperty.ql failed 'tags contain` constraint [maintainability]
[2025-01-18 21:28:37] [SPAMMIER] resolve queries> Query Filter: /usr/local/codeql/qlpacks/codeql/javascript-queries/1.2.6/Declarations/AssignmentToConst.ql failed 'tags contain` constraint [reliability, correctness]
[2025-01-18 21:28:37] [SPAMMIER] resolve queries> Query Filter: /usr/local/codeql/qlpacks/codeql/javascript-queries/1.2.6/Declarations/MixedStaticInstanceThisAccess.ql failed 'tags contain` constraint [correctness, methods]
[2025-01-18 21:28:37] [SPAMMIER] resolve queries> Query Filter: /usr/local/codeql/qlpacks/codeql/javascript-queries/1.2.6/Declarations/ConflictingFunctions.ql failed 'tags contain` constraint [reliability, correctness, external/cwe/cwe-563]
[2025-01-18 21:28:37] [SPAMMIER] resolve queries> Query Filter: /usr/local/codeql/qlpacks/codeql/javascript-queries/1.2.6/Declarations/DeadStoreOfLocal.ql failed 'tags contain` constraint [maintainability, external/cwe/cwe-563]
[2025-01-18 21:28:37] [SPAMMY] resolve queries> Query Filter: Including /usr/local/codeql/qlpacks/codeql/javascript-queries/1.2.6/Performance/ReDoS.ql.
[2025-01-18 21:28:37] [SPAMMIER] resolve queries> Query Filter: /usr/local/codeql/qlpacks/codeql/javascript-queries/1.2.6/Performance/NonLocalForIn.ql failed the constraint of precision (was low).
[2025-01-18 21:28:37] [SPAMMY] resolve queries> Query Filter: Including /usr/local/codeql/qlpacks/codeql/javascript-queries/1.2.6/Performance/PolynomialReDoS.ql.
[2025-01-18 21:28:37] [SPAMMIER] resolve queries> Query Filter: /usr/local/codeql/qlpacks/codeql/javascript-queries/1.2.6/Performance/ReassignParameterAndUseArguments.ql failed the constraint of precision (was medium).
[2025-01-18 21:28:37] [SPAMMIER] resolve queries> Query Filter: /usr/local/codeql/qlpacks/codeql/javascript-queries/1.2.6/Electron/EnablingNodeIntegration.ql failed the constraint of precision (was low).
[2025-01-18 21:28:37] [SPAMMY] resolve queries> Query Filter: Including /usr/local/codeql/qlpacks/codeql/javascript-queries/1.2.6/Electron/AllowRunningInsecureContent.ql.
[2025-01-18 21:28:37] [SPAMMY] resolve queries> Query Filter: Including /usr/local/codeql/qlpacks/codeql/javascript-queries/1.2.6/Electron/DisablingWebSecurity.ql.
[2025-01-18 21:28:37] [SPAMMIER] resolve queries> Query Filter: /usr/local/codeql/qlpacks/codeql/javascript-queries/1.2.6/Statements/DanglingElse.ql failed 'tags contain` constraint [readability, statistical, non-attributable, external/cwe/cwe-483]
[2025-01-18 21:28:37] [SPAMMIER] resolve queries> Query Filter: /usr/local/codeql/qlpacks/codeql/javascript-queries/1.2.6/Statements/MisleadingIndentationAfterControlStmt.ql failed 'tags contain` constraint [correctness, statistical, non-attributable, external/cwe/cwe-483]
[2025-01-18 21:28:37] [SPAMMIER] resolve queries> Query Filter: /usr/local/codeql/qlpacks/codeql/javascript-queries/1.2.6/Statements/SuspiciousUnusedLoopIterationVariable.ql failed 'tags contain` constraint [maintainability, correctness]
[2025-01-18 21:28:37] [SPAMMIER] resolve queries> Query Filter: /usr/local/codeql/qlpacks/codeql/javascript-queries/1.2.6/Statements/LoopIterationSkippedDueToShifting.ql failed 'tags contain` constraint [correctness]
[2025-01-18 21:28:37] [SPAMMIER] resolve queries> Query Filter: /usr/local/codeql/qlpacks/codeql/javascript-queries/1.2.6/Statements/InconsistentReturn.ql failed the constraint of precision (was medium).
[2025-01-18 21:28:37] [SPAMMIER] resolve queries> Query Filter: /usr/local/codeql/qlpacks/codeql/javascript-queries/1.2.6/Statements/UnreachableStatement.ql failed 'tags contain` constraint [maintainability, correctness, external/cwe/cwe-561]
[2025-01-18 21:28:37] [SPAMMIER] resolve queries> Query Filter: /usr/local/codeql/qlpacks/codeql/javascript-queries/1.2.6/Statements/UselessConditional.ql failed 'tags contain` constraint [correctness, external/cwe/cwe-570, external/cwe/cwe-571]
[2025-01-18 21:28:37] [SPAMMIER] resolve queries> Query Filter: /usr/local/codeql/qlpacks/codeql/javascript-queries/1.2.6/Statements/UseOfReturnlessFunction.ql failed 'tags contain` constraint [maintainability, correctness]
[2025-01-18 21:28:37] [SPAMMIER] resolve queries> Query Filter: /usr/local/codeql/qlpacks/codeql/javascript-queries/1.2.6/Statements/EphemeralLoop.ql failed the constraint of precision (was low).
[2025-01-18 21:28:37] [SPAMMIER] resolve queries> Query Filter: /usr/local/codeql/qlpacks/codeql/javascript-queries/1.2.6/Statements/ReturnOutsideFunction.ql failed the constraint of precision (was low).
[2025-01-18 21:28:37] [SPAMMIER] resolve queries> Query Filter: /usr/local/codeql/qlpacks/codeql/javascript-queries/1.2.6/Statements/UselessComparisonTest.ql failed 'tags contain` constraint [correctness]
[2025-01-18 21:28:37] [SPAMMIER] resolve queries> Query Filter: /usr/local/codeql/qlpacks/codeql/javascript-queries/1.2.6/Statements/InconsistentLoopOrientation.ql failed 'tags contain` constraint [correctness, external/cwe/cwe-835]
[2025-01-18 21:28:37] [SPAMMIER] resolve queries> Query Filter: /usr/local/codeql/qlpacks/codeql/javascript-queries/1.2.6/Statements/NestedLoopsSameVariable.ql failed the constraint of precision (was low).
[2025-01-18 21:28:37] [SPAMMIER] resolve queries> Query Filter: /usr/local/codeql/qlpacks/codeql/javascript-queries/1.2.6/Statements/LabelInCase.ql failed 'tags contain` constraint [reliability, readability]
[2025-01-18 21:28:37] [SPAMMIER] resolve queries> Query Filter: /usr/local/codeql/qlpacks/codeql/javascript-queries/1.2.6/Statements/ImplicitReturn.ql failed the constraint of precision (was medium).
[2025-01-18 21:28:37] [SPAMMIER] resolve queries> Query Filter: /usr/local/codeql/qlpacks/codeql/javascript-queries/1.2.6/React/UnsupportedStateUpdateInLifecycleMethod.ql failed 'tags contain` constraint [reliability, frameworks/react]
[2025-01-18 21:28:37] [SPAMMIER] resolve queries> Query Filter: /usr/local/codeql/qlpacks/codeql/javascript-queries/1.2.6/React/InconsistentStateUpdate.ql failed 'tags contain` constraint [reliability, frameworks/react]
[2025-01-18 21:28:37] [SPAMMIER] resolve queries> Query Filter: /usr/local/codeql/qlpacks/codeql/javascript-queries/1.2.6/LanguageFeatures/JumpFromFinally.ql failed the constraint of precision (was low).
[2025-01-18 21:28:37] [SPAMMIER] resolve queries> Query Filter: /usr/local/codeql/qlpacks/codeql/javascript-queries/1.2.6/LanguageFeatures/SetterReturn.ql failed 'tags contain` constraint [maintainability, language-features]
[2025-01-18 21:28:37] [SPAMMIER] resolve queries> Query Filter: /usr/local/codeql/qlpacks/codeql/javascript-queries/1.2.6/LanguageFeatures/BadTypeof.ql failed 'tags contain` constraint [maintainability, correctness, language-features, external/cwe/cwe-570, external/cwe/cwe-571]
[2025-01-18 21:28:37] [SPAMMIER] resolve queries> Query Filter: /usr/local/codeql/qlpacks/codeql/javascript-queries/1.2.6/LanguageFeatures/WrongExtensionJSON.ql failed the constraint of precision (was low).
[2025-01-18 21:28:37] [SPAMMIER] resolve queries> Query Filter: /usr/local/codeql/qlpacks/codeql/javascript-queries/1.2.6/LanguageFeatures/NonLinearPattern.ql failed 'tags contain` constraint [reliability, correctness, language-features]
[2025-01-18 21:28:37] [SPAMMIER] resolve queries> Query Filter: /usr/local/codeql/qlpacks/codeql/javascript-queries/1.2.6/LanguageFeatures/LengthComparisonOffByOne.ql failed 'tags contain` constraint [reliability, correctness, logic, external/cwe/cwe-193]
[2025-01-18 21:28:37] [SPAMMIER] resolve queries> Query Filter: /usr/local/codeql/qlpacks/codeql/javascript-queries/1.2.6/LanguageFeatures/ExpressionClosures.ql failed 'tags contain` constraint [portability, maintainability, language-features, external/cwe/cwe-758]
[2025-01-18 21:28:37] [SPAMMIER] resolve queries> Query Filter: /usr/local/codeql/qlpacks/codeql/javascript-queries/1.2.6/LanguageFeatures/ThisBeforeSuper.ql failed 'tags contain` constraint [correctness, language-features]
[2025-01-18 21:28:37] [SPAMMIER] resolve queries> Query Filter: /usr/local/codeql/qlpacks/codeql/javascript-queries/1.2.6/LanguageFeatures/DebuggerStatement.ql failed the constraint of precision (was medium).
[2025-01-18 21:28:37] [SPAMMIER] resolve queries> Query Filter: /usr/local/codeql/qlpacks/codeql/javascript-queries/1.2.6/LanguageFeatures/PropertyWriteOnPrimitive.ql failed 'tags contain` constraint [correctness, language-features, external/cwe/cwe-704]
[2025-01-18 21:28:37] [SPAMMIER] resolve queries> Query Filter: /usr/local/codeql/qlpacks/codeql/javascript-queries/1.2.6/LanguageFeatures/Eval.ql failed the constraint of precision (was medium).
[2025-01-18 21:28:37] [SPAMMIER] resolve queries> Query Filter: /usr/local/codeql/qlpacks/codeql/javascript-queries/1.2.6/LanguageFeatures/IllegalInvocation.ql failed 'tags contain` constraint [correctness, language-features]
[2025-01-18 21:28:37] [SPAMMIER] resolve queries> Query Filter: /usr/local/codeql/qlpacks/codeql/javascript-queries/1.2.6/LanguageFeatures/ForInComprehensionBlocks.ql failed 'tags contain` constraint [portability, maintainability, language-features, external/cwe/cwe-758]
[2025-01-18 21:28:37] [SPAMMIER] resolve queries> Query Filter: /usr/local/codeql/qlpacks/codeql/javascript-queries/1.2.6/LanguageFeatures/StrictModeCallStackIntrospection.ql failed 'tags contain` constraint [correctness, language-features]
[2025-01-18 21:28:37] [SPAMMIER] resolve queries> Query Filter: /usr/local/codeql/qlpacks/codeql/javascript-queries/1.2.6/LanguageFeatures/UnusedIndexVariable.ql failed 'tags contain` constraint [correctness]
[2025-01-18 21:28:37] [SPAMMY] resolve queries> Query Filter: Including /usr/local/codeql/qlpacks/codeql/javascript-queries/1.2.6/Security/CWE-770/ResourceExhaustion.ql.
[2025-01-18 21:28:37] [SPAMMY] resolve queries> Query Filter: Including /usr/local/codeql/qlpacks/codeql/javascript-queries/1.2.6/Security/CWE-352/MissingCsrfMiddleware.ql.
[2025-01-18 21:28:37] [SPAMMY] resolve queries> Query Filter: Including /usr/local/codeql/qlpacks/codeql/javascript-queries/1.2.6/Security/CWE-918/RequestForgery.ql.
[2025-01-18 21:28:37] [SPAMMIER] resolve queries> Query Filter: /usr/local/codeql/qlpacks/codeql/javascript-queries/1.2.6/Security/CWE-918/ClientSideRequestForgery.ql failed the constraint of precision (was medium).
[2025-01-18 21:28:37] [SPAMMIER] resolve queries> Query Filter: /usr/local/codeql/qlpacks/codeql/javascript-queries/1.2.6/Security/CWE-313/PasswordInConfigurationFile.ql failed the constraint of precision (was medium).
[2025-01-18 21:28:37] [SPAMMY] resolve queries> Query Filter: Including /usr/local/codeql/qlpacks/codeql/javascript-queries/1.2.6/Security/CWE-916/InsufficientPasswordHash.ql.
[2025-01-18 21:28:37] [SPAMMY] resolve queries> Query Filter: Including /usr/local/codeql/qlpacks/codeql/javascript-queries/1.2.6/Security/CWE-776/XmlBomb.ql.
[2025-01-18 21:28:37] [SPAMMY] resolve queries> Query Filter: Including /usr/local/codeql/qlpacks/codeql/javascript-queries/1.2.6/Security/CWE-798/HardcodedCredentials.ql.
[2025-01-18 21:28:37] [SPAMMY] resolve queries> Query Filter: Including /usr/local/codeql/qlpacks/codeql/javascript-queries/1.2.6/Security/CWE-089/SqlInjection.ql.
[2025-01-18 21:28:37] [SPAMMY] resolve queries> Query Filter: Including /usr/local/codeql/qlpacks/codeql/javascript-queries/1.2.6/Security/CWE-1004/ClientExposedCookie.ql.
[2025-01-18 21:28:37] [SPAMMY] resolve queries> Query Filter: Including /usr/local/codeql/qlpacks/codeql/javascript-queries/1.2.6/Security/CWE-601/ServerSideUrlRedirect.ql.
[2025-01-18 21:28:37] [SPAMMY] resolve queries> Query Filter: Including /usr/local/codeql/qlpacks/codeql/javascript-queries/1.2.6/Security/CWE-601/ClientSideUrlRedirect.ql.
[2025-01-18 21:28:37] [SPAMMIER] resolve queries> Query Filter: /usr/local/codeql/qlpacks/codeql/javascript-queries/1.2.6/Security/CWE-862/EmptyPasswordInConfigurationFile.ql failed the constraint of precision (was medium).
[2025-01-18 21:28:37] [SPAMMIER] resolve queries> Query Filter: /usr/local/codeql/qlpacks/codeql/javascript-queries/1.2.6/Security/CWE-451/MissingXFrameOptions.ql failed the constraint of precision (was low).
[2025-01-18 21:28:37] [SPAMMY] resolve queries> Query Filter: Including /usr/local/codeql/qlpacks/codeql/javascript-queries/1.2.6/Security/CWE-327/BrokenCryptoAlgorithm.ql.
[2025-01-18 21:28:37] [SPAMMY] resolve queries> Query Filter: Including /usr/local/codeql/qlpacks/codeql/javascript-queries/1.2.6/Security/CWE-327/BadRandomness.ql.
[2025-01-18 21:28:37] [SPAMMY] resolve queries> Query Filter: Including /usr/local/codeql/qlpacks/codeql/javascript-queries/1.2.6/Security/CWE-347/MissingJWTKeyVerification.ql.
[2025-01-18 21:28:37] [SPAMMY] resolve queries> Query Filter: Including /usr/local/codeql/qlpacks/codeql/javascript-queries/1.2.6/Security/CWE-502/UnsafeDeserialization.ql.
[2025-01-18 21:28:37] [SPAMMY] resolve queries> Query Filter: Including /usr/local/codeql/qlpacks/codeql/javascript-queries/1.2.6/Security/CWE-073/TemplateObjectInjection.ql.
[2025-01-18 21:28:37] [SPAMMY] resolve queries> Query Filter: Including /usr/local/codeql/qlpacks/codeql/javascript-queries/1.2.6/Security/CWE-829/InsecureDownload.ql.
[2025-01-18 21:28:37] [SPAMMY] resolve queries> Query Filter: Including /usr/local/codeql/qlpacks/codeql/javascript-queries/1.2.6/Security/CWE-209/StackTraceExposure.ql.
[2025-01-18 21:28:37] [SPAMMIER] resolve queries> Query Filter: /usr/local/codeql/qlpacks/codeql/javascript-queries/1.2.6/Security/CWE-384/SessionFixation.ql failed the constraint of precision (was medium).
[2025-01-18 21:28:37] [SPAMMY] resolve queries> Query Filter: Including /usr/local/codeql/qlpacks/codeql/javascript-queries/1.2.6/Security/CWE-326/InsufficientKeySize.ql.
[2025-01-18 21:28:37] [SPAMMY] resolve queries> Query Filter: Including /usr/local/codeql/qlpacks/codeql/javascript-queries/1.2.6/Security/CWE-834/LoopBoundInjection.ql.
[2025-01-18 21:28:37] [SPAMMY] resolve queries> Query Filter: Including /usr/local/codeql/qlpacks/codeql/javascript-queries/1.2.6/Security/CWE-116/BadTagFilter.ql.
[2025-01-18 21:28:37] [SPAMMY] resolve queries> Query Filter: Including /usr/local/codeql/qlpacks/codeql/javascript-queries/1.2.6/Security/CWE-116/DoubleEscaping.ql.
[2025-01-18 21:28:37] [SPAMMY] resolve queries> Query Filter: Including /usr/local/codeql/qlpacks/codeql/javascript-queries/1.2.6/Security/CWE-116/IncompleteMultiCharacterSanitization.ql.
[2025-01-18 21:28:37] [SPAMMY] resolve queries> Query Filter: Including /usr/local/codeql/qlpacks/codeql/javascript-queries/1.2.6/Security/CWE-116/UnsafeHtmlExpansion.ql.
[2025-01-18 21:28:37] [SPAMMY] resolve queries> Query Filter: Including /usr/local/codeql/qlpacks/codeql/javascript-queries/1.2.6/Security/CWE-116/IncompleteSanitization.ql.
[2025-01-18 21:28:37] [SPAMMY] resolve queries> Query Filter: Including /usr/local/codeql/qlpacks/codeql/javascript-queries/1.2.6/Security/CWE-116/IncompleteHtmlAttributeSanitization.ql.
[2025-01-18 21:28:37] [SPAMMY] resolve queries> Query Filter: Including /usr/local/codeql/qlpacks/codeql/javascript-queries/1.2.6/Security/CWE-611/Xxe.ql.
[2025-01-18 21:28:37] [SPAMMY] resolve queries> Query Filter: Including /usr/local/codeql/qlpacks/codeql/javascript-queries/1.2.6/Security/CWE-201/PostMessageStar.ql.
[2025-01-18 21:28:37] [SPAMMY] resolve queries> Query Filter: Including /usr/local/codeql/qlpacks/codeql/javascript-queries/1.2.6/Security/CWE-754/UnvalidatedDynamicMethodCall.ql.
[2025-01-18 21:28:37] [SPAMMY] resolve queries> Query Filter: Including /usr/local/codeql/qlpacks/codeql/javascript-queries/1.2.6/Security/CWE-022/ZipSlip.ql.
[2025-01-18 21:28:37] [SPAMMY] resolve queries> Query Filter: Including /usr/local/codeql/qlpacks/codeql/javascript-queries/1.2.6/Security/CWE-022/TaintedPath.ql.
[2025-01-18 21:28:37] [SPAMMIER] resolve queries> Query Filter: /usr/local/codeql/qlpacks/codeql/javascript-queries/1.2.6/Security/CWE-807/DifferentKindsComparisonBypass.ql failed the constraint of precision (was low).
[2025-01-18 21:28:37] [SPAMMY] resolve queries> Query Filter: Including /usr/local/codeql/qlpacks/codeql/javascript-queries/1.2.6/Security/CWE-693/InsecureHelmet.ql.
[2025-01-18 21:28:37] [SPAMMIER] resolve queries> Query Filter: /usr/local/codeql/qlpacks/codeql/javascript-queries/1.2.6/Security/CWE-377/InsecureTemporaryFile.ql failed the constraint of precision (was medium).
[2025-01-18 21:28:37] [SPAMMIER] resolve queries> Query Filter: /usr/local/codeql/qlpacks/codeql/javascript-queries/1.2.6/Security/CWE-1275/SameSiteNoneCookie.ql failed the constraint of precision (was medium).
[2025-01-18 21:28:37] [SPAMMIER] resolve queries> Query Filter: /usr/local/codeql/qlpacks/codeql/javascript-queries/1.2.6/Security/CWE-912/HttpToFileAccess.ql failed the constraint of precision (was medium).
[2025-01-18 21:28:37] [SPAMMY] resolve queries> Query Filter: Including /usr/local/codeql/qlpacks/codeql/javascript-queries/1.2.6/Security/CWE-338/InsecureRandomness.ql.
[2025-01-18 21:28:37] [SPAMMY] resolve queries> Query Filter: Including /usr/local/codeql/qlpacks/codeql/javascript-queries/1.2.6/Security/CWE-643/XpathInjection.ql.
[2025-01-18 21:28:37] [SPAMMY] resolve queries> Query Filter: Including /usr/local/codeql/qlpacks/codeql/javascript-queries/1.2.6/Security/CWE-830/FunctionalityFromUntrustedSource.ql.
[2025-01-18 21:28:37] [SPAMMY] resolve queries> Query Filter: Including /usr/local/codeql/qlpacks/codeql/javascript-queries/1.2.6/Security/CWE-134/TaintedFormatString.ql.
[2025-01-18 21:28:37] [SPAMMY] resolve queries> Query Filter: Including /usr/local/codeql/qlpacks/codeql/javascript-queries/1.2.6/Security/CWE-915/PrototypePollutingMergeCall.ql.
[2025-01-18 21:28:37] [SPAMMY] resolve queries> Query Filter: Including /usr/local/codeql/qlpacks/codeql/javascript-queries/1.2.6/Security/CWE-915/PrototypePollutingAssignment.ql.
[2025-01-18 21:28:37] [SPAMMY] resolve queries> Query Filter: Including /usr/local/codeql/qlpacks/codeql/javascript-queries/1.2.6/Security/CWE-915/PrototypePollutingFunction.ql.
[2025-01-18 21:28:37] [SPAMMIER] resolve queries> Query Filter: /usr/local/codeql/qlpacks/codeql/javascript-queries/1.2.6/Security/CWE-094/UnsafeCodeConstruction.ql failed the constraint of precision (was medium).
[2025-01-18 21:28:37] [SPAMMY] resolve queries> Query Filter: Including /usr/local/codeql/qlpacks/codeql/javascript-queries/1.2.6/Security/CWE-094/ExpressionInjection.ql.
[2025-01-18 21:28:37] [SPAMMY] resolve queries> Query Filter: Including /usr/local/codeql/qlpacks/codeql/javascript-queries/1.2.6/Security/CWE-094/ImproperCodeSanitization.ql.
[2025-01-18 21:28:37] [SPAMMY] resolve queries> Query Filter: Including /usr/local/codeql/qlpacks/codeql/javascript-queries/1.2.6/Security/CWE-094/UnsafeDynamicMethodAccess.ql.
[2025-01-18 21:28:37] [SPAMMY] resolve queries> Query Filter: Including /usr/local/codeql/qlpacks/codeql/javascript-queries/1.2.6/Security/CWE-094/CodeInjection.ql.
[2025-01-18 21:28:37] [SPAMMIER] resolve queries> Query Filter: /usr/local/codeql/qlpacks/codeql/javascript-queries/1.2.6/Security/CWE-200/FileAccessToHttp.ql failed the constraint of precision (was medium).
[2025-01-18 21:28:37] [SPAMMY] resolve queries> Query Filter: Including /usr/local/codeql/qlpacks/codeql/javascript-queries/1.2.6/Security/CWE-200/PrivateFileExposure.ql.
[2025-01-18 21:28:37] [SPAMMY] resolve queries> Query Filter: Including /usr/local/codeql/qlpacks/codeql/javascript-queries/1.2.6/Security/CWE-295/DisablingCertificateValidation.ql.
[2025-01-18 21:28:37] [SPAMMY] resolve queries> Query Filter: Including /usr/local/codeql/qlpacks/codeql/javascript-queries/1.2.6/Security/CWE-400/DeepObjectResourceExhaustion.ql.
[2025-01-18 21:28:37] [SPAMMIER] resolve queries> Query Filter: /usr/local/codeql/qlpacks/codeql/javascript-queries/1.2.6/Security/CWE-400/RemotePropertyInjection.ql failed the constraint of precision (was medium).
[2025-01-18 21:28:37] [SPAMMY] resolve queries> Query Filter: Including /usr/local/codeql/qlpacks/codeql/javascript-queries/1.2.6/Security/CWE-079/ReflectedXss.ql.
[2025-01-18 21:28:37] [SPAMMY] resolve queries> Query Filter: Including /usr/local/codeql/qlpacks/codeql/javascript-queries/1.2.6/Security/CWE-079/XssThroughDom.ql.
[2025-01-18 21:28:37] [SPAMMY] resolve queries> Query Filter: Including /usr/local/codeql/qlpacks/codeql/javascript-queries/1.2.6/Security/CWE-079/Xss.ql.
[2025-01-18 21:28:37] [SPAMMY] resolve queries> Query Filter: Including /usr/local/codeql/qlpacks/codeql/javascript-queries/1.2.6/Security/CWE-079/UnsafeJQueryPlugin.ql.
[2025-01-18 21:28:37] [SPAMMY] resolve queries> Query Filter: Including /usr/local/codeql/qlpacks/codeql/javascript-queries/1.2.6/Security/CWE-079/StoredXss.ql.
[2025-01-18 21:28:37] [SPAMMY] resolve queries> Query Filter: Including /usr/local/codeql/qlpacks/codeql/javascript-queries/1.2.6/Security/CWE-178/CaseSensitiveMiddlewarePath.ql.
[2025-01-18 21:28:37] [SPAMMY] resolve queries> Query Filter: Including /usr/local/codeql/qlpacks/codeql/javascript-queries/1.2.6/Security/CWE-312/BuildArtifactLeak.ql.
[2025-01-18 21:28:37] [SPAMMY] resolve queries> Query Filter: Including /usr/local/codeql/qlpacks/codeql/javascript-queries/1.2.6/Security/CWE-312/ActionsArtifactLeak.ql.
[2025-01-18 21:28:37] [SPAMMY] resolve queries> Query Filter: Including /usr/local/codeql/qlpacks/codeql/javascript-queries/1.2.6/Security/CWE-312/CleartextLogging.ql.
[2025-01-18 21:28:37] [SPAMMY] resolve queries> Query Filter: Including /usr/local/codeql/qlpacks/codeql/javascript-queries/1.2.6/Security/CWE-078/SecondOrderCommandInjection.ql.
[2025-01-18 21:28:37] [SPAMMIER] resolve queries> Query Filter: /usr/local/codeql/qlpacks/codeql/javascript-queries/1.2.6/Security/CWE-078/IndirectCommandInjection.ql failed the constraint of precision (was medium).
[2025-01-18 21:28:37] [SPAMMY] resolve queries> Query Filter: Including /usr/local/codeql/qlpacks/codeql/javascript-queries/1.2.6/Security/CWE-078/UnsafeShellCommandConstruction.ql.
[2025-01-18 21:28:37] [SPAMMY] resolve queries> Query Filter: Including /usr/local/codeql/qlpacks/codeql/javascript-queries/1.2.6/Security/CWE-078/ShellCommandInjectionFromEnvironment.ql.
[2025-01-18 21:28:37] [SPAMMY] resolve queries> Query Filter: Including /usr/local/codeql/qlpacks/codeql/javascript-queries/1.2.6/Security/CWE-078/CommandInjection.ql.
[2025-01-18 21:28:37] [SPAMMY] resolve queries> Query Filter: Including /usr/local/codeql/qlpacks/codeql/javascript-queries/1.2.6/Security/CWE-730/RegExpInjection.ql.
[2025-01-18 21:28:37] [SPAMMY] resolve queries> Query Filter: Including /usr/local/codeql/qlpacks/codeql/javascript-queries/1.2.6/Security/CWE-730/ServerCrash.ql.
[2025-01-18 21:28:37] [SPAMMIER] resolve queries> Query Filter: /usr/local/codeql/qlpacks/codeql/javascript-queries/1.2.6/Security/CWE-367/FileSystemRace.ql failed the constraint of precision (was medium).
[2025-01-18 21:28:37] [SPAMMIER] resolve queries> Query Filter: /usr/local/codeql/qlpacks/codeql/javascript-queries/1.2.6/Security/CWE-020/ExternalAPIsUsedWithUntrustedData.ql failed the constraint of kind (was table).
[2025-01-18 21:28:37] [SPAMMY] resolve queries> Query Filter: Including /usr/local/codeql/qlpacks/codeql/javascript-queries/1.2.6/Security/CWE-020/IncompleteUrlSubstringSanitization.ql.
[2025-01-18 21:28:37] [SPAMMY] resolve queries> Query Filter: Including /usr/local/codeql/qlpacks/codeql/javascript-queries/1.2.6/Security/CWE-020/IncorrectSuffixCheck.ql.
[2025-01-18 21:28:37] [SPAMMY] resolve queries> Query Filter: Including /usr/local/codeql/qlpacks/codeql/javascript-queries/1.2.6/Security/CWE-020/IncompleteUrlSchemeCheck.ql.
[2025-01-18 21:28:37] [SPAMMY] resolve queries> Query Filter: Including /usr/local/codeql/qlpacks/codeql/javascript-queries/1.2.6/Security/CWE-020/UselessRegExpCharacterEscape.ql.
[2025-01-18 21:28:37] [SPAMMY] resolve queries> Query Filter: Including /usr/local/codeql/qlpacks/codeql/javascript-queries/1.2.6/Security/CWE-020/IncompleteHostnameRegExp.ql.
[2025-01-18 21:28:37] [SPAMMY] resolve queries> Query Filter: Including /usr/local/codeql/qlpacks/codeql/javascript-queries/1.2.6/Security/CWE-020/OverlyLargeRange.ql.
[2025-01-18 21:28:37] [SPAMMIER] resolve queries> Query Filter: /usr/local/codeql/qlpacks/codeql/javascript-queries/1.2.6/Security/CWE-020/UntrustedDataToExternalAPI.ql failed the constraint of precision (was low).
[2025-01-18 21:28:37] [SPAMMIER] resolve queries> Query Filter: /usr/local/codeql/qlpacks/codeql/javascript-queries/1.2.6/Security/CWE-020/MissingOriginCheck.ql failed the constraint of precision (was medium).
[2025-01-18 21:28:37] [SPAMMIER] resolve queries> Query Filter: /usr/local/codeql/qlpacks/codeql/javascript-queries/1.2.6/Security/CWE-117/LogInjection.ql failed the constraint of precision (was medium).
[2025-01-18 21:28:37] [SPAMMIER] resolve queries> Resolution instruction: include.
[2025-01-18 21:28:37] [SPAMMIER] resolve queries> Query Filter: /usr/local/codeql/qlpacks/codeql/javascript-queries/1.2.6/experimental/StandardLibrary/MultipleArgumentsToSetConstructor.ql failed the constraint of kind (was problem).
[2025-01-18 21:28:37] [SPAMMIER] resolve queries> Query Filter: /usr/local/codeql/qlpacks/codeql/javascript-queries/1.2.6/RegExp/UnmatchableCaret.ql failed the constraint of kind (was problem).
[2025-01-18 21:28:37] [SPAMMIER] resolve queries> Query Filter: /usr/local/codeql/qlpacks/codeql/javascript-queries/1.2.6/Expressions/SuspiciousInvocation.ql failed the constraint of kind (was problem).
[2025-01-18 21:28:37] [SPAMMIER] resolve queries> Query Filter: /usr/local/codeql/qlpacks/codeql/javascript-queries/1.2.6/meta/SSA/MultipleDefs.ql failed the constraint of kind (was problem).
[2025-01-18 21:28:37] [SPAMMIER] resolve queries> Query Filter: /usr/local/codeql/qlpacks/codeql/javascript-queries/1.2.6/meta/analysis-quality/UnresolvableCalls.ql failed the constraint of kind (was metric).
[2025-01-18 21:28:37] [SPAMMIER] resolve queries> Query Filter: /usr/local/codeql/qlpacks/codeql/javascript-queries/1.2.6/external/SimilarToplevel.ql failed the constraint of kind (was problem).
[2025-01-18 21:28:37] [SPAMMIER] resolve queries> Query Filter: /usr/local/codeql/qlpacks/codeql/javascript-queries/1.2.6/Declarations/SuspiciousMethodNameDeclaration.ql failed the constraint of kind (was problem).
[2025-01-18 21:28:37] [SPAMMIER] resolve queries> Query Filter: /usr/local/codeql/qlpacks/codeql/javascript-queries/1.2.6/Statements/EphemeralLoop.ql failed the constraint of kind (was problem).
[2025-01-18 21:28:37] [SPAMMIER] resolve queries> Query Filter: /usr/local/codeql/qlpacks/codeql/javascript-queries/1.2.6/LanguageFeatures/InvalidPrototype.ql failed the constraint of kind (was problem).
[2025-01-18 21:28:37] [SPAMMIER] resolve queries> Query Filter: /usr/local/codeql/qlpacks/codeql/javascript-queries/1.2.6/Security/CWE-078/IndirectCommandInjection.ql failed the constraint of kind (was path-problem).
[2025-01-18 21:28:37] [SPAMMIER] resolve queries> Query Filter: /usr/local/codeql/qlpacks/codeql/javascript-queries/1.2.6/experimental/heuristics/ql/src/Security/CWE-807/ConditionalBypass.ql failed the constraint of kind (was path-problem).
[2025-01-18 21:28:37] [SPAMMIER] resolve queries> Query Filter: /usr/local/codeql/qlpacks/codeql/javascript-queries/1.2.6/Expressions/StringInsteadOfRegex.ql failed the constraint of kind (was problem).
[2025-01-18 21:28:37] [SPAMMIER] resolve queries> Query Filter: /usr/local/codeql/qlpacks/codeql/javascript-queries/1.2.6/DOM/AmbiguousIdAttribute.ql failed the constraint of kind (was problem).
[2025-01-18 21:28:37] [SPAMMIER] resolve queries> Query Filter: /usr/local/codeql/qlpacks/codeql/javascript-queries/1.2.6/meta/analysis-quality/RouteHandlers.ql failed 'tags contain` constraint [meta]
[2025-01-18 21:28:37] [SPAMMIER] resolve queries> Query Filter: /usr/local/codeql/qlpacks/codeql/javascript-queries/1.2.6/JSDoc/UndocumentedParameter.ql failed the constraint of kind (was problem).
[2025-01-18 21:28:37] [SPAMMIER] resolve queries> Query Filter: /usr/local/codeql/qlpacks/codeql/javascript-queries/1.2.6/Metrics/FNumberOfTests.ql failed the constraint of kind (was treemap).
[2025-01-18 21:28:37] [SPAMMIER] resolve queries> Query Filter: /usr/local/codeql/qlpacks/codeql/javascript-queries/1.2.6/Declarations/DeadStoreOfProperty.ql failed the constraint of kind (was problem).
[2025-01-18 21:28:37] [SPAMMIER] resolve queries> Query Filter: /usr/local/codeql/qlpacks/codeql/javascript-queries/1.2.6/Statements/InconsistentReturn.ql failed the constraint of kind (was problem).
[2025-01-18 21:28:37] [SPAMMIER] resolve queries> Query Filter: /usr/local/codeql/qlpacks/codeql/javascript-queries/1.2.6/LanguageFeatures/DeleteVar.ql failed the constraint of kind (was problem).
[2025-01-18 21:28:37] [SPAMMIER] resolve queries> Resolution instruction: exclude.
[2025-01-18 21:28:37] [SPAMMY] resolve queries> Query Filter: Excluding by constraints deprecated=//.
[2025-01-18 21:28:37] [SPAMMIER] resolve queries> Query Filter: /usr/local/codeql/qlpacks/codeql/javascript-queries/1.2.6/experimental/heuristics/ql/src/Security/CWE-770/ResourceExhaustion.ql failed the constraint of deprecated (not present).
[2025-01-18 21:28:37] [SPAMMIER] resolve queries> Query Filter: /usr/local/codeql/qlpacks/codeql/javascript-queries/1.2.6/experimental/heuristics/ql/src/Security/CWE-643/XpathInjection.ql failed the constraint of deprecated (not present).
[2025-01-18 21:28:37] [SPAMMIER] resolve queries> Query Filter: /usr/local/codeql/qlpacks/codeql/javascript-queries/1.2.6/Security/CWE-022/ZipSlip.ql failed the constraint of deprecated (not present).
[2025-01-18 21:28:37] [SPAMMY] resolve queries> Query Filter: Excluding by constraints query path=/^experimental\/.*/|Metrics/Summaries/FrameworkCoverage.ql|/Diagnostics/Internal/.*/.
[2025-01-18 21:28:37] [SPAMMY] resolve queries> Query Filter: Excluding /usr/local/codeql/qlpacks/codeql/javascript-queries/1.2.6/experimental/heuristics/ql/src/Security/CWE-770/ResourceExhaustion.ql.
[2025-01-18 21:28:37] [SPAMMY] resolve queries> Query Filter: Excluding /usr/local/codeql/qlpacks/codeql/javascript-queries/1.2.6/experimental/heuristics/ql/src/Security/CWE-776/XmlBomb.ql.
[2025-01-18 21:28:37] [SPAMMY] resolve queries> Query Filter: Excluding /usr/local/codeql/qlpacks/codeql/javascript-queries/1.2.6/experimental/heuristics/ql/src/Security/CWE-346/CorsMisconfigurationForCredentials.ql.
[2025-01-18 21:28:37] [SPAMMY] resolve queries> Query Filter: Excluding /usr/local/codeql/qlpacks/codeql/javascript-queries/1.2.6/experimental/Security/CWE-522-DecompressionBombs/DecompressionBombs.ql.
[2025-01-18 21:28:37] [SPAMMIER] resolve queries> Query Filter: /usr/local/codeql/qlpacks/codeql/javascript-queries/1.2.6/Performance/PolynomialReDoS.ql failed the constraint of query path (was Performance/PolynomialReDoS.ql).
[2025-01-18 21:28:37] [SPAMMIER] resolve queries> Query Filter: /usr/local/codeql/qlpacks/codeql/javascript-queries/1.2.6/Security/CWE-116/IncompleteSanitization.ql failed the constraint of query path (was Security/CWE-116/IncompleteSanitization.ql).
[2025-01-18 21:28:37] [SPAMMIER] resolve queries> Query Filter: /usr/local/codeql/qlpacks/codeql/javascript-queries/1.2.6/Security/CWE-094/ImproperCodeSanitization.ql failed the constraint of query path (was Security/CWE-094/ImproperCodeSanitization.ql).
[2025-01-18 21:28:37] [SPAMMIER] resolve queries> Query Filter: /usr/local/codeql/qlpacks/codeql/javascript-queries/1.2.6/Security/CWE-312/BuildArtifactLeak.ql failed the constraint of query path (was Security/CWE-312/BuildArtifactLeak.ql).
[2025-01-18 21:28:37] [SPAMMIER] resolve queries> Query Filter: /usr/local/codeql/qlpacks/codeql/javascript-queries/1.2.6/Security/CWE-300/InsecureDependencyResolution.ql failed the constraint of query path (was Security/CWE-300/InsecureDependencyResolution.ql).
[2025-01-18 21:28:37] [SPAMMIER] resolve queries> Query Filter: /usr/local/codeql/qlpacks/codeql/javascript-queries/1.2.6/Security/CWE-770/ResourceExhaustion.ql failed 'tags contain` constraint [security, external/cwe/cwe-400, external/cwe/cwe-770]
[2025-01-18 21:28:37] [SPAMMIER] resolve queries> Query Filter: /usr/local/codeql/qlpacks/codeql/javascript-queries/1.2.6/Security/CWE-346/CorsMisconfigurationForCredentials.ql failed 'tags contain` constraint [security, external/cwe/cwe-346, external/cwe/cwe-639, external/cwe/cwe-942]
[2025-01-18 21:28:37] [SPAMMIER] resolve queries> Query Filter: /usr/local/codeql/qlpacks/codeql/javascript-queries/1.2.6/Security/CWE-116/DoubleEscaping.ql failed 'tags contain` constraint [correctness, security, external/cwe/cwe-116, external/cwe/cwe-020]
[2025-01-18 21:28:37] [SPAMMIER] resolve queries> Query Filter: /usr/local/codeql/qlpacks/codeql/javascript-queries/1.2.6/Security/CWE-830/FunctionalityFromUntrustedDomain.ql failed 'tags contain` constraint [security, external/cwe/cwe-830]
[2025-01-18 21:28:37] [SPAMMIER] resolve queries> Query Filter: /usr/local/codeql/qlpacks/codeql/javascript-queries/1.2.6/Security/CWE-079/UnsafeHtmlConstruction.ql failed 'tags contain` constraint [security, external/cwe/cwe-079, external/cwe/cwe-116]
[2025-01-18 21:28:37] [SPAMMIER] resolve queries> Query Filter: /usr/local/codeql/qlpacks/codeql/javascript-queries/1.2.6/Security/CWE-020/IncorrectSuffixCheck.ql failed 'tags contain` constraint [security, correctness, external/cwe/cwe-020]
[2025-01-18 21:28:37] [SPAMMY] resolve queries> Query Filter: Implicitly including /usr/local/codeql/qlpacks/codeql/javascript-queries/1.2.6/Security/CWE-116/BadTagFilter.ql.
[2025-01-18 21:28:37] [DETAILS] resolve queries> Got 90 queries from /usr/local/codeql.
[2025-01-18 21:28:37] Calling plumbing command: codeql resolve library-path --qlconfig-file=/usr/local/codeql/qlconfig.yml --query=/usr/local/codeql/qlpacks/codeql/javascript-queries/1.2.6/RegExp/IdentityReplacement.ql --find-extractors --full-library-path=none --dbscheme=none --format=json
[2025-01-18 21:28:37] [DETAILS] resolve library-path> Resolving query at normalized path /usr/local/codeql/qlpacks/codeql/javascript-queries/1.2.6/RegExp/IdentityReplacement.ql.
[2025-01-18 21:28:37] [DETAILS] resolve library-path> Found enclosing pack 'codeql/javascript-queries' at /usr/local/codeql/qlpacks/codeql/javascript-queries/1.2.6.
[2025-01-18 21:28:37] [DETAILS] resolve library-path> Adding compilation cache at /home/prometheus/.codeql/compile-cache.
[2025-01-18 21:28:37] [DETAILS] resolve library-path> Resolving library dependencies from /usr/local/codeql/qlpacks/codeql/javascript-queries/1.2.6/qlpack.yml.
[2025-01-18 21:28:37] [SPAMMY] resolve library-path> [INCOMPATIBILITY] codeql/javascript-queries: not 1.2.6 {root: codeql/javascript-queries@1.2.6}
[2025-01-18 21:28:37] [SPAMMY] resolve library-path> [DERIVATION] codeql/javascript-queries: 1.2.6 {codeql/javascript-queries: not 1.2.6 {root: codeql/javascript-queries@1.2.6}}
[2025-01-18 21:28:37] [SPAMMY] resolve library-path> [INCOMPATIBILITY] codeql/javascript-queries: * [*], codeql/javascript-all: not * [*] {dependency: codeql/javascript-queries@* [*] requires codeql/javascript-all@2.2.1}
[2025-01-18 21:28:37] [SPAMMY] resolve library-path> [INCOMPATIBILITY] codeql/javascript-queries: * [*], codeql/suite-helpers: not * [*] {dependency: codeql/javascript-queries@* [*] requires codeql/suite-helpers@1.0.14}
[2025-01-18 21:28:37] [SPAMMY] resolve library-path> [INCOMPATIBILITY] codeql/javascript-queries: * [*], codeql/typos: not * [*] {dependency: codeql/javascript-queries@* [*] requires codeql/typos@1.0.14}
[2025-01-18 21:28:37] [SPAMMY] resolve library-path> [INCOMPATIBILITY] codeql/javascript-queries: * [*], codeql/util: not * [*] {dependency: codeql/javascript-queries@* [*] requires codeql/util@2.0.1}
[2025-01-18 21:28:37] [SPAMMY] resolve library-path> [DECISION 1] codeql/javascript-queries: 1.2.6
[2025-01-18 21:28:37] [SPAMMY] resolve library-path> [DERIVATION] codeql/util: * [*] {codeql/javascript-queries: * [*], codeql/util: not * [*] {dependency: codeql/javascript-queries@* [*] requires codeql/util@2.0.1}}
[2025-01-18 21:28:37] [SPAMMY] resolve library-path> [DERIVATION] codeql/typos: * [*] {codeql/javascript-queries: * [*], codeql/typos: not * [*] {dependency: codeql/javascript-queries@* [*] requires codeql/typos@1.0.14}}
[2025-01-18 21:28:37] [SPAMMY] resolve library-path> [DERIVATION] codeql/suite-helpers: * [*] {codeql/javascript-queries: * [*], codeql/suite-helpers: not * [*] {dependency: codeql/javascript-queries@* [*] requires codeql/suite-helpers@1.0.14}}
[2025-01-18 21:28:37] [SPAMMY] resolve library-path> [DERIVATION] codeql/javascript-all: * [*] {codeql/javascript-queries: * [*], codeql/javascript-all: not * [*] {dependency: codeql/javascript-queries@* [*] requires codeql/javascript-all@2.2.1}}
[2025-01-18 21:28:37] [SPAMMY] resolve library-path> [INCOMPATIBILITY] codeql/javascript-all: * [*], codeql/dataflow: not * [*] {dependency: codeql/javascript-all@* [*] requires codeql/dataflow@1.1.8}
[2025-01-18 21:28:37] [SPAMMY] resolve library-path> [INCOMPATIBILITY] codeql/javascript-all: * [*], codeql/mad: not * [*] {dependency: codeql/javascript-all@* [*] requires codeql/mad@1.0.14}
[2025-01-18 21:28:37] [SPAMMY] resolve library-path> [INCOMPATIBILITY] codeql/javascript-all: * [*], codeql/regex: not * [*] {dependency: codeql/javascript-all@* [*] requires codeql/regex@1.0.14}
[2025-01-18 21:28:37] [SPAMMY] resolve library-path> [INCOMPATIBILITY] codeql/javascript-all: * [*], codeql/threat-models: not * [*] {dependency: codeql/javascript-all@* [*] requires codeql/threat-models@1.0.14}
[2025-01-18 21:28:37] [SPAMMY] resolve library-path> [INCOMPATIBILITY] codeql/javascript-all: * [*], codeql/tutorial: not * [*] {dependency: codeql/javascript-all@* [*] requires codeql/tutorial@1.0.14}
[2025-01-18 21:28:37] [SPAMMY] resolve library-path> [INCOMPATIBILITY] codeql/javascript-all: * [*], codeql/util: not * [*] {dependency: codeql/javascript-all@* [*] requires codeql/util@2.0.1}
[2025-01-18 21:28:37] [SPAMMY] resolve library-path> [INCOMPATIBILITY] codeql/javascript-all: * [*], codeql/xml: not * [*] {dependency: codeql/javascript-all@* [*] requires codeql/xml@1.0.14}
[2025-01-18 21:28:37] [SPAMMY] resolve library-path> [INCOMPATIBILITY] codeql/javascript-all: * [*], codeql/yaml: not * [*] {dependency: codeql/javascript-all@* [*] requires codeql/yaml@1.0.14}
[2025-01-18 21:28:37] [SPAMMY] resolve library-path> [DECISION 2] codeql/javascript-all: 2.2.1
[2025-01-18 21:28:37] [SPAMMY] resolve library-path> [DERIVATION] codeql/yaml: * [*] {codeql/javascript-all: * [*], codeql/yaml: not * [*] {dependency: codeql/javascript-all@* [*] requires codeql/yaml@1.0.14}}
[2025-01-18 21:28:37] [SPAMMY] resolve library-path> [DERIVATION] codeql/xml: * [*] {codeql/javascript-all: * [*], codeql/xml: not * [*] {dependency: codeql/javascript-all@* [*] requires codeql/xml@1.0.14}}
[2025-01-18 21:28:37] [SPAMMY] resolve library-path> [DERIVATION] codeql/tutorial: * [*] {codeql/javascript-all: * [*], codeql/tutorial: not * [*] {dependency: codeql/javascript-all@* [*] requires codeql/tutorial@1.0.14}}
[2025-01-18 21:28:37] [SPAMMY] resolve library-path> [DERIVATION] codeql/threat-models: * [*] {codeql/javascript-all: * [*], codeql/threat-models: not * [*] {dependency: codeql/javascript-all@* [*] requires codeql/threat-models@1.0.14}}
[2025-01-18 21:28:37] [SPAMMY] resolve library-path> [DERIVATION] codeql/regex: * [*] {codeql/javascript-all: * [*], codeql/regex: not * [*] {dependency: codeql/javascript-all@* [*] requires codeql/regex@1.0.14}}
[2025-01-18 21:28:37] [SPAMMY] resolve library-path> [DERIVATION] codeql/mad: * [*] {codeql/javascript-all: * [*], codeql/mad: not * [*] {dependency: codeql/javascript-all@* [*] requires codeql/mad@1.0.14}}
[2025-01-18 21:28:37] [SPAMMY] resolve library-path> [DERIVATION] codeql/dataflow: * [*] {codeql/javascript-all: * [*], codeql/dataflow: not * [*] {dependency: codeql/javascript-all@* [*] requires codeql/dataflow@1.1.8}}
[2025-01-18 21:28:37] [SPAMMY] resolve library-path> [INCOMPATIBILITY] codeql/dataflow: * [*], codeql/ssa: not * [*] {dependency: codeql/dataflow@* [*] requires codeql/ssa@1.0.14}
[2025-01-18 21:28:37] [SPAMMY] resolve library-path> [INCOMPATIBILITY] codeql/dataflow: * [*], codeql/typetracking: not * [*] {dependency: codeql/dataflow@* [*] requires codeql/typetracking@1.0.14}
[2025-01-18 21:28:37] [SPAMMY] resolve library-path> [INCOMPATIBILITY] codeql/dataflow: * [*], codeql/util: not * [*] {dependency: codeql/dataflow@* [*] requires codeql/util@2.0.1}
[2025-01-18 21:28:37] [SPAMMY] resolve library-path> [DECISION 3] codeql/dataflow: 1.1.8
[2025-01-18 21:28:37] [SPAMMY] resolve library-path> [DERIVATION] codeql/typetracking: * [*] {codeql/dataflow: * [*], codeql/typetracking: not * [*] {dependency: codeql/dataflow@* [*] requires codeql/typetracking@1.0.14}}
[2025-01-18 21:28:37] [SPAMMY] resolve library-path> [DERIVATION] codeql/ssa: * [*] {codeql/dataflow: * [*], codeql/ssa: not * [*] {dependency: codeql/dataflow@* [*] requires codeql/ssa@1.0.14}}
[2025-01-18 21:28:37] [SPAMMY] resolve library-path> [INCOMPATIBILITY] codeql/mad: * [*], codeql/dataflow: not * [*] {dependency: codeql/mad@* [*] requires codeql/dataflow@1.1.8}
[2025-01-18 21:28:37] [SPAMMY] resolve library-path> [INCOMPATIBILITY] codeql/mad: * [*], codeql/util: not * [*] {dependency: codeql/mad@* [*] requires codeql/util@2.0.1}
[2025-01-18 21:28:37] [SPAMMY] resolve library-path> [DECISION 4] codeql/mad: 1.0.14
[2025-01-18 21:28:37] [SPAMMY] resolve library-path> [INCOMPATIBILITY] codeql/regex: * [*], codeql/util: not * [*] {dependency: codeql/regex@* [*] requires codeql/util@2.0.1}
[2025-01-18 21:28:37] [SPAMMY] resolve library-path> [DECISION 5] codeql/regex: 1.0.14
[2025-01-18 21:28:37] [SPAMMY] resolve library-path> [INCOMPATIBILITY] codeql/ssa: * [*], codeql/util: not * [*] {dependency: codeql/ssa@* [*] requires codeql/util@2.0.1}
[2025-01-18 21:28:37] [SPAMMY] resolve library-path> [DECISION 6] codeql/ssa: 1.0.14
[2025-01-18 21:28:37] [SPAMMY] resolve library-path> [DECISION 7] codeql/suite-helpers: 1.0.14
[2025-01-18 21:28:37] [SPAMMY] resolve library-path> [DECISION 8] codeql/threat-models: 1.0.14
[2025-01-18 21:28:37] [SPAMMY] resolve library-path> [DECISION 9] codeql/tutorial: 1.0.14
[2025-01-18 21:28:37] [SPAMMY] resolve library-path> [INCOMPATIBILITY] codeql/typetracking: * [*], codeql/util: not * [*] {dependency: codeql/typetracking@* [*] requires codeql/util@2.0.1}
[2025-01-18 21:28:37] [SPAMMY] resolve library-path> [DECISION 10] codeql/typetracking: 1.0.14
[2025-01-18 21:28:37] [SPAMMY] resolve library-path> [DECISION 11] codeql/typos: 1.0.14
[2025-01-18 21:28:37] [SPAMMY] resolve library-path> [DECISION 12] codeql/util: 2.0.1
[2025-01-18 21:28:37] [SPAMMY] resolve library-path> [INCOMPATIBILITY] codeql/xml: * [*], codeql/util: not * [*] {dependency: codeql/xml@* [*] requires codeql/util@2.0.1}
[2025-01-18 21:28:37] [SPAMMY] resolve library-path> [DECISION 13] codeql/xml: 1.0.14
[2025-01-18 21:28:37] [SPAMMY] resolve library-path> [DECISION 14] codeql/yaml: 1.0.14
[2025-01-18 21:28:37] [DETAILS] resolve library-path> QL pack dependencies for /usr/local/codeql/qlpacks/codeql/javascript-queries/1.2.6 resolved OK.
[2025-01-18 21:28:37] [DETAILS] resolve library-path> Dbscheme was explicitly overridden as /usr/local/codeql/none
[2025-01-18 21:28:37] [DETAILS] resolve library-path> Library path was overridden on command line.
[2025-01-18 21:28:37] Plumbing command codeql resolve library-path completed:
                      {
                        "libraryPath" : [
                          "/usr/local/codeql/none"
                        ],
                        "dbscheme" : "/usr/local/codeql/none",
                        "compilationCache" : [
                          "/home/prometheus/.codeql/compile-cache"
                        ],
                        "relativeName" : "codeql/javascript-queries/RegExp/IdentityReplacement.ql",
                        "extractors" : [
                          "javascript"
                        ],
                        "qlPackName" : "codeql/javascript-queries"
                      }
[2025-01-18 21:28:37] Calling plumbing command: codeql resolve library-path --qlconfig-file=/usr/local/codeql/qlconfig.yml --query=/usr/local/codeql/qlpacks/codeql/javascript-queries/1.2.6/AngularJS/DoubleCompilation.ql --find-extractors --full-library-path=none --dbscheme=none --format=json
[2025-01-18 21:28:37] [DETAILS] resolve library-path> Resolving query at normalized path /usr/local/codeql/qlpacks/codeql/javascript-queries/1.2.6/AngularJS/DoubleCompilation.ql.
[2025-01-18 21:28:37] [DETAILS] resolve library-path> Found enclosing pack 'codeql/javascript-queries' at /usr/local/codeql/qlpacks/codeql/javascript-queries/1.2.6.
[2025-01-18 21:28:37] [DETAILS] resolve library-path> Adding compilation cache at /home/prometheus/.codeql/compile-cache.
[2025-01-18 21:28:37] [DETAILS] resolve library-path> QL pack dependencies for /usr/local/codeql/qlpacks/codeql/javascript-queries/1.2.6 found in cache.
[2025-01-18 21:28:37] [DETAILS] resolve library-path> Dbscheme was explicitly overridden as /usr/local/codeql/none
[2025-01-18 21:28:37] [DETAILS] resolve library-path> Library path was overridden on command line.
[2025-01-18 21:28:37] Plumbing command codeql resolve library-path completed:
                      {
                        "libraryPath" : [
                          "/usr/local/codeql/none"
                        ],
                        "dbscheme" : "/usr/local/codeql/none",
                        "compilationCache" : [
                          "/home/prometheus/.codeql/compile-cache"
                        ],
                        "relativeName" : "codeql/javascript-queries/AngularJS/DoubleCompilation.ql",
                        "extractors" : [
                          "javascript"
                        ],
                        "qlPackName" : "codeql/javascript-queries"
                      }
[2025-01-18 21:28:37] Calling plumbing command: codeql resolve library-path --qlconfig-file=/usr/local/codeql/qlconfig.yml --query=/usr/local/codeql/qlpacks/codeql/javascript-queries/1.2.6/AngularJS/DisablingSce.ql --find-extractors --full-library-path=none --dbscheme=none --format=json
[2025-01-18 21:28:37] [DETAILS] resolve library-path> Resolving query at normalized path /usr/local/codeql/qlpacks/codeql/javascript-queries/1.2.6/AngularJS/DisablingSce.ql.
[2025-01-18 21:28:37] [DETAILS] resolve library-path> Found enclosing pack 'codeql/javascript-queries' at /usr/local/codeql/qlpacks/codeql/javascript-queries/1.2.6.
[2025-01-18 21:28:37] [DETAILS] resolve library-path> Adding compilation cache at /home/prometheus/.codeql/compile-cache.
[2025-01-18 21:28:37] [DETAILS] resolve library-path> QL pack dependencies for /usr/local/codeql/qlpacks/codeql/javascript-queries/1.2.6 found in cache.
[2025-01-18 21:28:37] [DETAILS] resolve library-path> Dbscheme was explicitly overridden as /usr/local/codeql/none
[2025-01-18 21:28:37] [DETAILS] resolve library-path> Library path was overridden on command line.
[2025-01-18 21:28:37] Plumbing command codeql resolve library-path completed:
                      {
                        "libraryPath" : [
                          "/usr/local/codeql/none"
                        ],
                        "dbscheme" : "/usr/local/codeql/none",
                        "compilationCache" : [
                          "/home/prometheus/.codeql/compile-cache"
                        ],
                        "relativeName" : "codeql/javascript-queries/AngularJS/DisablingSce.ql",
                        "extractors" : [
                          "javascript"
                        ],
                        "qlPackName" : "codeql/javascript-queries"
                      }
[2025-01-18 21:28:37] Calling plumbing command: codeql resolve library-path --qlconfig-file=/usr/local/codeql/qlconfig.yml --query=/usr/local/codeql/qlpacks/codeql/javascript-queries/1.2.6/AngularJS/InsecureUrlWhitelist.ql --find-extractors --full-library-path=none --dbscheme=none --format=json
[2025-01-18 21:28:37] [DETAILS] resolve library-path> Resolving query at normalized path /usr/local/codeql/qlpacks/codeql/javascript-queries/1.2.6/AngularJS/InsecureUrlWhitelist.ql.
[2025-01-18 21:28:37] [DETAILS] resolve library-path> Found enclosing pack 'codeql/javascript-queries' at /usr/local/codeql/qlpacks/codeql/javascript-queries/1.2.6.
[2025-01-18 21:28:37] [DETAILS] resolve library-path> Adding compilation cache at /home/prometheus/.codeql/compile-cache.
[2025-01-18 21:28:37] [DETAILS] resolve library-path> QL pack dependencies for /usr/local/codeql/qlpacks/codeql/javascript-queries/1.2.6 found in cache.
[2025-01-18 21:28:37] [DETAILS] resolve library-path> Dbscheme was explicitly overridden as /usr/local/codeql/none
[2025-01-18 21:28:37] [DETAILS] resolve library-path> Library path was overridden on command line.
[2025-01-18 21:28:37] Plumbing command codeql resolve library-path completed:
                      {
                        "libraryPath" : [
                          "/usr/local/codeql/none"
                        ],
                        "dbscheme" : "/usr/local/codeql/none",
                        "compilationCache" : [
                          "/home/prometheus/.codeql/compile-cache"
                        ],
                        "relativeName" : "codeql/javascript-queries/AngularJS/InsecureUrlWhitelist.ql",
                        "extractors" : [
                          "javascript"
                        ],
                        "qlPackName" : "codeql/javascript-queries"
                      }
[2025-01-18 21:28:37] Calling plumbing command: codeql resolve library-path --qlconfig-file=/usr/local/codeql/qlconfig.yml --query=/usr/local/codeql/qlpacks/codeql/javascript-queries/1.2.6/Performance/ReDoS.ql --find-extractors --full-library-path=none --dbscheme=none --format=json
[2025-01-18 21:28:37] [DETAILS] resolve library-path> Resolving query at normalized path /usr/local/codeql/qlpacks/codeql/javascript-queries/1.2.6/Performance/ReDoS.ql.
[2025-01-18 21:28:37] [DETAILS] resolve library-path> Found enclosing pack 'codeql/javascript-queries' at /usr/local/codeql/qlpacks/codeql/javascript-queries/1.2.6.
[2025-01-18 21:28:37] [DETAILS] resolve library-path> Adding compilation cache at /home/prometheus/.codeql/compile-cache.
[2025-01-18 21:28:37] [DETAILS] resolve library-path> QL pack dependencies for /usr/local/codeql/qlpacks/codeql/javascript-queries/1.2.6 found in cache.
[2025-01-18 21:28:37] [DETAILS] resolve library-path> Dbscheme was explicitly overridden as /usr/local/codeql/none
[2025-01-18 21:28:37] [DETAILS] resolve library-path> Library path was overridden on command line.
[2025-01-18 21:28:37] Plumbing command codeql resolve library-path completed:
                      {
                        "libraryPath" : [
                          "/usr/local/codeql/none"
                        ],
                        "dbscheme" : "/usr/local/codeql/none",
                        "compilationCache" : [
                          "/home/prometheus/.codeql/compile-cache"
                        ],
                        "relativeName" : "codeql/javascript-queries/Performance/ReDoS.ql",
                        "extractors" : [
                          "javascript"
                        ],
                        "qlPackName" : "codeql/javascript-queries"
                      }
[2025-01-18 21:28:37] Calling plumbing command: codeql resolve library-path --qlconfig-file=/usr/local/codeql/qlconfig.yml --query=/usr/local/codeql/qlpacks/codeql/javascript-queries/1.2.6/Performance/PolynomialReDoS.ql --find-extractors --full-library-path=none --dbscheme=none --format=json
[2025-01-18 21:28:37] [DETAILS] resolve library-path> Resolving query at normalized path /usr/local/codeql/qlpacks/codeql/javascript-queries/1.2.6/Performance/PolynomialReDoS.ql.
[2025-01-18 21:28:37] [DETAILS] resolve library-path> Found enclosing pack 'codeql/javascript-queries' at /usr/local/codeql/qlpacks/codeql/javascript-queries/1.2.6.
[2025-01-18 21:28:37] [DETAILS] resolve library-path> Adding compilation cache at /home/prometheus/.codeql/compile-cache.
[2025-01-18 21:28:37] [DETAILS] resolve library-path> QL pack dependencies for /usr/local/codeql/qlpacks/codeql/javascript-queries/1.2.6 found in cache.
[2025-01-18 21:28:37] [DETAILS] resolve library-path> Dbscheme was explicitly overridden as /usr/local/codeql/none
[2025-01-18 21:28:37] [DETAILS] resolve library-path> Library path was overridden on command line.
[2025-01-18 21:28:37] Plumbing command codeql resolve library-path completed:
                      {
                        "libraryPath" : [
                          "/usr/local/codeql/none"
                        ],
                        "dbscheme" : "/usr/local/codeql/none",
                        "compilationCache" : [
                          "/home/prometheus/.codeql/compile-cache"
                        ],
                        "relativeName" : "codeql/javascript-queries/Performance/PolynomialReDoS.ql",
                        "extractors" : [
                          "javascript"
                        ],
                        "qlPackName" : "codeql/javascript-queries"
                      }
[2025-01-18 21:28:37] Calling plumbing command: codeql resolve library-path --qlconfig-file=/usr/local/codeql/qlconfig.yml --query=/usr/local/codeql/qlpacks/codeql/javascript-queries/1.2.6/Electron/AllowRunningInsecureContent.ql --find-extractors --full-library-path=none --dbscheme=none --format=json
[2025-01-18 21:28:37] [DETAILS] resolve library-path> Resolving query at normalized path /usr/local/codeql/qlpacks/codeql/javascript-queries/1.2.6/Electron/AllowRunningInsecureContent.ql.
[2025-01-18 21:28:37] [DETAILS] resolve library-path> Found enclosing pack 'codeql/javascript-queries' at /usr/local/codeql/qlpacks/codeql/javascript-queries/1.2.6.
[2025-01-18 21:28:37] [DETAILS] resolve library-path> Adding compilation cache at /home/prometheus/.codeql/compile-cache.
[2025-01-18 21:28:37] [DETAILS] resolve library-path> QL pack dependencies for /usr/local/codeql/qlpacks/codeql/javascript-queries/1.2.6 found in cache.
[2025-01-18 21:28:37] [DETAILS] resolve library-path> Dbscheme was explicitly overridden as /usr/local/codeql/none
[2025-01-18 21:28:37] [DETAILS] resolve library-path> Library path was overridden on command line.
[2025-01-18 21:28:37] Plumbing command codeql resolve library-path completed:
                      {
                        "libraryPath" : [
                          "/usr/local/codeql/none"
                        ],
                        "dbscheme" : "/usr/local/codeql/none",
                        "compilationCache" : [
                          "/home/prometheus/.codeql/compile-cache"
                        ],
                        "relativeName" : "codeql/javascript-queries/Electron/AllowRunningInsecureContent.ql",
                        "extractors" : [
                          "javascript"
                        ],
                        "qlPackName" : "codeql/javascript-queries"
                      }
[2025-01-18 21:28:37] Calling plumbing command: codeql resolve library-path --qlconfig-file=/usr/local/codeql/qlconfig.yml --query=/usr/local/codeql/qlpacks/codeql/javascript-queries/1.2.6/Electron/DisablingWebSecurity.ql --find-extractors --full-library-path=none --dbscheme=none --format=json
[2025-01-18 21:28:37] [DETAILS] resolve library-path> Resolving query at normalized path /usr/local/codeql/qlpacks/codeql/javascript-queries/1.2.6/Electron/DisablingWebSecurity.ql.
[2025-01-18 21:28:37] [DETAILS] resolve library-path> Found enclosing pack 'codeql/javascript-queries' at /usr/local/codeql/qlpacks/codeql/javascript-queries/1.2.6.
[2025-01-18 21:28:37] [DETAILS] resolve library-path> Adding compilation cache at /home/prometheus/.codeql/compile-cache.
[2025-01-18 21:28:37] [DETAILS] resolve library-path> QL pack dependencies for /usr/local/codeql/qlpacks/codeql/javascript-queries/1.2.6 found in cache.
[2025-01-18 21:28:37] [DETAILS] resolve library-path> Dbscheme was explicitly overridden as /usr/local/codeql/none
[2025-01-18 21:28:37] [DETAILS] resolve library-path> Library path was overridden on command line.
[2025-01-18 21:28:37] Plumbing command codeql resolve library-path completed:
                      {
                        "libraryPath" : [
                          "/usr/local/codeql/none"
                        ],
                        "dbscheme" : "/usr/local/codeql/none",
                        "compilationCache" : [
                          "/home/prometheus/.codeql/compile-cache"
                        ],
                        "relativeName" : "codeql/javascript-queries/Electron/DisablingWebSecurity.ql",
                        "extractors" : [
                          "javascript"
                        ],
                        "qlPackName" : "codeql/javascript-queries"
                      }
[2025-01-18 21:28:37] Calling plumbing command: codeql resolve library-path --qlconfig-file=/usr/local/codeql/qlconfig.yml --query=/usr/local/codeql/qlpacks/codeql/javascript-queries/1.2.6/Security/CWE-770/ResourceExhaustion.ql --find-extractors --full-library-path=none --dbscheme=none --format=json
[2025-01-18 21:28:37] [DETAILS] resolve library-path> Resolving query at normalized path /usr/local/codeql/qlpacks/codeql/javascript-queries/1.2.6/Security/CWE-770/ResourceExhaustion.ql.
[2025-01-18 21:28:37] [DETAILS] resolve library-path> Found enclosing pack 'codeql/javascript-queries' at /usr/local/codeql/qlpacks/codeql/javascript-queries/1.2.6.
[2025-01-18 21:28:37] [DETAILS] resolve library-path> Adding compilation cache at /home/prometheus/.codeql/compile-cache.
[2025-01-18 21:28:37] [DETAILS] resolve library-path> QL pack dependencies for /usr/local/codeql/qlpacks/codeql/javascript-queries/1.2.6 found in cache.
[2025-01-18 21:28:37] [DETAILS] resolve library-path> Dbscheme was explicitly overridden as /usr/local/codeql/none
[2025-01-18 21:28:37] [DETAILS] resolve library-path> Library path was overridden on command line.
[2025-01-18 21:28:37] Plumbing command codeql resolve library-path completed:
                      {
                        "libraryPath" : [
                          "/usr/local/codeql/none"
                        ],
                        "dbscheme" : "/usr/local/codeql/none",
                        "compilationCache" : [
                          "/home/prometheus/.codeql/compile-cache"
                        ],
                        "relativeName" : "codeql/javascript-queries/Security/CWE-770/ResourceExhaustion.ql",
                        "extractors" : [
                          "javascript"
                        ],
                        "qlPackName" : "codeql/javascript-queries"
                      }
[2025-01-18 21:28:37] Calling plumbing command: codeql resolve library-path --qlconfig-file=/usr/local/codeql/qlconfig.yml --query=/usr/local/codeql/qlpacks/codeql/javascript-queries/1.2.6/Security/CWE-770/MissingRateLimiting.ql --find-extractors --full-library-path=none --dbscheme=none --format=json
[2025-01-18 21:28:37] [DETAILS] resolve library-path> Resolving query at normalized path /usr/local/codeql/qlpacks/codeql/javascript-queries/1.2.6/Security/CWE-770/MissingRateLimiting.ql.
[2025-01-18 21:28:37] [DETAILS] resolve library-path> Found enclosing pack 'codeql/javascript-queries' at /usr/local/codeql/qlpacks/codeql/javascript-queries/1.2.6.
[2025-01-18 21:28:37] [DETAILS] resolve library-path> Adding compilation cache at /home/prometheus/.codeql/compile-cache.
[2025-01-18 21:28:37] [DETAILS] resolve library-path> QL pack dependencies for /usr/local/codeql/qlpacks/codeql/javascript-queries/1.2.6 found in cache.
[2025-01-18 21:28:37] [DETAILS] resolve library-path> Dbscheme was explicitly overridden as /usr/local/codeql/none
[2025-01-18 21:28:37] [DETAILS] resolve library-path> Library path was overridden on command line.
[2025-01-18 21:28:37] Plumbing command codeql resolve library-path completed:
                      {
                        "libraryPath" : [
                          "/usr/local/codeql/none"
                        ],
                        "dbscheme" : "/usr/local/codeql/none",
                        "compilationCache" : [
                          "/home/prometheus/.codeql/compile-cache"
                        ],
                        "relativeName" : "codeql/javascript-queries/Security/CWE-770/MissingRateLimiting.ql",
                        "extractors" : [
                          "javascript"
                        ],
                        "qlPackName" : "codeql/javascript-queries"
                      }
[2025-01-18 21:28:37] Calling plumbing command: codeql resolve library-path --qlconfig-file=/usr/local/codeql/qlconfig.yml --query=/usr/local/codeql/qlpacks/codeql/javascript-queries/1.2.6/Security/CWE-352/MissingCsrfMiddleware.ql --find-extractors --full-library-path=none --dbscheme=none --format=json
[2025-01-18 21:28:37] [DETAILS] resolve library-path> Resolving query at normalized path /usr/local/codeql/qlpacks/codeql/javascript-queries/1.2.6/Security/CWE-352/MissingCsrfMiddleware.ql.
[2025-01-18 21:28:37] [DETAILS] resolve library-path> Found enclosing pack 'codeql/javascript-queries' at /usr/local/codeql/qlpacks/codeql/javascript-queries/1.2.6.
[2025-01-18 21:28:37] [DETAILS] resolve library-path> Adding compilation cache at /home/prometheus/.codeql/compile-cache.
[2025-01-18 21:28:37] [DETAILS] resolve library-path> QL pack dependencies for /usr/local/codeql/qlpacks/codeql/javascript-queries/1.2.6 found in cache.
[2025-01-18 21:28:37] [DETAILS] resolve library-path> Dbscheme was explicitly overridden as /usr/local/codeql/none
[2025-01-18 21:28:37] [DETAILS] resolve library-path> Library path was overridden on command line.
[2025-01-18 21:28:37] Plumbing command codeql resolve library-path completed:
                      {
                        "libraryPath" : [
                          "/usr/local/codeql/none"
                        ],
                        "dbscheme" : "/usr/local/codeql/none",
                        "compilationCache" : [
                          "/home/prometheus/.codeql/compile-cache"
                        ],
                        "relativeName" : "codeql/javascript-queries/Security/CWE-352/MissingCsrfMiddleware.ql",
                        "extractors" : [
                          "javascript"
                        ],
                        "qlPackName" : "codeql/javascript-queries"
                      }
[2025-01-18 21:28:37] Calling plumbing command: codeql resolve library-path --qlconfig-file=/usr/local/codeql/qlconfig.yml --query=/usr/local/codeql/qlpacks/codeql/javascript-queries/1.2.6/Security/CWE-918/RequestForgery.ql --find-extractors --full-library-path=none --dbscheme=none --format=json
[2025-01-18 21:28:37] [DETAILS] resolve library-path> Resolving query at normalized path /usr/local/codeql/qlpacks/codeql/javascript-queries/1.2.6/Security/CWE-918/RequestForgery.ql.
[2025-01-18 21:28:37] [DETAILS] resolve library-path> Found enclosing pack 'codeql/javascript-queries' at /usr/local/codeql/qlpacks/codeql/javascript-queries/1.2.6.
[2025-01-18 21:28:37] [DETAILS] resolve library-path> Adding compilation cache at /home/prometheus/.codeql/compile-cache.
[2025-01-18 21:28:37] [DETAILS] resolve library-path> QL pack dependencies for /usr/local/codeql/qlpacks/codeql/javascript-queries/1.2.6 found in cache.
[2025-01-18 21:28:37] [DETAILS] resolve library-path> Dbscheme was explicitly overridden as /usr/local/codeql/none
[2025-01-18 21:28:37] [DETAILS] resolve library-path> Library path was overridden on command line.
[2025-01-18 21:28:37] Plumbing command codeql resolve library-path completed:
                      {
                        "libraryPath" : [
                          "/usr/local/codeql/none"
                        ],
                        "dbscheme" : "/usr/local/codeql/none",
                        "compilationCache" : [
                          "/home/prometheus/.codeql/compile-cache"
                        ],
                        "relativeName" : "codeql/javascript-queries/Security/CWE-918/RequestForgery.ql",
                        "extractors" : [
                          "javascript"
                        ],
                        "qlPackName" : "codeql/javascript-queries"
                      }
[2025-01-18 21:28:37] Calling plumbing command: codeql resolve library-path --qlconfig-file=/usr/local/codeql/qlconfig.yml --query=/usr/local/codeql/qlpacks/codeql/javascript-queries/1.2.6/Security/CWE-916/InsufficientPasswordHash.ql --find-extractors --full-library-path=none --dbscheme=none --format=json
[2025-01-18 21:28:37] [DETAILS] resolve library-path> Resolving query at normalized path /usr/local/codeql/qlpacks/codeql/javascript-queries/1.2.6/Security/CWE-916/InsufficientPasswordHash.ql.
[2025-01-18 21:28:37] [DETAILS] resolve library-path> Found enclosing pack 'codeql/javascript-queries' at /usr/local/codeql/qlpacks/codeql/javascript-queries/1.2.6.
[2025-01-18 21:28:37] [DETAILS] resolve library-path> Adding compilation cache at /home/prometheus/.codeql/compile-cache.
[2025-01-18 21:28:37] [DETAILS] resolve library-path> QL pack dependencies for /usr/local/codeql/qlpacks/codeql/javascript-queries/1.2.6 found in cache.
[2025-01-18 21:28:37] [DETAILS] resolve library-path> Dbscheme was explicitly overridden as /usr/local/codeql/none
[2025-01-18 21:28:37] [DETAILS] resolve library-path> Library path was overridden on command line.
[2025-01-18 21:28:37] Plumbing command codeql resolve library-path completed:
                      {
                        "libraryPath" : [
                          "/usr/local/codeql/none"
                        ],
                        "dbscheme" : "/usr/local/codeql/none",
                        "compilationCache" : [
                          "/home/prometheus/.codeql/compile-cache"
                        ],
                        "relativeName" : "codeql/javascript-queries/Security/CWE-916/InsufficientPasswordHash.ql",
                        "extractors" : [
                          "javascript"
                        ],
                        "qlPackName" : "codeql/javascript-queries"
                      }
[2025-01-18 21:28:37] Calling plumbing command: codeql resolve library-path --qlconfig-file=/usr/local/codeql/qlconfig.yml --query=/usr/local/codeql/qlpacks/codeql/javascript-queries/1.2.6/Security/CWE-776/XmlBomb.ql --find-extractors --full-library-path=none --dbscheme=none --format=json
[2025-01-18 21:28:37] [DETAILS] resolve library-path> Resolving query at normalized path /usr/local/codeql/qlpacks/codeql/javascript-queries/1.2.6/Security/CWE-776/XmlBomb.ql.
[2025-01-18 21:28:37] [DETAILS] resolve library-path> Found enclosing pack 'codeql/javascript-queries' at /usr/local/codeql/qlpacks/codeql/javascript-queries/1.2.6.
[2025-01-18 21:28:37] [DETAILS] resolve library-path> Adding compilation cache at /home/prometheus/.codeql/compile-cache.
[2025-01-18 21:28:37] [DETAILS] resolve library-path> QL pack dependencies for /usr/local/codeql/qlpacks/codeql/javascript-queries/1.2.6 found in cache.
[2025-01-18 21:28:37] [DETAILS] resolve library-path> Dbscheme was explicitly overridden as /usr/local/codeql/none
[2025-01-18 21:28:37] [DETAILS] resolve library-path> Library path was overridden on command line.
[2025-01-18 21:28:37] Plumbing command codeql resolve library-path completed:
                      {
                        "libraryPath" : [
                          "/usr/local/codeql/none"
                        ],
                        "dbscheme" : "/usr/local/codeql/none",
                        "compilationCache" : [
                          "/home/prometheus/.codeql/compile-cache"
                        ],
                        "relativeName" : "codeql/javascript-queries/Security/CWE-776/XmlBomb.ql",
                        "extractors" : [
                          "javascript"
                        ],
                        "qlPackName" : "codeql/javascript-queries"
                      }
[2025-01-18 21:28:37] Calling plumbing command: codeql resolve library-path --qlconfig-file=/usr/local/codeql/qlconfig.yml --query=/usr/local/codeql/qlpacks/codeql/javascript-queries/1.2.6/Security/CWE-798/HardcodedCredentials.ql --find-extractors --full-library-path=none --dbscheme=none --format=json
[2025-01-18 21:28:37] [DETAILS] resolve library-path> Resolving query at normalized path /usr/local/codeql/qlpacks/codeql/javascript-queries/1.2.6/Security/CWE-798/HardcodedCredentials.ql.
[2025-01-18 21:28:37] [DETAILS] resolve library-path> Found enclosing pack 'codeql/javascript-queries' at /usr/local/codeql/qlpacks/codeql/javascript-queries/1.2.6.
[2025-01-18 21:28:37] [DETAILS] resolve library-path> Adding compilation cache at /home/prometheus/.codeql/compile-cache.
[2025-01-18 21:28:37] [DETAILS] resolve library-path> QL pack dependencies for /usr/local/codeql/qlpacks/codeql/javascript-queries/1.2.6 found in cache.
[2025-01-18 21:28:37] [DETAILS] resolve library-path> Dbscheme was explicitly overridden as /usr/local/codeql/none
[2025-01-18 21:28:37] [DETAILS] resolve library-path> Library path was overridden on command line.
[2025-01-18 21:28:37] Plumbing command codeql resolve library-path completed:
                      {
                        "libraryPath" : [
                          "/usr/local/codeql/none"
                        ],
                        "dbscheme" : "/usr/local/codeql/none",
                        "compilationCache" : [
                          "/home/prometheus/.codeql/compile-cache"
                        ],
                        "relativeName" : "codeql/javascript-queries/Security/CWE-798/HardcodedCredentials.ql",
                        "extractors" : [
                          "javascript"
                        ],
                        "qlPackName" : "codeql/javascript-queries"
                      }
[2025-01-18 21:28:37] Calling plumbing command: codeql resolve library-path --qlconfig-file=/usr/local/codeql/qlconfig.yml --query=/usr/local/codeql/qlpacks/codeql/javascript-queries/1.2.6/Security/CWE-089/SqlInjection.ql --find-extractors --full-library-path=none --dbscheme=none --format=json
[2025-01-18 21:28:37] [DETAILS] resolve library-path> Resolving query at normalized path /usr/local/codeql/qlpacks/codeql/javascript-queries/1.2.6/Security/CWE-089/SqlInjection.ql.
[2025-01-18 21:28:37] [DETAILS] resolve library-path> Found enclosing pack 'codeql/javascript-queries' at /usr/local/codeql/qlpacks/codeql/javascript-queries/1.2.6.
[2025-01-18 21:28:37] [DETAILS] resolve library-path> Adding compilation cache at /home/prometheus/.codeql/compile-cache.
[2025-01-18 21:28:37] [DETAILS] resolve library-path> QL pack dependencies for /usr/local/codeql/qlpacks/codeql/javascript-queries/1.2.6 found in cache.
[2025-01-18 21:28:37] [DETAILS] resolve library-path> Dbscheme was explicitly overridden as /usr/local/codeql/none
[2025-01-18 21:28:37] [DETAILS] resolve library-path> Library path was overridden on command line.
[2025-01-18 21:28:37] Plumbing command codeql resolve library-path completed:
                      {
                        "libraryPath" : [
                          "/usr/local/codeql/none"
                        ],
                        "dbscheme" : "/usr/local/codeql/none",
                        "compilationCache" : [
                          "/home/prometheus/.codeql/compile-cache"
                        ],
                        "relativeName" : "codeql/javascript-queries/Security/CWE-089/SqlInjection.ql",
                        "extractors" : [
                          "javascript"
                        ],
                        "qlPackName" : "codeql/javascript-queries"
                      }
[2025-01-18 21:28:37] Calling plumbing command: codeql resolve library-path --qlconfig-file=/usr/local/codeql/qlconfig.yml --query=/usr/local/codeql/qlpacks/codeql/javascript-queries/1.2.6/Security/CWE-1004/ClientExposedCookie.ql --find-extractors --full-library-path=none --dbscheme=none --format=json
[2025-01-18 21:28:37] [DETAILS] resolve library-path> Resolving query at normalized path /usr/local/codeql/qlpacks/codeql/javascript-queries/1.2.6/Security/CWE-1004/ClientExposedCookie.ql.
[2025-01-18 21:28:37] [DETAILS] resolve library-path> Found enclosing pack 'codeql/javascript-queries' at /usr/local/codeql/qlpacks/codeql/javascript-queries/1.2.6.
[2025-01-18 21:28:37] [DETAILS] resolve library-path> Adding compilation cache at /home/prometheus/.codeql/compile-cache.
[2025-01-18 21:28:37] [DETAILS] resolve library-path> QL pack dependencies for /usr/local/codeql/qlpacks/codeql/javascript-queries/1.2.6 found in cache.
[2025-01-18 21:28:37] [DETAILS] resolve library-path> Dbscheme was explicitly overridden as /usr/local/codeql/none
[2025-01-18 21:28:37] [DETAILS] resolve library-path> Library path was overridden on command line.
[2025-01-18 21:28:37] Plumbing command codeql resolve library-path completed:
                      {
                        "libraryPath" : [
                          "/usr/local/codeql/none"
                        ],
                        "dbscheme" : "/usr/local/codeql/none",
                        "compilationCache" : [
                          "/home/prometheus/.codeql/compile-cache"
                        ],
                        "relativeName" : "codeql/javascript-queries/Security/CWE-1004/ClientExposedCookie.ql",
                        "extractors" : [
                          "javascript"
                        ],
                        "qlPackName" : "codeql/javascript-queries"
                      }
[2025-01-18 21:28:37] Calling plumbing command: codeql resolve library-path --qlconfig-file=/usr/local/codeql/qlconfig.yml --query=/usr/local/codeql/qlpacks/codeql/javascript-queries/1.2.6/Security/CWE-601/ServerSideUrlRedirect.ql --find-extractors --full-library-path=none --dbscheme=none --format=json
[2025-01-18 21:28:37] [DETAILS] resolve library-path> Resolving query at normalized path /usr/local/codeql/qlpacks/codeql/javascript-queries/1.2.6/Security/CWE-601/ServerSideUrlRedirect.ql.
[2025-01-18 21:28:37] [DETAILS] resolve library-path> Found enclosing pack 'codeql/javascript-queries' at /usr/local/codeql/qlpacks/codeql/javascript-queries/1.2.6.
[2025-01-18 21:28:37] [DETAILS] resolve library-path> Adding compilation cache at /home/prometheus/.codeql/compile-cache.
[2025-01-18 21:28:37] [DETAILS] resolve library-path> QL pack dependencies for /usr/local/codeql/qlpacks/codeql/javascript-queries/1.2.6 found in cache.
[2025-01-18 21:28:37] [DETAILS] resolve library-path> Dbscheme was explicitly overridden as /usr/local/codeql/none
[2025-01-18 21:28:37] [DETAILS] resolve library-path> Library path was overridden on command line.
[2025-01-18 21:28:37] Plumbing command codeql resolve library-path completed:
                      {
                        "libraryPath" : [
                          "/usr/local/codeql/none"
                        ],
                        "dbscheme" : "/usr/local/codeql/none",
                        "compilationCache" : [
                          "/home/prometheus/.codeql/compile-cache"
                        ],
                        "relativeName" : "codeql/javascript-queries/Security/CWE-601/ServerSideUrlRedirect.ql",
                        "extractors" : [
                          "javascript"
                        ],
                        "qlPackName" : "codeql/javascript-queries"
                      }
[2025-01-18 21:28:37] Calling plumbing command: codeql resolve library-path --qlconfig-file=/usr/local/codeql/qlconfig.yml --query=/usr/local/codeql/qlpacks/codeql/javascript-queries/1.2.6/Security/CWE-601/ClientSideUrlRedirect.ql --find-extractors --full-library-path=none --dbscheme=none --format=json
[2025-01-18 21:28:37] [DETAILS] resolve library-path> Resolving query at normalized path /usr/local/codeql/qlpacks/codeql/javascript-queries/1.2.6/Security/CWE-601/ClientSideUrlRedirect.ql.
[2025-01-18 21:28:37] [DETAILS] resolve library-path> Found enclosing pack 'codeql/javascript-queries' at /usr/local/codeql/qlpacks/codeql/javascript-queries/1.2.6.
[2025-01-18 21:28:37] [DETAILS] resolve library-path> Adding compilation cache at /home/prometheus/.codeql/compile-cache.
[2025-01-18 21:28:37] [DETAILS] resolve library-path> QL pack dependencies for /usr/local/codeql/qlpacks/codeql/javascript-queries/1.2.6 found in cache.
[2025-01-18 21:28:37] [DETAILS] resolve library-path> Dbscheme was explicitly overridden as /usr/local/codeql/none
[2025-01-18 21:28:37] [DETAILS] resolve library-path> Library path was overridden on command line.
[2025-01-18 21:28:37] Plumbing command codeql resolve library-path completed:
                      {
                        "libraryPath" : [
                          "/usr/local/codeql/none"
                        ],
                        "dbscheme" : "/usr/local/codeql/none",
                        "compilationCache" : [
                          "/home/prometheus/.codeql/compile-cache"
                        ],
                        "relativeName" : "codeql/javascript-queries/Security/CWE-601/ClientSideUrlRedirect.ql",
                        "extractors" : [
                          "javascript"
                        ],
                        "qlPackName" : "codeql/javascript-queries"
                      }
[2025-01-18 21:28:37] Calling plumbing command: codeql resolve library-path --qlconfig-file=/usr/local/codeql/qlconfig.yml --query=/usr/local/codeql/qlpacks/codeql/javascript-queries/1.2.6/Security/CWE-327/BrokenCryptoAlgorithm.ql --find-extractors --full-library-path=none --dbscheme=none --format=json
[2025-01-18 21:28:37] [DETAILS] resolve library-path> Resolving query at normalized path /usr/local/codeql/qlpacks/codeql/javascript-queries/1.2.6/Security/CWE-327/BrokenCryptoAlgorithm.ql.
[2025-01-18 21:28:37] [DETAILS] resolve library-path> Found enclosing pack 'codeql/javascript-queries' at /usr/local/codeql/qlpacks/codeql/javascript-queries/1.2.6.
[2025-01-18 21:28:37] [DETAILS] resolve library-path> Adding compilation cache at /home/prometheus/.codeql/compile-cache.
[2025-01-18 21:28:37] [DETAILS] resolve library-path> QL pack dependencies for /usr/local/codeql/qlpacks/codeql/javascript-queries/1.2.6 found in cache.
[2025-01-18 21:28:37] [DETAILS] resolve library-path> Dbscheme was explicitly overridden as /usr/local/codeql/none
[2025-01-18 21:28:37] [DETAILS] resolve library-path> Library path was overridden on command line.
[2025-01-18 21:28:37] Plumbing command codeql resolve library-path completed:
                      {
                        "libraryPath" : [
                          "/usr/local/codeql/none"
                        ],
                        "dbscheme" : "/usr/local/codeql/none",
                        "compilationCache" : [
                          "/home/prometheus/.codeql/compile-cache"
                        ],
                        "relativeName" : "codeql/javascript-queries/Security/CWE-327/BrokenCryptoAlgorithm.ql",
                        "extractors" : [
                          "javascript"
                        ],
                        "qlPackName" : "codeql/javascript-queries"
                      }
[2025-01-18 21:28:37] Calling plumbing command: codeql resolve library-path --qlconfig-file=/usr/local/codeql/qlconfig.yml --query=/usr/local/codeql/qlpacks/codeql/javascript-queries/1.2.6/Security/CWE-327/BadRandomness.ql --find-extractors --full-library-path=none --dbscheme=none --format=json
[2025-01-18 21:28:37] [DETAILS] resolve library-path> Resolving query at normalized path /usr/local/codeql/qlpacks/codeql/javascript-queries/1.2.6/Security/CWE-327/BadRandomness.ql.
[2025-01-18 21:28:37] [DETAILS] resolve library-path> Found enclosing pack 'codeql/javascript-queries' at /usr/local/codeql/qlpacks/codeql/javascript-queries/1.2.6.
[2025-01-18 21:28:37] [DETAILS] resolve library-path> Adding compilation cache at /home/prometheus/.codeql/compile-cache.
[2025-01-18 21:28:37] [DETAILS] resolve library-path> QL pack dependencies for /usr/local/codeql/qlpacks/codeql/javascript-queries/1.2.6 found in cache.
[2025-01-18 21:28:37] [DETAILS] resolve library-path> Dbscheme was explicitly overridden as /usr/local/codeql/none
[2025-01-18 21:28:37] [DETAILS] resolve library-path> Library path was overridden on command line.
[2025-01-18 21:28:37] Plumbing command codeql resolve library-path completed:
                      {
                        "libraryPath" : [
                          "/usr/local/codeql/none"
                        ],
                        "dbscheme" : "/usr/local/codeql/none",
                        "compilationCache" : [
                          "/home/prometheus/.codeql/compile-cache"
                        ],
                        "relativeName" : "codeql/javascript-queries/Security/CWE-327/BadRandomness.ql",
                        "extractors" : [
                          "javascript"
                        ],
                        "qlPackName" : "codeql/javascript-queries"
                      }
[2025-01-18 21:28:37] Calling plumbing command: codeql resolve library-path --qlconfig-file=/usr/local/codeql/qlconfig.yml --query=/usr/local/codeql/qlpacks/codeql/javascript-queries/1.2.6/Security/CWE-347/MissingJWTKeyVerification.ql --find-extractors --full-library-path=none --dbscheme=none --format=json
[2025-01-18 21:28:37] [DETAILS] resolve library-path> Resolving query at normalized path /usr/local/codeql/qlpacks/codeql/javascript-queries/1.2.6/Security/CWE-347/MissingJWTKeyVerification.ql.
[2025-01-18 21:28:37] [DETAILS] resolve library-path> Found enclosing pack 'codeql/javascript-queries' at /usr/local/codeql/qlpacks/codeql/javascript-queries/1.2.6.
[2025-01-18 21:28:37] [DETAILS] resolve library-path> Adding compilation cache at /home/prometheus/.codeql/compile-cache.
[2025-01-18 21:28:37] [DETAILS] resolve library-path> QL pack dependencies for /usr/local/codeql/qlpacks/codeql/javascript-queries/1.2.6 found in cache.
[2025-01-18 21:28:37] [DETAILS] resolve library-path> Dbscheme was explicitly overridden as /usr/local/codeql/none
[2025-01-18 21:28:37] [DETAILS] resolve library-path> Library path was overridden on command line.
[2025-01-18 21:28:37] Plumbing command codeql resolve library-path completed:
                      {
                        "libraryPath" : [
                          "/usr/local/codeql/none"
                        ],
                        "dbscheme" : "/usr/local/codeql/none",
                        "compilationCache" : [
                          "/home/prometheus/.codeql/compile-cache"
                        ],
                        "relativeName" : "codeql/javascript-queries/Security/CWE-347/MissingJWTKeyVerification.ql",
                        "extractors" : [
                          "javascript"
                        ],
                        "qlPackName" : "codeql/javascript-queries"
                      }
[2025-01-18 21:28:37] Calling plumbing command: codeql resolve library-path --qlconfig-file=/usr/local/codeql/qlconfig.yml --query=/usr/local/codeql/qlpacks/codeql/javascript-queries/1.2.6/Security/CWE-502/UnsafeDeserialization.ql --find-extractors --full-library-path=none --dbscheme=none --format=json
[2025-01-18 21:28:37] [DETAILS] resolve library-path> Resolving query at normalized path /usr/local/codeql/qlpacks/codeql/javascript-queries/1.2.6/Security/CWE-502/UnsafeDeserialization.ql.
[2025-01-18 21:28:37] [DETAILS] resolve library-path> Found enclosing pack 'codeql/javascript-queries' at /usr/local/codeql/qlpacks/codeql/javascript-queries/1.2.6.
[2025-01-18 21:28:37] [DETAILS] resolve library-path> Adding compilation cache at /home/prometheus/.codeql/compile-cache.
[2025-01-18 21:28:37] [DETAILS] resolve library-path> QL pack dependencies for /usr/local/codeql/qlpacks/codeql/javascript-queries/1.2.6 found in cache.
[2025-01-18 21:28:37] [DETAILS] resolve library-path> Dbscheme was explicitly overridden as /usr/local/codeql/none
[2025-01-18 21:28:37] [DETAILS] resolve library-path> Library path was overridden on command line.
[2025-01-18 21:28:37] Plumbing command codeql resolve library-path completed:
                      {
                        "libraryPath" : [
                          "/usr/local/codeql/none"
                        ],
                        "dbscheme" : "/usr/local/codeql/none",
                        "compilationCache" : [
                          "/home/prometheus/.codeql/compile-cache"
                        ],
                        "relativeName" : "codeql/javascript-queries/Security/CWE-502/UnsafeDeserialization.ql",
                        "extractors" : [
                          "javascript"
                        ],
                        "qlPackName" : "codeql/javascript-queries"
                      }
[2025-01-18 21:28:37] Calling plumbing command: codeql resolve library-path --qlconfig-file=/usr/local/codeql/qlconfig.yml --query=/usr/local/codeql/qlpacks/codeql/javascript-queries/1.2.6/Security/CWE-073/TemplateObjectInjection.ql --find-extractors --full-library-path=none --dbscheme=none --format=json
[2025-01-18 21:28:37] [DETAILS] resolve library-path> Resolving query at normalized path /usr/local/codeql/qlpacks/codeql/javascript-queries/1.2.6/Security/CWE-073/TemplateObjectInjection.ql.
[2025-01-18 21:28:37] [DETAILS] resolve library-path> Found enclosing pack 'codeql/javascript-queries' at /usr/local/codeql/qlpacks/codeql/javascript-queries/1.2.6.
[2025-01-18 21:28:37] [DETAILS] resolve library-path> Adding compilation cache at /home/prometheus/.codeql/compile-cache.
[2025-01-18 21:28:37] [DETAILS] resolve library-path> QL pack dependencies for /usr/local/codeql/qlpacks/codeql/javascript-queries/1.2.6 found in cache.
[2025-01-18 21:28:37] [DETAILS] resolve library-path> Dbscheme was explicitly overridden as /usr/local/codeql/none
[2025-01-18 21:28:37] [DETAILS] resolve library-path> Library path was overridden on command line.
[2025-01-18 21:28:37] Plumbing command codeql resolve library-path completed:
                      {
                        "libraryPath" : [
                          "/usr/local/codeql/none"
                        ],
                        "dbscheme" : "/usr/local/codeql/none",
                        "compilationCache" : [
                          "/home/prometheus/.codeql/compile-cache"
                        ],
                        "relativeName" : "codeql/javascript-queries/Security/CWE-073/TemplateObjectInjection.ql",
                        "extractors" : [
                          "javascript"
                        ],
                        "qlPackName" : "codeql/javascript-queries"
                      }
[2025-01-18 21:28:37] Calling plumbing command: codeql resolve library-path --qlconfig-file=/usr/local/codeql/qlconfig.yml --query=/usr/local/codeql/qlpacks/codeql/javascript-queries/1.2.6/Security/CWE-829/InsecureDownload.ql --find-extractors --full-library-path=none --dbscheme=none --format=json
[2025-01-18 21:28:37] [DETAILS] resolve library-path> Resolving query at normalized path /usr/local/codeql/qlpacks/codeql/javascript-queries/1.2.6/Security/CWE-829/InsecureDownload.ql.
[2025-01-18 21:28:37] [DETAILS] resolve library-path> Found enclosing pack 'codeql/javascript-queries' at /usr/local/codeql/qlpacks/codeql/javascript-queries/1.2.6.
[2025-01-18 21:28:37] [DETAILS] resolve library-path> Adding compilation cache at /home/prometheus/.codeql/compile-cache.
[2025-01-18 21:28:37] [DETAILS] resolve library-path> QL pack dependencies for /usr/local/codeql/qlpacks/codeql/javascript-queries/1.2.6 found in cache.
[2025-01-18 21:28:37] [DETAILS] resolve library-path> Dbscheme was explicitly overridden as /usr/local/codeql/none
[2025-01-18 21:28:37] [DETAILS] resolve library-path> Library path was overridden on command line.
[2025-01-18 21:28:37] Plumbing command codeql resolve library-path completed:
                      {
                        "libraryPath" : [
                          "/usr/local/codeql/none"
                        ],
                        "dbscheme" : "/usr/local/codeql/none",
                        "compilationCache" : [
                          "/home/prometheus/.codeql/compile-cache"
                        ],
                        "relativeName" : "codeql/javascript-queries/Security/CWE-829/InsecureDownload.ql",
                        "extractors" : [
                          "javascript"
                        ],
                        "qlPackName" : "codeql/javascript-queries"
                      }
[2025-01-18 21:28:37] Calling plumbing command: codeql resolve library-path --qlconfig-file=/usr/local/codeql/qlconfig.yml --query=/usr/local/codeql/qlpacks/codeql/javascript-queries/1.2.6/Security/CWE-209/StackTraceExposure.ql --find-extractors --full-library-path=none --dbscheme=none --format=json
[2025-01-18 21:28:37] [DETAILS] resolve library-path> Resolving query at normalized path /usr/local/codeql/qlpacks/codeql/javascript-queries/1.2.6/Security/CWE-209/StackTraceExposure.ql.
[2025-01-18 21:28:37] [DETAILS] resolve library-path> Found enclosing pack 'codeql/javascript-queries' at /usr/local/codeql/qlpacks/codeql/javascript-queries/1.2.6.
[2025-01-18 21:28:37] [DETAILS] resolve library-path> Adding compilation cache at /home/prometheus/.codeql/compile-cache.
[2025-01-18 21:28:37] [DETAILS] resolve library-path> QL pack dependencies for /usr/local/codeql/qlpacks/codeql/javascript-queries/1.2.6 found in cache.
[2025-01-18 21:28:37] [DETAILS] resolve library-path> Dbscheme was explicitly overridden as /usr/local/codeql/none
[2025-01-18 21:28:37] [DETAILS] resolve library-path> Library path was overridden on command line.
[2025-01-18 21:28:37] Plumbing command codeql resolve library-path completed:
                      {
                        "libraryPath" : [
                          "/usr/local/codeql/none"
                        ],
                        "dbscheme" : "/usr/local/codeql/none",
                        "compilationCache" : [
                          "/home/prometheus/.codeql/compile-cache"
                        ],
                        "relativeName" : "codeql/javascript-queries/Security/CWE-209/StackTraceExposure.ql",
                        "extractors" : [
                          "javascript"
                        ],
                        "qlPackName" : "codeql/javascript-queries"
                      }
[2025-01-18 21:28:37] Calling plumbing command: codeql resolve library-path --qlconfig-file=/usr/local/codeql/qlconfig.yml --query=/usr/local/codeql/qlpacks/codeql/javascript-queries/1.2.6/Security/CWE-326/InsufficientKeySize.ql --find-extractors --full-library-path=none --dbscheme=none --format=json
[2025-01-18 21:28:37] [DETAILS] resolve library-path> Resolving query at normalized path /usr/local/codeql/qlpacks/codeql/javascript-queries/1.2.6/Security/CWE-326/InsufficientKeySize.ql.
[2025-01-18 21:28:37] [DETAILS] resolve library-path> Found enclosing pack 'codeql/javascript-queries' at /usr/local/codeql/qlpacks/codeql/javascript-queries/1.2.6.
[2025-01-18 21:28:37] [DETAILS] resolve library-path> Adding compilation cache at /home/prometheus/.codeql/compile-cache.
[2025-01-18 21:28:37] [DETAILS] resolve library-path> QL pack dependencies for /usr/local/codeql/qlpacks/codeql/javascript-queries/1.2.6 found in cache.
[2025-01-18 21:28:37] [DETAILS] resolve library-path> Dbscheme was explicitly overridden as /usr/local/codeql/none
[2025-01-18 21:28:37] [DETAILS] resolve library-path> Library path was overridden on command line.
[2025-01-18 21:28:37] Plumbing command codeql resolve library-path completed:
                      {
                        "libraryPath" : [
                          "/usr/local/codeql/none"
                        ],
                        "dbscheme" : "/usr/local/codeql/none",
                        "compilationCache" : [
                          "/home/prometheus/.codeql/compile-cache"
                        ],
                        "relativeName" : "codeql/javascript-queries/Security/CWE-326/InsufficientKeySize.ql",
                        "extractors" : [
                          "javascript"
                        ],
                        "qlPackName" : "codeql/javascript-queries"
                      }
[2025-01-18 21:28:37] Calling plumbing command: codeql resolve library-path --qlconfig-file=/usr/local/codeql/qlconfig.yml --query=/usr/local/codeql/qlpacks/codeql/javascript-queries/1.2.6/Security/CWE-346/CorsMisconfigurationForCredentials.ql --find-extractors --full-library-path=none --dbscheme=none --format=json
[2025-01-18 21:28:37] [DETAILS] resolve library-path> Resolving query at normalized path /usr/local/codeql/qlpacks/codeql/javascript-queries/1.2.6/Security/CWE-346/CorsMisconfigurationForCredentials.ql.
[2025-01-18 21:28:37] [DETAILS] resolve library-path> Found enclosing pack 'codeql/javascript-queries' at /usr/local/codeql/qlpacks/codeql/javascript-queries/1.2.6.
[2025-01-18 21:28:37] [DETAILS] resolve library-path> Adding compilation cache at /home/prometheus/.codeql/compile-cache.
[2025-01-18 21:28:37] [DETAILS] resolve library-path> QL pack dependencies for /usr/local/codeql/qlpacks/codeql/javascript-queries/1.2.6 found in cache.
[2025-01-18 21:28:37] [DETAILS] resolve library-path> Dbscheme was explicitly overridden as /usr/local/codeql/none
[2025-01-18 21:28:37] [DETAILS] resolve library-path> Library path was overridden on command line.
[2025-01-18 21:28:37] Plumbing command codeql resolve library-path completed:
                      {
                        "libraryPath" : [
                          "/usr/local/codeql/none"
                        ],
                        "dbscheme" : "/usr/local/codeql/none",
                        "compilationCache" : [
                          "/home/prometheus/.codeql/compile-cache"
                        ],
                        "relativeName" : "codeql/javascript-queries/Security/CWE-346/CorsMisconfigurationForCredentials.ql",
                        "extractors" : [
                          "javascript"
                        ],
                        "qlPackName" : "codeql/javascript-queries"
                      }
[2025-01-18 21:28:37] Calling plumbing command: codeql resolve library-path --qlconfig-file=/usr/local/codeql/qlconfig.yml --query=/usr/local/codeql/qlpacks/codeql/javascript-queries/1.2.6/Security/CWE-834/LoopBoundInjection.ql --find-extractors --full-library-path=none --dbscheme=none --format=json
[2025-01-18 21:28:37] [DETAILS] resolve library-path> Resolving query at normalized path /usr/local/codeql/qlpacks/codeql/javascript-queries/1.2.6/Security/CWE-834/LoopBoundInjection.ql.
[2025-01-18 21:28:37] [DETAILS] resolve library-path> Found enclosing pack 'codeql/javascript-queries' at /usr/local/codeql/qlpacks/codeql/javascript-queries/1.2.6.
[2025-01-18 21:28:37] [DETAILS] resolve library-path> Adding compilation cache at /home/prometheus/.codeql/compile-cache.
[2025-01-18 21:28:37] [DETAILS] resolve library-path> QL pack dependencies for /usr/local/codeql/qlpacks/codeql/javascript-queries/1.2.6 found in cache.
[2025-01-18 21:28:37] [DETAILS] resolve library-path> Dbscheme was explicitly overridden as /usr/local/codeql/none
[2025-01-18 21:28:37] [DETAILS] resolve library-path> Library path was overridden on command line.
[2025-01-18 21:28:37] Plumbing command codeql resolve library-path completed:
                      {
                        "libraryPath" : [
                          "/usr/local/codeql/none"
                        ],
                        "dbscheme" : "/usr/local/codeql/none",
                        "compilationCache" : [
                          "/home/prometheus/.codeql/compile-cache"
                        ],
                        "relativeName" : "codeql/javascript-queries/Security/CWE-834/LoopBoundInjection.ql",
                        "extractors" : [
                          "javascript"
                        ],
                        "qlPackName" : "codeql/javascript-queries"
                      }
[2025-01-18 21:28:37] Calling plumbing command: codeql resolve library-path --qlconfig-file=/usr/local/codeql/qlconfig.yml --query=/usr/local/codeql/qlpacks/codeql/javascript-queries/1.2.6/Security/CWE-116/BadTagFilter.ql --find-extractors --full-library-path=none --dbscheme=none --format=json
[2025-01-18 21:28:37] [DETAILS] resolve library-path> Resolving query at normalized path /usr/local/codeql/qlpacks/codeql/javascript-queries/1.2.6/Security/CWE-116/BadTagFilter.ql.
[2025-01-18 21:28:37] [DETAILS] resolve library-path> Found enclosing pack 'codeql/javascript-queries' at /usr/local/codeql/qlpacks/codeql/javascript-queries/1.2.6.
[2025-01-18 21:28:37] [DETAILS] resolve library-path> Adding compilation cache at /home/prometheus/.codeql/compile-cache.
[2025-01-18 21:28:37] [DETAILS] resolve library-path> QL pack dependencies for /usr/local/codeql/qlpacks/codeql/javascript-queries/1.2.6 found in cache.
[2025-01-18 21:28:37] [DETAILS] resolve library-path> Dbscheme was explicitly overridden as /usr/local/codeql/none
[2025-01-18 21:28:37] [DETAILS] resolve library-path> Library path was overridden on command line.
[2025-01-18 21:28:37] Plumbing command codeql resolve library-path completed:
                      {
                        "libraryPath" : [
                          "/usr/local/codeql/none"
                        ],
                        "dbscheme" : "/usr/local/codeql/none",
                        "compilationCache" : [
                          "/home/prometheus/.codeql/compile-cache"
                        ],
                        "relativeName" : "codeql/javascript-queries/Security/CWE-116/BadTagFilter.ql",
                        "extractors" : [
                          "javascript"
                        ],
                        "qlPackName" : "codeql/javascript-queries"
                      }
[2025-01-18 21:28:37] Calling plumbing command: codeql resolve library-path --qlconfig-file=/usr/local/codeql/qlconfig.yml --query=/usr/local/codeql/qlpacks/codeql/javascript-queries/1.2.6/Security/CWE-116/DoubleEscaping.ql --find-extractors --full-library-path=none --dbscheme=none --format=json
[2025-01-18 21:28:37] [DETAILS] resolve library-path> Resolving query at normalized path /usr/local/codeql/qlpacks/codeql/javascript-queries/1.2.6/Security/CWE-116/DoubleEscaping.ql.
[2025-01-18 21:28:37] [DETAILS] resolve library-path> Found enclosing pack 'codeql/javascript-queries' at /usr/local/codeql/qlpacks/codeql/javascript-queries/1.2.6.
[2025-01-18 21:28:37] [DETAILS] resolve library-path> Adding compilation cache at /home/prometheus/.codeql/compile-cache.
[2025-01-18 21:28:37] [DETAILS] resolve library-path> QL pack dependencies for /usr/local/codeql/qlpacks/codeql/javascript-queries/1.2.6 found in cache.
[2025-01-18 21:28:37] [DETAILS] resolve library-path> Dbscheme was explicitly overridden as /usr/local/codeql/none
[2025-01-18 21:28:37] [DETAILS] resolve library-path> Library path was overridden on command line.
[2025-01-18 21:28:37] Plumbing command codeql resolve library-path completed:
                      {
                        "libraryPath" : [
                          "/usr/local/codeql/none"
                        ],
                        "dbscheme" : "/usr/local/codeql/none",
                        "compilationCache" : [
                          "/home/prometheus/.codeql/compile-cache"
                        ],
                        "relativeName" : "codeql/javascript-queries/Security/CWE-116/DoubleEscaping.ql",
                        "extractors" : [
                          "javascript"
                        ],
                        "qlPackName" : "codeql/javascript-queries"
                      }
[2025-01-18 21:28:37] Calling plumbing command: codeql resolve library-path --qlconfig-file=/usr/local/codeql/qlconfig.yml --query=/usr/local/codeql/qlpacks/codeql/javascript-queries/1.2.6/Security/CWE-116/IncompleteMultiCharacterSanitization.ql --find-extractors --full-library-path=none --dbscheme=none --format=json
[2025-01-18 21:28:37] [DETAILS] resolve library-path> Resolving query at normalized path /usr/local/codeql/qlpacks/codeql/javascript-queries/1.2.6/Security/CWE-116/IncompleteMultiCharacterSanitization.ql.
[2025-01-18 21:28:37] [DETAILS] resolve library-path> Found enclosing pack 'codeql/javascript-queries' at /usr/local/codeql/qlpacks/codeql/javascript-queries/1.2.6.
[2025-01-18 21:28:37] [DETAILS] resolve library-path> Adding compilation cache at /home/prometheus/.codeql/compile-cache.
[2025-01-18 21:28:37] [DETAILS] resolve library-path> QL pack dependencies for /usr/local/codeql/qlpacks/codeql/javascript-queries/1.2.6 found in cache.
[2025-01-18 21:28:37] [DETAILS] resolve library-path> Dbscheme was explicitly overridden as /usr/local/codeql/none
[2025-01-18 21:28:37] [DETAILS] resolve library-path> Library path was overridden on command line.
[2025-01-18 21:28:37] Plumbing command codeql resolve library-path completed:
                      {
                        "libraryPath" : [
                          "/usr/local/codeql/none"
                        ],
                        "dbscheme" : "/usr/local/codeql/none",
                        "compilationCache" : [
                          "/home/prometheus/.codeql/compile-cache"
                        ],
                        "relativeName" : "codeql/javascript-queries/Security/CWE-116/IncompleteMultiCharacterSanitization.ql",
                        "extractors" : [
                          "javascript"
                        ],
                        "qlPackName" : "codeql/javascript-queries"
                      }
[2025-01-18 21:28:37] Calling plumbing command: codeql resolve library-path --qlconfig-file=/usr/local/codeql/qlconfig.yml --query=/usr/local/codeql/qlpacks/codeql/javascript-queries/1.2.6/Security/CWE-116/UnsafeHtmlExpansion.ql --find-extractors --full-library-path=none --dbscheme=none --format=json
[2025-01-18 21:28:37] [DETAILS] resolve library-path> Resolving query at normalized path /usr/local/codeql/qlpacks/codeql/javascript-queries/1.2.6/Security/CWE-116/UnsafeHtmlExpansion.ql.
[2025-01-18 21:28:37] [DETAILS] resolve library-path> Found enclosing pack 'codeql/javascript-queries' at /usr/local/codeql/qlpacks/codeql/javascript-queries/1.2.6.
[2025-01-18 21:28:37] [DETAILS] resolve library-path> Adding compilation cache at /home/prometheus/.codeql/compile-cache.
[2025-01-18 21:28:37] [DETAILS] resolve library-path> QL pack dependencies for /usr/local/codeql/qlpacks/codeql/javascript-queries/1.2.6 found in cache.
[2025-01-18 21:28:37] [DETAILS] resolve library-path> Dbscheme was explicitly overridden as /usr/local/codeql/none
[2025-01-18 21:28:37] [DETAILS] resolve library-path> Library path was overridden on command line.
[2025-01-18 21:28:37] Plumbing command codeql resolve library-path completed:
                      {
                        "libraryPath" : [
                          "/usr/local/codeql/none"
                        ],
                        "dbscheme" : "/usr/local/codeql/none",
                        "compilationCache" : [
                          "/home/prometheus/.codeql/compile-cache"
                        ],
                        "relativeName" : "codeql/javascript-queries/Security/CWE-116/UnsafeHtmlExpansion.ql",
                        "extractors" : [
                          "javascript"
                        ],
                        "qlPackName" : "codeql/javascript-queries"
                      }
[2025-01-18 21:28:37] Calling plumbing command: codeql resolve library-path --qlconfig-file=/usr/local/codeql/qlconfig.yml --query=/usr/local/codeql/qlpacks/codeql/javascript-queries/1.2.6/Security/CWE-116/IncompleteSanitization.ql --find-extractors --full-library-path=none --dbscheme=none --format=json
[2025-01-18 21:28:37] [DETAILS] resolve library-path> Resolving query at normalized path /usr/local/codeql/qlpacks/codeql/javascript-queries/1.2.6/Security/CWE-116/IncompleteSanitization.ql.
[2025-01-18 21:28:37] [DETAILS] resolve library-path> Found enclosing pack 'codeql/javascript-queries' at /usr/local/codeql/qlpacks/codeql/javascript-queries/1.2.6.
[2025-01-18 21:28:37] [DETAILS] resolve library-path> Adding compilation cache at /home/prometheus/.codeql/compile-cache.
[2025-01-18 21:28:37] [DETAILS] resolve library-path> QL pack dependencies for /usr/local/codeql/qlpacks/codeql/javascript-queries/1.2.6 found in cache.
[2025-01-18 21:28:37] [DETAILS] resolve library-path> Dbscheme was explicitly overridden as /usr/local/codeql/none
[2025-01-18 21:28:37] [DETAILS] resolve library-path> Library path was overridden on command line.
[2025-01-18 21:28:37] Plumbing command codeql resolve library-path completed:
                      {
                        "libraryPath" : [
                          "/usr/local/codeql/none"
                        ],
                        "dbscheme" : "/usr/local/codeql/none",
                        "compilationCache" : [
                          "/home/prometheus/.codeql/compile-cache"
                        ],
                        "relativeName" : "codeql/javascript-queries/Security/CWE-116/IncompleteSanitization.ql",
                        "extractors" : [
                          "javascript"
                        ],
                        "qlPackName" : "codeql/javascript-queries"
                      }
[2025-01-18 21:28:37] Calling plumbing command: codeql resolve library-path --qlconfig-file=/usr/local/codeql/qlconfig.yml --query=/usr/local/codeql/qlpacks/codeql/javascript-queries/1.2.6/Security/CWE-116/IncompleteHtmlAttributeSanitization.ql --find-extractors --full-library-path=none --dbscheme=none --format=json
[2025-01-18 21:28:37] [DETAILS] resolve library-path> Resolving query at normalized path /usr/local/codeql/qlpacks/codeql/javascript-queries/1.2.6/Security/CWE-116/IncompleteHtmlAttributeSanitization.ql.
[2025-01-18 21:28:37] [DETAILS] resolve library-path> Found enclosing pack 'codeql/javascript-queries' at /usr/local/codeql/qlpacks/codeql/javascript-queries/1.2.6.
[2025-01-18 21:28:37] [DETAILS] resolve library-path> Adding compilation cache at /home/prometheus/.codeql/compile-cache.
[2025-01-18 21:28:37] [DETAILS] resolve library-path> QL pack dependencies for /usr/local/codeql/qlpacks/codeql/javascript-queries/1.2.6 found in cache.
[2025-01-18 21:28:37] [DETAILS] resolve library-path> Dbscheme was explicitly overridden as /usr/local/codeql/none
[2025-01-18 21:28:37] [DETAILS] resolve library-path> Library path was overridden on command line.
[2025-01-18 21:28:37] Plumbing command codeql resolve library-path completed:
                      {
                        "libraryPath" : [
                          "/usr/local/codeql/none"
                        ],
                        "dbscheme" : "/usr/local/codeql/none",
                        "compilationCache" : [
                          "/home/prometheus/.codeql/compile-cache"
                        ],
                        "relativeName" : "codeql/javascript-queries/Security/CWE-116/IncompleteHtmlAttributeSanitization.ql",
                        "extractors" : [
                          "javascript"
                        ],
                        "qlPackName" : "codeql/javascript-queries"
                      }
[2025-01-18 21:28:37] Calling plumbing command: codeql resolve library-path --qlconfig-file=/usr/local/codeql/qlconfig.yml --query=/usr/local/codeql/qlpacks/codeql/javascript-queries/1.2.6/Security/CWE-611/Xxe.ql --find-extractors --full-library-path=none --dbscheme=none --format=json
[2025-01-18 21:28:37] [DETAILS] resolve library-path> Resolving query at normalized path /usr/local/codeql/qlpacks/codeql/javascript-queries/1.2.6/Security/CWE-611/Xxe.ql.
[2025-01-18 21:28:37] [DETAILS] resolve library-path> Found enclosing pack 'codeql/javascript-queries' at /usr/local/codeql/qlpacks/codeql/javascript-queries/1.2.6.
[2025-01-18 21:28:37] [DETAILS] resolve library-path> Adding compilation cache at /home/prometheus/.codeql/compile-cache.
[2025-01-18 21:28:37] [DETAILS] resolve library-path> QL pack dependencies for /usr/local/codeql/qlpacks/codeql/javascript-queries/1.2.6 found in cache.
[2025-01-18 21:28:37] [DETAILS] resolve library-path> Dbscheme was explicitly overridden as /usr/local/codeql/none
[2025-01-18 21:28:37] [DETAILS] resolve library-path> Library path was overridden on command line.
[2025-01-18 21:28:37] Plumbing command codeql resolve library-path completed:
                      {
                        "libraryPath" : [
                          "/usr/local/codeql/none"
                        ],
                        "dbscheme" : "/usr/local/codeql/none",
                        "compilationCache" : [
                          "/home/prometheus/.codeql/compile-cache"
                        ],
                        "relativeName" : "codeql/javascript-queries/Security/CWE-611/Xxe.ql",
                        "extractors" : [
                          "javascript"
                        ],
                        "qlPackName" : "codeql/javascript-queries"
                      }
[2025-01-18 21:28:37] Calling plumbing command: codeql resolve library-path --qlconfig-file=/usr/local/codeql/qlconfig.yml --query=/usr/local/codeql/qlpacks/codeql/javascript-queries/1.2.6/Security/CWE-201/PostMessageStar.ql --find-extractors --full-library-path=none --dbscheme=none --format=json
[2025-01-18 21:28:37] [DETAILS] resolve library-path> Resolving query at normalized path /usr/local/codeql/qlpacks/codeql/javascript-queries/1.2.6/Security/CWE-201/PostMessageStar.ql.
[2025-01-18 21:28:37] [DETAILS] resolve library-path> Found enclosing pack 'codeql/javascript-queries' at /usr/local/codeql/qlpacks/codeql/javascript-queries/1.2.6.
[2025-01-18 21:28:37] [DETAILS] resolve library-path> Adding compilation cache at /home/prometheus/.codeql/compile-cache.
[2025-01-18 21:28:37] [DETAILS] resolve library-path> QL pack dependencies for /usr/local/codeql/qlpacks/codeql/javascript-queries/1.2.6 found in cache.
[2025-01-18 21:28:37] [DETAILS] resolve library-path> Dbscheme was explicitly overridden as /usr/local/codeql/none
[2025-01-18 21:28:37] [DETAILS] resolve library-path> Library path was overridden on command line.
[2025-01-18 21:28:37] Plumbing command codeql resolve library-path completed:
                      {
                        "libraryPath" : [
                          "/usr/local/codeql/none"
                        ],
                        "dbscheme" : "/usr/local/codeql/none",
                        "compilationCache" : [
                          "/home/prometheus/.codeql/compile-cache"
                        ],
                        "relativeName" : "codeql/javascript-queries/Security/CWE-201/PostMessageStar.ql",
                        "extractors" : [
                          "javascript"
                        ],
                        "qlPackName" : "codeql/javascript-queries"
                      }
[2025-01-18 21:28:37] Calling plumbing command: codeql resolve library-path --qlconfig-file=/usr/local/codeql/qlconfig.yml --query=/usr/local/codeql/qlpacks/codeql/javascript-queries/1.2.6/Security/CWE-754/UnvalidatedDynamicMethodCall.ql --find-extractors --full-library-path=none --dbscheme=none --format=json
[2025-01-18 21:28:37] [DETAILS] resolve library-path> Resolving query at normalized path /usr/local/codeql/qlpacks/codeql/javascript-queries/1.2.6/Security/CWE-754/UnvalidatedDynamicMethodCall.ql.
[2025-01-18 21:28:37] [DETAILS] resolve library-path> Found enclosing pack 'codeql/javascript-queries' at /usr/local/codeql/qlpacks/codeql/javascript-queries/1.2.6.
[2025-01-18 21:28:37] [DETAILS] resolve library-path> Adding compilation cache at /home/prometheus/.codeql/compile-cache.
[2025-01-18 21:28:37] [DETAILS] resolve library-path> QL pack dependencies for /usr/local/codeql/qlpacks/codeql/javascript-queries/1.2.6 found in cache.
[2025-01-18 21:28:37] [DETAILS] resolve library-path> Dbscheme was explicitly overridden as /usr/local/codeql/none
[2025-01-18 21:28:37] [DETAILS] resolve library-path> Library path was overridden on command line.
[2025-01-18 21:28:37] Plumbing command codeql resolve library-path completed:
                      {
                        "libraryPath" : [
                          "/usr/local/codeql/none"
                        ],
                        "dbscheme" : "/usr/local/codeql/none",
                        "compilationCache" : [
                          "/home/prometheus/.codeql/compile-cache"
                        ],
                        "relativeName" : "codeql/javascript-queries/Security/CWE-754/UnvalidatedDynamicMethodCall.ql",
                        "extractors" : [
                          "javascript"
                        ],
                        "qlPackName" : "codeql/javascript-queries"
                      }
[2025-01-18 21:28:37] Calling plumbing command: codeql resolve library-path --qlconfig-file=/usr/local/codeql/qlconfig.yml --query=/usr/local/codeql/qlpacks/codeql/javascript-queries/1.2.6/Security/CWE-022/ZipSlip.ql --find-extractors --full-library-path=none --dbscheme=none --format=json
[2025-01-18 21:28:37] [DETAILS] resolve library-path> Resolving query at normalized path /usr/local/codeql/qlpacks/codeql/javascript-queries/1.2.6/Security/CWE-022/ZipSlip.ql.
[2025-01-18 21:28:37] [DETAILS] resolve library-path> Found enclosing pack 'codeql/javascript-queries' at /usr/local/codeql/qlpacks/codeql/javascript-queries/1.2.6.
[2025-01-18 21:28:37] [DETAILS] resolve library-path> Adding compilation cache at /home/prometheus/.codeql/compile-cache.
[2025-01-18 21:28:37] [DETAILS] resolve library-path> QL pack dependencies for /usr/local/codeql/qlpacks/codeql/javascript-queries/1.2.6 found in cache.
[2025-01-18 21:28:37] [DETAILS] resolve library-path> Dbscheme was explicitly overridden as /usr/local/codeql/none
[2025-01-18 21:28:37] [DETAILS] resolve library-path> Library path was overridden on command line.
[2025-01-18 21:28:37] Plumbing command codeql resolve library-path completed:
                      {
                        "libraryPath" : [
                          "/usr/local/codeql/none"
                        ],
                        "dbscheme" : "/usr/local/codeql/none",
                        "compilationCache" : [
                          "/home/prometheus/.codeql/compile-cache"
                        ],
                        "relativeName" : "codeql/javascript-queries/Security/CWE-022/ZipSlip.ql",
                        "extractors" : [
                          "javascript"
                        ],
                        "qlPackName" : "codeql/javascript-queries"
                      }
[2025-01-18 21:28:37] Calling plumbing command: codeql resolve library-path --qlconfig-file=/usr/local/codeql/qlconfig.yml --query=/usr/local/codeql/qlpacks/codeql/javascript-queries/1.2.6/Security/CWE-022/TaintedPath.ql --find-extractors --full-library-path=none --dbscheme=none --format=json
[2025-01-18 21:28:37] [DETAILS] resolve library-path> Resolving query at normalized path /usr/local/codeql/qlpacks/codeql/javascript-queries/1.2.6/Security/CWE-022/TaintedPath.ql.
[2025-01-18 21:28:37] [DETAILS] resolve library-path> Found enclosing pack 'codeql/javascript-queries' at /usr/local/codeql/qlpacks/codeql/javascript-queries/1.2.6.
[2025-01-18 21:28:37] [DETAILS] resolve library-path> Adding compilation cache at /home/prometheus/.codeql/compile-cache.
[2025-01-18 21:28:37] [DETAILS] resolve library-path> QL pack dependencies for /usr/local/codeql/qlpacks/codeql/javascript-queries/1.2.6 found in cache.
[2025-01-18 21:28:37] [DETAILS] resolve library-path> Dbscheme was explicitly overridden as /usr/local/codeql/none
[2025-01-18 21:28:37] [DETAILS] resolve library-path> Library path was overridden on command line.
[2025-01-18 21:28:37] Plumbing command codeql resolve library-path completed:
                      {
                        "libraryPath" : [
                          "/usr/local/codeql/none"
                        ],
                        "dbscheme" : "/usr/local/codeql/none",
                        "compilationCache" : [
                          "/home/prometheus/.codeql/compile-cache"
                        ],
                        "relativeName" : "codeql/javascript-queries/Security/CWE-022/TaintedPath.ql",
                        "extractors" : [
                          "javascript"
                        ],
                        "qlPackName" : "codeql/javascript-queries"
                      }
[2025-01-18 21:28:37] Calling plumbing command: codeql resolve library-path --qlconfig-file=/usr/local/codeql/qlconfig.yml --query=/usr/local/codeql/qlpacks/codeql/javascript-queries/1.2.6/Security/CWE-693/InsecureHelmet.ql --find-extractors --full-library-path=none --dbscheme=none --format=json
[2025-01-18 21:28:37] [DETAILS] resolve library-path> Resolving query at normalized path /usr/local/codeql/qlpacks/codeql/javascript-queries/1.2.6/Security/CWE-693/InsecureHelmet.ql.
[2025-01-18 21:28:37] [DETAILS] resolve library-path> Found enclosing pack 'codeql/javascript-queries' at /usr/local/codeql/qlpacks/codeql/javascript-queries/1.2.6.
[2025-01-18 21:28:37] [DETAILS] resolve library-path> Adding compilation cache at /home/prometheus/.codeql/compile-cache.
[2025-01-18 21:28:37] [DETAILS] resolve library-path> QL pack dependencies for /usr/local/codeql/qlpacks/codeql/javascript-queries/1.2.6 found in cache.
[2025-01-18 21:28:37] [DETAILS] resolve library-path> Dbscheme was explicitly overridden as /usr/local/codeql/none
[2025-01-18 21:28:37] [DETAILS] resolve library-path> Library path was overridden on command line.
[2025-01-18 21:28:37] Plumbing command codeql resolve library-path completed:
                      {
                        "libraryPath" : [
                          "/usr/local/codeql/none"
                        ],
                        "dbscheme" : "/usr/local/codeql/none",
                        "compilationCache" : [
                          "/home/prometheus/.codeql/compile-cache"
                        ],
                        "relativeName" : "codeql/javascript-queries/Security/CWE-693/InsecureHelmet.ql",
                        "extractors" : [
                          "javascript"
                        ],
                        "qlPackName" : "codeql/javascript-queries"
                      }
[2025-01-18 21:28:37] Calling plumbing command: codeql resolve library-path --qlconfig-file=/usr/local/codeql/qlconfig.yml --query=/usr/local/codeql/qlpacks/codeql/javascript-queries/1.2.6/Security/CWE-598/SensitiveGetQuery.ql --find-extractors --full-library-path=none --dbscheme=none --format=json
[2025-01-18 21:28:37] [DETAILS] resolve library-path> Resolving query at normalized path /usr/local/codeql/qlpacks/codeql/javascript-queries/1.2.6/Security/CWE-598/SensitiveGetQuery.ql.
[2025-01-18 21:28:37] [DETAILS] resolve library-path> Found enclosing pack 'codeql/javascript-queries' at /usr/local/codeql/qlpacks/codeql/javascript-queries/1.2.6.
[2025-01-18 21:28:37] [DETAILS] resolve library-path> Adding compilation cache at /home/prometheus/.codeql/compile-cache.
[2025-01-18 21:28:37] [DETAILS] resolve library-path> QL pack dependencies for /usr/local/codeql/qlpacks/codeql/javascript-queries/1.2.6 found in cache.
[2025-01-18 21:28:37] [DETAILS] resolve library-path> Dbscheme was explicitly overridden as /usr/local/codeql/none
[2025-01-18 21:28:37] [DETAILS] resolve library-path> Library path was overridden on command line.
[2025-01-18 21:28:37] Plumbing command codeql resolve library-path completed:
                      {
                        "libraryPath" : [
                          "/usr/local/codeql/none"
                        ],
                        "dbscheme" : "/usr/local/codeql/none",
                        "compilationCache" : [
                          "/home/prometheus/.codeql/compile-cache"
                        ],
                        "relativeName" : "codeql/javascript-queries/Security/CWE-598/SensitiveGetQuery.ql",
                        "extractors" : [
                          "javascript"
                        ],
                        "qlPackName" : "codeql/javascript-queries"
                      }
[2025-01-18 21:28:37] Calling plumbing command: codeql resolve library-path --qlconfig-file=/usr/local/codeql/qlconfig.yml --query=/usr/local/codeql/qlpacks/codeql/javascript-queries/1.2.6/Security/CWE-338/InsecureRandomness.ql --find-extractors --full-library-path=none --dbscheme=none --format=json
[2025-01-18 21:28:37] [DETAILS] resolve library-path> Resolving query at normalized path /usr/local/codeql/qlpacks/codeql/javascript-queries/1.2.6/Security/CWE-338/InsecureRandomness.ql.
[2025-01-18 21:28:37] [DETAILS] resolve library-path> Found enclosing pack 'codeql/javascript-queries' at /usr/local/codeql/qlpacks/codeql/javascript-queries/1.2.6.
[2025-01-18 21:28:37] [DETAILS] resolve library-path> Adding compilation cache at /home/prometheus/.codeql/compile-cache.
[2025-01-18 21:28:37] [DETAILS] resolve library-path> QL pack dependencies for /usr/local/codeql/qlpacks/codeql/javascript-queries/1.2.6 found in cache.
[2025-01-18 21:28:37] [DETAILS] resolve library-path> Dbscheme was explicitly overridden as /usr/local/codeql/none
[2025-01-18 21:28:37] [DETAILS] resolve library-path> Library path was overridden on command line.
[2025-01-18 21:28:37] Plumbing command codeql resolve library-path completed:
                      {
                        "libraryPath" : [
                          "/usr/local/codeql/none"
                        ],
                        "dbscheme" : "/usr/local/codeql/none",
                        "compilationCache" : [
                          "/home/prometheus/.codeql/compile-cache"
                        ],
                        "relativeName" : "codeql/javascript-queries/Security/CWE-338/InsecureRandomness.ql",
                        "extractors" : [
                          "javascript"
                        ],
                        "qlPackName" : "codeql/javascript-queries"
                      }
[2025-01-18 21:28:37] Calling plumbing command: codeql resolve library-path --qlconfig-file=/usr/local/codeql/qlconfig.yml --query=/usr/local/codeql/qlpacks/codeql/javascript-queries/1.2.6/Security/CWE-643/XpathInjection.ql --find-extractors --full-library-path=none --dbscheme=none --format=json
[2025-01-18 21:28:37] [DETAILS] resolve library-path> Resolving query at normalized path /usr/local/codeql/qlpacks/codeql/javascript-queries/1.2.6/Security/CWE-643/XpathInjection.ql.
[2025-01-18 21:28:37] [DETAILS] resolve library-path> Found enclosing pack 'codeql/javascript-queries' at /usr/local/codeql/qlpacks/codeql/javascript-queries/1.2.6.
[2025-01-18 21:28:37] [DETAILS] resolve library-path> Adding compilation cache at /home/prometheus/.codeql/compile-cache.
[2025-01-18 21:28:37] [DETAILS] resolve library-path> QL pack dependencies for /usr/local/codeql/qlpacks/codeql/javascript-queries/1.2.6 found in cache.
[2025-01-18 21:28:37] [DETAILS] resolve library-path> Dbscheme was explicitly overridden as /usr/local/codeql/none
[2025-01-18 21:28:37] [DETAILS] resolve library-path> Library path was overridden on command line.
[2025-01-18 21:28:37] Plumbing command codeql resolve library-path completed:
                      {
                        "libraryPath" : [
                          "/usr/local/codeql/none"
                        ],
                        "dbscheme" : "/usr/local/codeql/none",
                        "compilationCache" : [
                          "/home/prometheus/.codeql/compile-cache"
                        ],
                        "relativeName" : "codeql/javascript-queries/Security/CWE-643/XpathInjection.ql",
                        "extractors" : [
                          "javascript"
                        ],
                        "qlPackName" : "codeql/javascript-queries"
                      }
[2025-01-18 21:28:37] Calling plumbing command: codeql resolve library-path --qlconfig-file=/usr/local/codeql/qlconfig.yml --query=/usr/local/codeql/qlpacks/codeql/javascript-queries/1.2.6/Security/CWE-830/FunctionalityFromUntrustedDomain.ql --find-extractors --full-library-path=none --dbscheme=none --format=json
[2025-01-18 21:28:37] [DETAILS] resolve library-path> Resolving query at normalized path /usr/local/codeql/qlpacks/codeql/javascript-queries/1.2.6/Security/CWE-830/FunctionalityFromUntrustedDomain.ql.
[2025-01-18 21:28:37] [DETAILS] resolve library-path> Found enclosing pack 'codeql/javascript-queries' at /usr/local/codeql/qlpacks/codeql/javascript-queries/1.2.6.
[2025-01-18 21:28:37] [DETAILS] resolve library-path> Adding compilation cache at /home/prometheus/.codeql/compile-cache.
[2025-01-18 21:28:37] [DETAILS] resolve library-path> QL pack dependencies for /usr/local/codeql/qlpacks/codeql/javascript-queries/1.2.6 found in cache.
[2025-01-18 21:28:37] [DETAILS] resolve library-path> Dbscheme was explicitly overridden as /usr/local/codeql/none
[2025-01-18 21:28:37] [DETAILS] resolve library-path> Library path was overridden on command line.
[2025-01-18 21:28:37] Plumbing command codeql resolve library-path completed:
                      {
                        "libraryPath" : [
                          "/usr/local/codeql/none"
                        ],
                        "dbscheme" : "/usr/local/codeql/none",
                        "compilationCache" : [
                          "/home/prometheus/.codeql/compile-cache"
                        ],
                        "relativeName" : "codeql/javascript-queries/Security/CWE-830/FunctionalityFromUntrustedDomain.ql",
                        "extractors" : [
                          "javascript"
                        ],
                        "qlPackName" : "codeql/javascript-queries"
                      }
[2025-01-18 21:28:37] Calling plumbing command: codeql resolve library-path --qlconfig-file=/usr/local/codeql/qlconfig.yml --query=/usr/local/codeql/qlpacks/codeql/javascript-queries/1.2.6/Security/CWE-830/FunctionalityFromUntrustedSource.ql --find-extractors --full-library-path=none --dbscheme=none --format=json
[2025-01-18 21:28:37] [DETAILS] resolve library-path> Resolving query at normalized path /usr/local/codeql/qlpacks/codeql/javascript-queries/1.2.6/Security/CWE-830/FunctionalityFromUntrustedSource.ql.
[2025-01-18 21:28:37] [DETAILS] resolve library-path> Found enclosing pack 'codeql/javascript-queries' at /usr/local/codeql/qlpacks/codeql/javascript-queries/1.2.6.
[2025-01-18 21:28:37] [DETAILS] resolve library-path> Adding compilation cache at /home/prometheus/.codeql/compile-cache.
[2025-01-18 21:28:37] [DETAILS] resolve library-path> QL pack dependencies for /usr/local/codeql/qlpacks/codeql/javascript-queries/1.2.6 found in cache.
[2025-01-18 21:28:37] [DETAILS] resolve library-path> Dbscheme was explicitly overridden as /usr/local/codeql/none
[2025-01-18 21:28:37] [DETAILS] resolve library-path> Library path was overridden on command line.
[2025-01-18 21:28:37] Plumbing command codeql resolve library-path completed:
                      {
                        "libraryPath" : [
                          "/usr/local/codeql/none"
                        ],
                        "dbscheme" : "/usr/local/codeql/none",
                        "compilationCache" : [
                          "/home/prometheus/.codeql/compile-cache"
                        ],
                        "relativeName" : "codeql/javascript-queries/Security/CWE-830/FunctionalityFromUntrustedSource.ql",
                        "extractors" : [
                          "javascript"
                        ],
                        "qlPackName" : "codeql/javascript-queries"
                      }
[2025-01-18 21:28:37] Calling plumbing command: codeql resolve library-path --qlconfig-file=/usr/local/codeql/qlconfig.yml --query=/usr/local/codeql/qlpacks/codeql/javascript-queries/1.2.6/Security/CWE-134/TaintedFormatString.ql --find-extractors --full-library-path=none --dbscheme=none --format=json
[2025-01-18 21:28:37] [DETAILS] resolve library-path> Resolving query at normalized path /usr/local/codeql/qlpacks/codeql/javascript-queries/1.2.6/Security/CWE-134/TaintedFormatString.ql.
[2025-01-18 21:28:37] [DETAILS] resolve library-path> Found enclosing pack 'codeql/javascript-queries' at /usr/local/codeql/qlpacks/codeql/javascript-queries/1.2.6.
[2025-01-18 21:28:37] [DETAILS] resolve library-path> Adding compilation cache at /home/prometheus/.codeql/compile-cache.
[2025-01-18 21:28:37] [DETAILS] resolve library-path> QL pack dependencies for /usr/local/codeql/qlpacks/codeql/javascript-queries/1.2.6 found in cache.
[2025-01-18 21:28:37] [DETAILS] resolve library-path> Dbscheme was explicitly overridden as /usr/local/codeql/none
[2025-01-18 21:28:37] [DETAILS] resolve library-path> Library path was overridden on command line.
[2025-01-18 21:28:37] Plumbing command codeql resolve library-path completed:
                      {
                        "libraryPath" : [
                          "/usr/local/codeql/none"
                        ],
                        "dbscheme" : "/usr/local/codeql/none",
                        "compilationCache" : [
                          "/home/prometheus/.codeql/compile-cache"
                        ],
                        "relativeName" : "codeql/javascript-queries/Security/CWE-134/TaintedFormatString.ql",
                        "extractors" : [
                          "javascript"
                        ],
                        "qlPackName" : "codeql/javascript-queries"
                      }
[2025-01-18 21:28:37] Calling plumbing command: codeql resolve library-path --qlconfig-file=/usr/local/codeql/qlconfig.yml --query=/usr/local/codeql/qlpacks/codeql/javascript-queries/1.2.6/Security/CWE-640/HostHeaderPoisoningInEmailGeneration.ql --find-extractors --full-library-path=none --dbscheme=none --format=json
[2025-01-18 21:28:37] [DETAILS] resolve library-path> Resolving query at normalized path /usr/local/codeql/qlpacks/codeql/javascript-queries/1.2.6/Security/CWE-640/HostHeaderPoisoningInEmailGeneration.ql.
[2025-01-18 21:28:37] [DETAILS] resolve library-path> Found enclosing pack 'codeql/javascript-queries' at /usr/local/codeql/qlpacks/codeql/javascript-queries/1.2.6.
[2025-01-18 21:28:37] [DETAILS] resolve library-path> Adding compilation cache at /home/prometheus/.codeql/compile-cache.
[2025-01-18 21:28:37] [DETAILS] resolve library-path> QL pack dependencies for /usr/local/codeql/qlpacks/codeql/javascript-queries/1.2.6 found in cache.
[2025-01-18 21:28:37] [DETAILS] resolve library-path> Dbscheme was explicitly overridden as /usr/local/codeql/none
[2025-01-18 21:28:37] [DETAILS] resolve library-path> Library path was overridden on command line.
[2025-01-18 21:28:37] Plumbing command codeql resolve library-path completed:
                      {
                        "libraryPath" : [
                          "/usr/local/codeql/none"
                        ],
                        "dbscheme" : "/usr/local/codeql/none",
                        "compilationCache" : [
                          "/home/prometheus/.codeql/compile-cache"
                        ],
                        "relativeName" : "codeql/javascript-queries/Security/CWE-640/HostHeaderPoisoningInEmailGeneration.ql",
                        "extractors" : [
                          "javascript"
                        ],
                        "qlPackName" : "codeql/javascript-queries"
                      }
[2025-01-18 21:28:37] Calling plumbing command: codeql resolve library-path --qlconfig-file=/usr/local/codeql/qlconfig.yml --query=/usr/local/codeql/qlpacks/codeql/javascript-queries/1.2.6/Security/CWE-915/PrototypePollutingMergeCall.ql --find-extractors --full-library-path=none --dbscheme=none --format=json
[2025-01-18 21:28:37] [DETAILS] resolve library-path> Resolving query at normalized path /usr/local/codeql/qlpacks/codeql/javascript-queries/1.2.6/Security/CWE-915/PrototypePollutingMergeCall.ql.
[2025-01-18 21:28:37] [DETAILS] resolve library-path> Found enclosing pack 'codeql/javascript-queries' at /usr/local/codeql/qlpacks/codeql/javascript-queries/1.2.6.
[2025-01-18 21:28:37] [DETAILS] resolve library-path> Adding compilation cache at /home/prometheus/.codeql/compile-cache.
[2025-01-18 21:28:37] [DETAILS] resolve library-path> QL pack dependencies for /usr/local/codeql/qlpacks/codeql/javascript-queries/1.2.6 found in cache.
[2025-01-18 21:28:37] [DETAILS] resolve library-path> Dbscheme was explicitly overridden as /usr/local/codeql/none
[2025-01-18 21:28:37] [DETAILS] resolve library-path> Library path was overridden on command line.
[2025-01-18 21:28:37] Plumbing command codeql resolve library-path completed:
                      {
                        "libraryPath" : [
                          "/usr/local/codeql/none"
                        ],
                        "dbscheme" : "/usr/local/codeql/none",
                        "compilationCache" : [
                          "/home/prometheus/.codeql/compile-cache"
                        ],
                        "relativeName" : "codeql/javascript-queries/Security/CWE-915/PrototypePollutingMergeCall.ql",
                        "extractors" : [
                          "javascript"
                        ],
                        "qlPackName" : "codeql/javascript-queries"
                      }
[2025-01-18 21:28:37] Calling plumbing command: codeql resolve library-path --qlconfig-file=/usr/local/codeql/qlconfig.yml --query=/usr/local/codeql/qlpacks/codeql/javascript-queries/1.2.6/Security/CWE-915/PrototypePollutingAssignment.ql --find-extractors --full-library-path=none --dbscheme=none --format=json
[2025-01-18 21:28:37] [DETAILS] resolve library-path> Resolving query at normalized path /usr/local/codeql/qlpacks/codeql/javascript-queries/1.2.6/Security/CWE-915/PrototypePollutingAssignment.ql.
[2025-01-18 21:28:37] [DETAILS] resolve library-path> Found enclosing pack 'codeql/javascript-queries' at /usr/local/codeql/qlpacks/codeql/javascript-queries/1.2.6.
[2025-01-18 21:28:37] [DETAILS] resolve library-path> Adding compilation cache at /home/prometheus/.codeql/compile-cache.
[2025-01-18 21:28:37] [DETAILS] resolve library-path> QL pack dependencies for /usr/local/codeql/qlpacks/codeql/javascript-queries/1.2.6 found in cache.
[2025-01-18 21:28:37] [DETAILS] resolve library-path> Dbscheme was explicitly overridden as /usr/local/codeql/none
[2025-01-18 21:28:37] [DETAILS] resolve library-path> Library path was overridden on command line.
[2025-01-18 21:28:37] Plumbing command codeql resolve library-path completed:
                      {
                        "libraryPath" : [
                          "/usr/local/codeql/none"
                        ],
                        "dbscheme" : "/usr/local/codeql/none",
                        "compilationCache" : [
                          "/home/prometheus/.codeql/compile-cache"
                        ],
                        "relativeName" : "codeql/javascript-queries/Security/CWE-915/PrototypePollutingAssignment.ql",
                        "extractors" : [
                          "javascript"
                        ],
                        "qlPackName" : "codeql/javascript-queries"
                      }
[2025-01-18 21:28:37] Calling plumbing command: codeql resolve library-path --qlconfig-file=/usr/local/codeql/qlconfig.yml --query=/usr/local/codeql/qlpacks/codeql/javascript-queries/1.2.6/Security/CWE-915/PrototypePollutingFunction.ql --find-extractors --full-library-path=none --dbscheme=none --format=json
[2025-01-18 21:28:37] [DETAILS] resolve library-path> Resolving query at normalized path /usr/local/codeql/qlpacks/codeql/javascript-queries/1.2.6/Security/CWE-915/PrototypePollutingFunction.ql.
[2025-01-18 21:28:37] [DETAILS] resolve library-path> Found enclosing pack 'codeql/javascript-queries' at /usr/local/codeql/qlpacks/codeql/javascript-queries/1.2.6.
[2025-01-18 21:28:37] [DETAILS] resolve library-path> Adding compilation cache at /home/prometheus/.codeql/compile-cache.
[2025-01-18 21:28:37] [DETAILS] resolve library-path> QL pack dependencies for /usr/local/codeql/qlpacks/codeql/javascript-queries/1.2.6 found in cache.
[2025-01-18 21:28:37] [DETAILS] resolve library-path> Dbscheme was explicitly overridden as /usr/local/codeql/none
[2025-01-18 21:28:37] [DETAILS] resolve library-path> Library path was overridden on command line.
[2025-01-18 21:28:37] Plumbing command codeql resolve library-path completed:
                      {
                        "libraryPath" : [
                          "/usr/local/codeql/none"
                        ],
                        "dbscheme" : "/usr/local/codeql/none",
                        "compilationCache" : [
                          "/home/prometheus/.codeql/compile-cache"
                        ],
                        "relativeName" : "codeql/javascript-queries/Security/CWE-915/PrototypePollutingFunction.ql",
                        "extractors" : [
                          "javascript"
                        ],
                        "qlPackName" : "codeql/javascript-queries"
                      }
[2025-01-18 21:28:37] Calling plumbing command: codeql resolve library-path --qlconfig-file=/usr/local/codeql/qlconfig.yml --query=/usr/local/codeql/qlpacks/codeql/javascript-queries/1.2.6/Security/CWE-094/ExpressionInjection.ql --find-extractors --full-library-path=none --dbscheme=none --format=json
[2025-01-18 21:28:37] [DETAILS] resolve library-path> Resolving query at normalized path /usr/local/codeql/qlpacks/codeql/javascript-queries/1.2.6/Security/CWE-094/ExpressionInjection.ql.
[2025-01-18 21:28:37] [DETAILS] resolve library-path> Found enclosing pack 'codeql/javascript-queries' at /usr/local/codeql/qlpacks/codeql/javascript-queries/1.2.6.
[2025-01-18 21:28:37] [DETAILS] resolve library-path> Adding compilation cache at /home/prometheus/.codeql/compile-cache.
[2025-01-18 21:28:37] [DETAILS] resolve library-path> QL pack dependencies for /usr/local/codeql/qlpacks/codeql/javascript-queries/1.2.6 found in cache.
[2025-01-18 21:28:37] [DETAILS] resolve library-path> Dbscheme was explicitly overridden as /usr/local/codeql/none
[2025-01-18 21:28:37] [DETAILS] resolve library-path> Library path was overridden on command line.
[2025-01-18 21:28:37] Plumbing command codeql resolve library-path completed:
                      {
                        "libraryPath" : [
                          "/usr/local/codeql/none"
                        ],
                        "dbscheme" : "/usr/local/codeql/none",
                        "compilationCache" : [
                          "/home/prometheus/.codeql/compile-cache"
                        ],
                        "relativeName" : "codeql/javascript-queries/Security/CWE-094/ExpressionInjection.ql",
                        "extractors" : [
                          "javascript"
                        ],
                        "qlPackName" : "codeql/javascript-queries"
                      }
[2025-01-18 21:28:37] Calling plumbing command: codeql resolve library-path --qlconfig-file=/usr/local/codeql/qlconfig.yml --query=/usr/local/codeql/qlpacks/codeql/javascript-queries/1.2.6/Security/CWE-094/ImproperCodeSanitization.ql --find-extractors --full-library-path=none --dbscheme=none --format=json
[2025-01-18 21:28:37] [DETAILS] resolve library-path> Resolving query at normalized path /usr/local/codeql/qlpacks/codeql/javascript-queries/1.2.6/Security/CWE-094/ImproperCodeSanitization.ql.
[2025-01-18 21:28:37] [DETAILS] resolve library-path> Found enclosing pack 'codeql/javascript-queries' at /usr/local/codeql/qlpacks/codeql/javascript-queries/1.2.6.
[2025-01-18 21:28:37] [DETAILS] resolve library-path> Adding compilation cache at /home/prometheus/.codeql/compile-cache.
[2025-01-18 21:28:37] [DETAILS] resolve library-path> QL pack dependencies for /usr/local/codeql/qlpacks/codeql/javascript-queries/1.2.6 found in cache.
[2025-01-18 21:28:37] [DETAILS] resolve library-path> Dbscheme was explicitly overridden as /usr/local/codeql/none
[2025-01-18 21:28:37] [DETAILS] resolve library-path> Library path was overridden on command line.
[2025-01-18 21:28:37] Plumbing command codeql resolve library-path completed:
                      {
                        "libraryPath" : [
                          "/usr/local/codeql/none"
                        ],
                        "dbscheme" : "/usr/local/codeql/none",
                        "compilationCache" : [
                          "/home/prometheus/.codeql/compile-cache"
                        ],
                        "relativeName" : "codeql/javascript-queries/Security/CWE-094/ImproperCodeSanitization.ql",
                        "extractors" : [
                          "javascript"
                        ],
                        "qlPackName" : "codeql/javascript-queries"
                      }
[2025-01-18 21:28:37] Calling plumbing command: codeql resolve library-path --qlconfig-file=/usr/local/codeql/qlconfig.yml --query=/usr/local/codeql/qlpacks/codeql/javascript-queries/1.2.6/Security/CWE-094/UnsafeDynamicMethodAccess.ql --find-extractors --full-library-path=none --dbscheme=none --format=json
[2025-01-18 21:28:37] [DETAILS] resolve library-path> Resolving query at normalized path /usr/local/codeql/qlpacks/codeql/javascript-queries/1.2.6/Security/CWE-094/UnsafeDynamicMethodAccess.ql.
[2025-01-18 21:28:37] [DETAILS] resolve library-path> Found enclosing pack 'codeql/javascript-queries' at /usr/local/codeql/qlpacks/codeql/javascript-queries/1.2.6.
[2025-01-18 21:28:37] [DETAILS] resolve library-path> Adding compilation cache at /home/prometheus/.codeql/compile-cache.
[2025-01-18 21:28:37] [DETAILS] resolve library-path> QL pack dependencies for /usr/local/codeql/qlpacks/codeql/javascript-queries/1.2.6 found in cache.
[2025-01-18 21:28:37] [DETAILS] resolve library-path> Dbscheme was explicitly overridden as /usr/local/codeql/none
[2025-01-18 21:28:37] [DETAILS] resolve library-path> Library path was overridden on command line.
[2025-01-18 21:28:37] Plumbing command codeql resolve library-path completed:
                      {
                        "libraryPath" : [
                          "/usr/local/codeql/none"
                        ],
                        "dbscheme" : "/usr/local/codeql/none",
                        "compilationCache" : [
                          "/home/prometheus/.codeql/compile-cache"
                        ],
                        "relativeName" : "codeql/javascript-queries/Security/CWE-094/UnsafeDynamicMethodAccess.ql",
                        "extractors" : [
                          "javascript"
                        ],
                        "qlPackName" : "codeql/javascript-queries"
                      }
[2025-01-18 21:28:37] Calling plumbing command: codeql resolve library-path --qlconfig-file=/usr/local/codeql/qlconfig.yml --query=/usr/local/codeql/qlpacks/codeql/javascript-queries/1.2.6/Security/CWE-094/CodeInjection.ql --find-extractors --full-library-path=none --dbscheme=none --format=json
[2025-01-18 21:28:37] [DETAILS] resolve library-path> Resolving query at normalized path /usr/local/codeql/qlpacks/codeql/javascript-queries/1.2.6/Security/CWE-094/CodeInjection.ql.
[2025-01-18 21:28:37] [DETAILS] resolve library-path> Found enclosing pack 'codeql/javascript-queries' at /usr/local/codeql/qlpacks/codeql/javascript-queries/1.2.6.
[2025-01-18 21:28:37] [DETAILS] resolve library-path> Adding compilation cache at /home/prometheus/.codeql/compile-cache.
[2025-01-18 21:28:37] [DETAILS] resolve library-path> QL pack dependencies for /usr/local/codeql/qlpacks/codeql/javascript-queries/1.2.6 found in cache.
[2025-01-18 21:28:37] [DETAILS] resolve library-path> Dbscheme was explicitly overridden as /usr/local/codeql/none
[2025-01-18 21:28:37] [DETAILS] resolve library-path> Library path was overridden on command line.
[2025-01-18 21:28:37] Plumbing command codeql resolve library-path completed:
                      {
                        "libraryPath" : [
                          "/usr/local/codeql/none"
                        ],
                        "dbscheme" : "/usr/local/codeql/none",
                        "compilationCache" : [
                          "/home/prometheus/.codeql/compile-cache"
                        ],
                        "relativeName" : "codeql/javascript-queries/Security/CWE-094/CodeInjection.ql",
                        "extractors" : [
                          "javascript"
                        ],
                        "qlPackName" : "codeql/javascript-queries"
                      }
[2025-01-18 21:28:37] Calling plumbing command: codeql resolve library-path --qlconfig-file=/usr/local/codeql/qlconfig.yml --query=/usr/local/codeql/qlpacks/codeql/javascript-queries/1.2.6/Security/CWE-200/PrivateFileExposure.ql --find-extractors --full-library-path=none --dbscheme=none --format=json
[2025-01-18 21:28:37] [DETAILS] resolve library-path> Resolving query at normalized path /usr/local/codeql/qlpacks/codeql/javascript-queries/1.2.6/Security/CWE-200/PrivateFileExposure.ql.
[2025-01-18 21:28:37] [DETAILS] resolve library-path> Found enclosing pack 'codeql/javascript-queries' at /usr/local/codeql/qlpacks/codeql/javascript-queries/1.2.6.
[2025-01-18 21:28:37] [DETAILS] resolve library-path> Adding compilation cache at /home/prometheus/.codeql/compile-cache.
[2025-01-18 21:28:37] [DETAILS] resolve library-path> QL pack dependencies for /usr/local/codeql/qlpacks/codeql/javascript-queries/1.2.6 found in cache.
[2025-01-18 21:28:37] [DETAILS] resolve library-path> Dbscheme was explicitly overridden as /usr/local/codeql/none
[2025-01-18 21:28:37] [DETAILS] resolve library-path> Library path was overridden on command line.
[2025-01-18 21:28:37] Plumbing command codeql resolve library-path completed:
                      {
                        "libraryPath" : [
                          "/usr/local/codeql/none"
                        ],
                        "dbscheme" : "/usr/local/codeql/none",
                        "compilationCache" : [
                          "/home/prometheus/.codeql/compile-cache"
                        ],
                        "relativeName" : "codeql/javascript-queries/Security/CWE-200/PrivateFileExposure.ql",
                        "extractors" : [
                          "javascript"
                        ],
                        "qlPackName" : "codeql/javascript-queries"
                      }
[2025-01-18 21:28:37] Calling plumbing command: codeql resolve library-path --qlconfig-file=/usr/local/codeql/qlconfig.yml --query=/usr/local/codeql/qlpacks/codeql/javascript-queries/1.2.6/Security/CWE-295/DisablingCertificateValidation.ql --find-extractors --full-library-path=none --dbscheme=none --format=json
[2025-01-18 21:28:37] [DETAILS] resolve library-path> Resolving query at normalized path /usr/local/codeql/qlpacks/codeql/javascript-queries/1.2.6/Security/CWE-295/DisablingCertificateValidation.ql.
[2025-01-18 21:28:37] [DETAILS] resolve library-path> Found enclosing pack 'codeql/javascript-queries' at /usr/local/codeql/qlpacks/codeql/javascript-queries/1.2.6.
[2025-01-18 21:28:37] [DETAILS] resolve library-path> Adding compilation cache at /home/prometheus/.codeql/compile-cache.
[2025-01-18 21:28:37] [DETAILS] resolve library-path> QL pack dependencies for /usr/local/codeql/qlpacks/codeql/javascript-queries/1.2.6 found in cache.
[2025-01-18 21:28:37] [DETAILS] resolve library-path> Dbscheme was explicitly overridden as /usr/local/codeql/none
[2025-01-18 21:28:37] [DETAILS] resolve library-path> Library path was overridden on command line.
[2025-01-18 21:28:37] Plumbing command codeql resolve library-path completed:
                      {
                        "libraryPath" : [
                          "/usr/local/codeql/none"
                        ],
                        "dbscheme" : "/usr/local/codeql/none",
                        "compilationCache" : [
                          "/home/prometheus/.codeql/compile-cache"
                        ],
                        "relativeName" : "codeql/javascript-queries/Security/CWE-295/DisablingCertificateValidation.ql",
                        "extractors" : [
                          "javascript"
                        ],
                        "qlPackName" : "codeql/javascript-queries"
                      }
[2025-01-18 21:28:37] Calling plumbing command: codeql resolve library-path --qlconfig-file=/usr/local/codeql/qlconfig.yml --query=/usr/local/codeql/qlpacks/codeql/javascript-queries/1.2.6/Security/CWE-843/TypeConfusionThroughParameterTampering.ql --find-extractors --full-library-path=none --dbscheme=none --format=json
[2025-01-18 21:28:37] [DETAILS] resolve library-path> Resolving query at normalized path /usr/local/codeql/qlpacks/codeql/javascript-queries/1.2.6/Security/CWE-843/TypeConfusionThroughParameterTampering.ql.
[2025-01-18 21:28:37] [DETAILS] resolve library-path> Found enclosing pack 'codeql/javascript-queries' at /usr/local/codeql/qlpacks/codeql/javascript-queries/1.2.6.
[2025-01-18 21:28:37] [DETAILS] resolve library-path> Adding compilation cache at /home/prometheus/.codeql/compile-cache.
[2025-01-18 21:28:37] [DETAILS] resolve library-path> QL pack dependencies for /usr/local/codeql/qlpacks/codeql/javascript-queries/1.2.6 found in cache.
[2025-01-18 21:28:37] [DETAILS] resolve library-path> Dbscheme was explicitly overridden as /usr/local/codeql/none
[2025-01-18 21:28:37] [DETAILS] resolve library-path> Library path was overridden on command line.
[2025-01-18 21:28:37] Plumbing command codeql resolve library-path completed:
                      {
                        "libraryPath" : [
                          "/usr/local/codeql/none"
                        ],
                        "dbscheme" : "/usr/local/codeql/none",
                        "compilationCache" : [
                          "/home/prometheus/.codeql/compile-cache"
                        ],
                        "relativeName" : "codeql/javascript-queries/Security/CWE-843/TypeConfusionThroughParameterTampering.ql",
                        "extractors" : [
                          "javascript"
                        ],
                        "qlPackName" : "codeql/javascript-queries"
                      }
[2025-01-18 21:28:37] Calling plumbing command: codeql resolve library-path --qlconfig-file=/usr/local/codeql/qlconfig.yml --query=/usr/local/codeql/qlpacks/codeql/javascript-queries/1.2.6/Security/CWE-614/ClearTextCookie.ql --find-extractors --full-library-path=none --dbscheme=none --format=json
[2025-01-18 21:28:37] [DETAILS] resolve library-path> Resolving query at normalized path /usr/local/codeql/qlpacks/codeql/javascript-queries/1.2.6/Security/CWE-614/ClearTextCookie.ql.
[2025-01-18 21:28:37] [DETAILS] resolve library-path> Found enclosing pack 'codeql/javascript-queries' at /usr/local/codeql/qlpacks/codeql/javascript-queries/1.2.6.
[2025-01-18 21:28:37] [DETAILS] resolve library-path> Adding compilation cache at /home/prometheus/.codeql/compile-cache.
[2025-01-18 21:28:37] [DETAILS] resolve library-path> QL pack dependencies for /usr/local/codeql/qlpacks/codeql/javascript-queries/1.2.6 found in cache.
[2025-01-18 21:28:37] [DETAILS] resolve library-path> Dbscheme was explicitly overridden as /usr/local/codeql/none
[2025-01-18 21:28:37] [DETAILS] resolve library-path> Library path was overridden on command line.
[2025-01-18 21:28:37] Plumbing command codeql resolve library-path completed:
                      {
                        "libraryPath" : [
                          "/usr/local/codeql/none"
                        ],
                        "dbscheme" : "/usr/local/codeql/none",
                        "compilationCache" : [
                          "/home/prometheus/.codeql/compile-cache"
                        ],
                        "relativeName" : "codeql/javascript-queries/Security/CWE-614/ClearTextCookie.ql",
                        "extractors" : [
                          "javascript"
                        ],
                        "qlPackName" : "codeql/javascript-queries"
                      }
[2025-01-18 21:28:37] Calling plumbing command: codeql resolve library-path --qlconfig-file=/usr/local/codeql/qlconfig.yml --query=/usr/local/codeql/qlpacks/codeql/javascript-queries/1.2.6/Security/CWE-400/DeepObjectResourceExhaustion.ql --find-extractors --full-library-path=none --dbscheme=none --format=json
[2025-01-18 21:28:37] [DETAILS] resolve library-path> Resolving query at normalized path /usr/local/codeql/qlpacks/codeql/javascript-queries/1.2.6/Security/CWE-400/DeepObjectResourceExhaustion.ql.
[2025-01-18 21:28:37] [DETAILS] resolve library-path> Found enclosing pack 'codeql/javascript-queries' at /usr/local/codeql/qlpacks/codeql/javascript-queries/1.2.6.
[2025-01-18 21:28:37] [DETAILS] resolve library-path> Adding compilation cache at /home/prometheus/.codeql/compile-cache.
[2025-01-18 21:28:37] [DETAILS] resolve library-path> QL pack dependencies for /usr/local/codeql/qlpacks/codeql/javascript-queries/1.2.6 found in cache.
[2025-01-18 21:28:37] [DETAILS] resolve library-path> Dbscheme was explicitly overridden as /usr/local/codeql/none
[2025-01-18 21:28:37] [DETAILS] resolve library-path> Library path was overridden on command line.
[2025-01-18 21:28:37] Plumbing command codeql resolve library-path completed:
                      {
                        "libraryPath" : [
                          "/usr/local/codeql/none"
                        ],
                        "dbscheme" : "/usr/local/codeql/none",
                        "compilationCache" : [
                          "/home/prometheus/.codeql/compile-cache"
                        ],
                        "relativeName" : "codeql/javascript-queries/Security/CWE-400/DeepObjectResourceExhaustion.ql",
                        "extractors" : [
                          "javascript"
                        ],
                        "qlPackName" : "codeql/javascript-queries"
                      }
[2025-01-18 21:28:37] Calling plumbing command: codeql resolve library-path --qlconfig-file=/usr/local/codeql/qlconfig.yml --query=/usr/local/codeql/qlpacks/codeql/javascript-queries/1.2.6/Security/CWE-079/ReflectedXss.ql --find-extractors --full-library-path=none --dbscheme=none --format=json
[2025-01-18 21:28:37] [DETAILS] resolve library-path> Resolving query at normalized path /usr/local/codeql/qlpacks/codeql/javascript-queries/1.2.6/Security/CWE-079/ReflectedXss.ql.
[2025-01-18 21:28:37] [DETAILS] resolve library-path> Found enclosing pack 'codeql/javascript-queries' at /usr/local/codeql/qlpacks/codeql/javascript-queries/1.2.6.
[2025-01-18 21:28:37] [DETAILS] resolve library-path> Adding compilation cache at /home/prometheus/.codeql/compile-cache.
[2025-01-18 21:28:37] [DETAILS] resolve library-path> QL pack dependencies for /usr/local/codeql/qlpacks/codeql/javascript-queries/1.2.6 found in cache.
[2025-01-18 21:28:37] [DETAILS] resolve library-path> Dbscheme was explicitly overridden as /usr/local/codeql/none
[2025-01-18 21:28:37] [DETAILS] resolve library-path> Library path was overridden on command line.
[2025-01-18 21:28:37] Plumbing command codeql resolve library-path completed:
                      {
                        "libraryPath" : [
                          "/usr/local/codeql/none"
                        ],
                        "dbscheme" : "/usr/local/codeql/none",
                        "compilationCache" : [
                          "/home/prometheus/.codeql/compile-cache"
                        ],
                        "relativeName" : "codeql/javascript-queries/Security/CWE-079/ReflectedXss.ql",
                        "extractors" : [
                          "javascript"
                        ],
                        "qlPackName" : "codeql/javascript-queries"
                      }
[2025-01-18 21:28:37] Calling plumbing command: codeql resolve library-path --qlconfig-file=/usr/local/codeql/qlconfig.yml --query=/usr/local/codeql/qlpacks/codeql/javascript-queries/1.2.6/Security/CWE-079/ExceptionXss.ql --find-extractors --full-library-path=none --dbscheme=none --format=json
[2025-01-18 21:28:37] [DETAILS] resolve library-path> Resolving query at normalized path /usr/local/codeql/qlpacks/codeql/javascript-queries/1.2.6/Security/CWE-079/ExceptionXss.ql.
[2025-01-18 21:28:37] [DETAILS] resolve library-path> Found enclosing pack 'codeql/javascript-queries' at /usr/local/codeql/qlpacks/codeql/javascript-queries/1.2.6.
[2025-01-18 21:28:37] [DETAILS] resolve library-path> Adding compilation cache at /home/prometheus/.codeql/compile-cache.
[2025-01-18 21:28:37] [DETAILS] resolve library-path> QL pack dependencies for /usr/local/codeql/qlpacks/codeql/javascript-queries/1.2.6 found in cache.
[2025-01-18 21:28:37] [DETAILS] resolve library-path> Dbscheme was explicitly overridden as /usr/local/codeql/none
[2025-01-18 21:28:37] [DETAILS] resolve library-path> Library path was overridden on command line.
[2025-01-18 21:28:37] Plumbing command codeql resolve library-path completed:
                      {
                        "libraryPath" : [
                          "/usr/local/codeql/none"
                        ],
                        "dbscheme" : "/usr/local/codeql/none",
                        "compilationCache" : [
                          "/home/prometheus/.codeql/compile-cache"
                        ],
                        "relativeName" : "codeql/javascript-queries/Security/CWE-079/ExceptionXss.ql",
                        "extractors" : [
                          "javascript"
                        ],
                        "qlPackName" : "codeql/javascript-queries"
                      }
[2025-01-18 21:28:37] Calling plumbing command: codeql resolve library-path --qlconfig-file=/usr/local/codeql/qlconfig.yml --query=/usr/local/codeql/qlpacks/codeql/javascript-queries/1.2.6/Security/CWE-079/XssThroughDom.ql --find-extractors --full-library-path=none --dbscheme=none --format=json
[2025-01-18 21:28:37] [DETAILS] resolve library-path> Resolving query at normalized path /usr/local/codeql/qlpacks/codeql/javascript-queries/1.2.6/Security/CWE-079/XssThroughDom.ql.
[2025-01-18 21:28:37] [DETAILS] resolve library-path> Found enclosing pack 'codeql/javascript-queries' at /usr/local/codeql/qlpacks/codeql/javascript-queries/1.2.6.
[2025-01-18 21:28:37] [DETAILS] resolve library-path> Adding compilation cache at /home/prometheus/.codeql/compile-cache.
[2025-01-18 21:28:37] [DETAILS] resolve library-path> QL pack dependencies for /usr/local/codeql/qlpacks/codeql/javascript-queries/1.2.6 found in cache.
[2025-01-18 21:28:37] [DETAILS] resolve library-path> Dbscheme was explicitly overridden as /usr/local/codeql/none
[2025-01-18 21:28:37] [DETAILS] resolve library-path> Library path was overridden on command line.
[2025-01-18 21:28:37] Plumbing command codeql resolve library-path completed:
                      {
                        "libraryPath" : [
                          "/usr/local/codeql/none"
                        ],
                        "dbscheme" : "/usr/local/codeql/none",
                        "compilationCache" : [
                          "/home/prometheus/.codeql/compile-cache"
                        ],
                        "relativeName" : "codeql/javascript-queries/Security/CWE-079/XssThroughDom.ql",
                        "extractors" : [
                          "javascript"
                        ],
                        "qlPackName" : "codeql/javascript-queries"
                      }
[2025-01-18 21:28:37] Calling plumbing command: codeql resolve library-path --qlconfig-file=/usr/local/codeql/qlconfig.yml --query=/usr/local/codeql/qlpacks/codeql/javascript-queries/1.2.6/Security/CWE-079/UnsafeHtmlConstruction.ql --find-extractors --full-library-path=none --dbscheme=none --format=json
[2025-01-18 21:28:37] [DETAILS] resolve library-path> Resolving query at normalized path /usr/local/codeql/qlpacks/codeql/javascript-queries/1.2.6/Security/CWE-079/UnsafeHtmlConstruction.ql.
[2025-01-18 21:28:37] [DETAILS] resolve library-path> Found enclosing pack 'codeql/javascript-queries' at /usr/local/codeql/qlpacks/codeql/javascript-queries/1.2.6.
[2025-01-18 21:28:37] [DETAILS] resolve library-path> Adding compilation cache at /home/prometheus/.codeql/compile-cache.
[2025-01-18 21:28:37] [DETAILS] resolve library-path> QL pack dependencies for /usr/local/codeql/qlpacks/codeql/javascript-queries/1.2.6 found in cache.
[2025-01-18 21:28:37] [DETAILS] resolve library-path> Dbscheme was explicitly overridden as /usr/local/codeql/none
[2025-01-18 21:28:37] [DETAILS] resolve library-path> Library path was overridden on command line.
[2025-01-18 21:28:37] Plumbing command codeql resolve library-path completed:
                      {
                        "libraryPath" : [
                          "/usr/local/codeql/none"
                        ],
                        "dbscheme" : "/usr/local/codeql/none",
                        "compilationCache" : [
                          "/home/prometheus/.codeql/compile-cache"
                        ],
                        "relativeName" : "codeql/javascript-queries/Security/CWE-079/UnsafeHtmlConstruction.ql",
                        "extractors" : [
                          "javascript"
                        ],
                        "qlPackName" : "codeql/javascript-queries"
                      }
[2025-01-18 21:28:37] Calling plumbing command: codeql resolve library-path --qlconfig-file=/usr/local/codeql/qlconfig.yml --query=/usr/local/codeql/qlpacks/codeql/javascript-queries/1.2.6/Security/CWE-079/Xss.ql --find-extractors --full-library-path=none --dbscheme=none --format=json
[2025-01-18 21:28:37] [DETAILS] resolve library-path> Resolving query at normalized path /usr/local/codeql/qlpacks/codeql/javascript-queries/1.2.6/Security/CWE-079/Xss.ql.
[2025-01-18 21:28:37] [DETAILS] resolve library-path> Found enclosing pack 'codeql/javascript-queries' at /usr/local/codeql/qlpacks/codeql/javascript-queries/1.2.6.
[2025-01-18 21:28:37] [DETAILS] resolve library-path> Adding compilation cache at /home/prometheus/.codeql/compile-cache.
[2025-01-18 21:28:37] [DETAILS] resolve library-path> QL pack dependencies for /usr/local/codeql/qlpacks/codeql/javascript-queries/1.2.6 found in cache.
[2025-01-18 21:28:37] [DETAILS] resolve library-path> Dbscheme was explicitly overridden as /usr/local/codeql/none
[2025-01-18 21:28:37] [DETAILS] resolve library-path> Library path was overridden on command line.
[2025-01-18 21:28:37] Plumbing command codeql resolve library-path completed:
                      {
                        "libraryPath" : [
                          "/usr/local/codeql/none"
                        ],
                        "dbscheme" : "/usr/local/codeql/none",
                        "compilationCache" : [
                          "/home/prometheus/.codeql/compile-cache"
                        ],
                        "relativeName" : "codeql/javascript-queries/Security/CWE-079/Xss.ql",
                        "extractors" : [
                          "javascript"
                        ],
                        "qlPackName" : "codeql/javascript-queries"
                      }
[2025-01-18 21:28:37] Calling plumbing command: codeql resolve library-path --qlconfig-file=/usr/local/codeql/qlconfig.yml --query=/usr/local/codeql/qlpacks/codeql/javascript-queries/1.2.6/Security/CWE-079/UnsafeJQueryPlugin.ql --find-extractors --full-library-path=none --dbscheme=none --format=json
[2025-01-18 21:28:37] [DETAILS] resolve library-path> Resolving query at normalized path /usr/local/codeql/qlpacks/codeql/javascript-queries/1.2.6/Security/CWE-079/UnsafeJQueryPlugin.ql.
[2025-01-18 21:28:37] [DETAILS] resolve library-path> Found enclosing pack 'codeql/javascript-queries' at /usr/local/codeql/qlpacks/codeql/javascript-queries/1.2.6.
[2025-01-18 21:28:37] [DETAILS] resolve library-path> Adding compilation cache at /home/prometheus/.codeql/compile-cache.
[2025-01-18 21:28:37] [DETAILS] resolve library-path> QL pack dependencies for /usr/local/codeql/qlpacks/codeql/javascript-queries/1.2.6 found in cache.
[2025-01-18 21:28:37] [DETAILS] resolve library-path> Dbscheme was explicitly overridden as /usr/local/codeql/none
[2025-01-18 21:28:37] [DETAILS] resolve library-path> Library path was overridden on command line.
[2025-01-18 21:28:37] Plumbing command codeql resolve library-path completed:
                      {
                        "libraryPath" : [
                          "/usr/local/codeql/none"
                        ],
                        "dbscheme" : "/usr/local/codeql/none",
                        "compilationCache" : [
                          "/home/prometheus/.codeql/compile-cache"
                        ],
                        "relativeName" : "codeql/javascript-queries/Security/CWE-079/UnsafeJQueryPlugin.ql",
                        "extractors" : [
                          "javascript"
                        ],
                        "qlPackName" : "codeql/javascript-queries"
                      }
[2025-01-18 21:28:37] Calling plumbing command: codeql resolve library-path --qlconfig-file=/usr/local/codeql/qlconfig.yml --query=/usr/local/codeql/qlpacks/codeql/javascript-queries/1.2.6/Security/CWE-079/StoredXss.ql --find-extractors --full-library-path=none --dbscheme=none --format=json
[2025-01-18 21:28:37] [DETAILS] resolve library-path> Resolving query at normalized path /usr/local/codeql/qlpacks/codeql/javascript-queries/1.2.6/Security/CWE-079/StoredXss.ql.
[2025-01-18 21:28:37] [DETAILS] resolve library-path> Found enclosing pack 'codeql/javascript-queries' at /usr/local/codeql/qlpacks/codeql/javascript-queries/1.2.6.
[2025-01-18 21:28:37] [DETAILS] resolve library-path> Adding compilation cache at /home/prometheus/.codeql/compile-cache.
[2025-01-18 21:28:37] [DETAILS] resolve library-path> QL pack dependencies for /usr/local/codeql/qlpacks/codeql/javascript-queries/1.2.6 found in cache.
[2025-01-18 21:28:37] [DETAILS] resolve library-path> Dbscheme was explicitly overridden as /usr/local/codeql/none
[2025-01-18 21:28:37] [DETAILS] resolve library-path> Library path was overridden on command line.
[2025-01-18 21:28:37] Plumbing command codeql resolve library-path completed:
                      {
                        "libraryPath" : [
                          "/usr/local/codeql/none"
                        ],
                        "dbscheme" : "/usr/local/codeql/none",
                        "compilationCache" : [
                          "/home/prometheus/.codeql/compile-cache"
                        ],
                        "relativeName" : "codeql/javascript-queries/Security/CWE-079/StoredXss.ql",
                        "extractors" : [
                          "javascript"
                        ],
                        "qlPackName" : "codeql/javascript-queries"
                      }
[2025-01-18 21:28:37] Calling plumbing command: codeql resolve library-path --qlconfig-file=/usr/local/codeql/qlconfig.yml --query=/usr/local/codeql/qlpacks/codeql/javascript-queries/1.2.6/Security/CWE-178/CaseSensitiveMiddlewarePath.ql --find-extractors --full-library-path=none --dbscheme=none --format=json
[2025-01-18 21:28:37] [DETAILS] resolve library-path> Resolving query at normalized path /usr/local/codeql/qlpacks/codeql/javascript-queries/1.2.6/Security/CWE-178/CaseSensitiveMiddlewarePath.ql.
[2025-01-18 21:28:37] [DETAILS] resolve library-path> Found enclosing pack 'codeql/javascript-queries' at /usr/local/codeql/qlpacks/codeql/javascript-queries/1.2.6.
[2025-01-18 21:28:37] [DETAILS] resolve library-path> Adding compilation cache at /home/prometheus/.codeql/compile-cache.
[2025-01-18 21:28:37] [DETAILS] resolve library-path> QL pack dependencies for /usr/local/codeql/qlpacks/codeql/javascript-queries/1.2.6 found in cache.
[2025-01-18 21:28:37] [DETAILS] resolve library-path> Dbscheme was explicitly overridden as /usr/local/codeql/none
[2025-01-18 21:28:37] [DETAILS] resolve library-path> Library path was overridden on command line.
[2025-01-18 21:28:37] Plumbing command codeql resolve library-path completed:
                      {
                        "libraryPath" : [
                          "/usr/local/codeql/none"
                        ],
                        "dbscheme" : "/usr/local/codeql/none",
                        "compilationCache" : [
                          "/home/prometheus/.codeql/compile-cache"
                        ],
                        "relativeName" : "codeql/javascript-queries/Security/CWE-178/CaseSensitiveMiddlewarePath.ql",
                        "extractors" : [
                          "javascript"
                        ],
                        "qlPackName" : "codeql/javascript-queries"
                      }
[2025-01-18 21:28:37] Calling plumbing command: codeql resolve library-path --qlconfig-file=/usr/local/codeql/qlconfig.yml --query=/usr/local/codeql/qlpacks/codeql/javascript-queries/1.2.6/Security/CWE-312/BuildArtifactLeak.ql --find-extractors --full-library-path=none --dbscheme=none --format=json
[2025-01-18 21:28:37] [DETAILS] resolve library-path> Resolving query at normalized path /usr/local/codeql/qlpacks/codeql/javascript-queries/1.2.6/Security/CWE-312/BuildArtifactLeak.ql.
[2025-01-18 21:28:37] [DETAILS] resolve library-path> Found enclosing pack 'codeql/javascript-queries' at /usr/local/codeql/qlpacks/codeql/javascript-queries/1.2.6.
[2025-01-18 21:28:37] [DETAILS] resolve library-path> Adding compilation cache at /home/prometheus/.codeql/compile-cache.
[2025-01-18 21:28:37] [DETAILS] resolve library-path> QL pack dependencies for /usr/local/codeql/qlpacks/codeql/javascript-queries/1.2.6 found in cache.
[2025-01-18 21:28:37] [DETAILS] resolve library-path> Dbscheme was explicitly overridden as /usr/local/codeql/none
[2025-01-18 21:28:37] [DETAILS] resolve library-path> Library path was overridden on command line.
[2025-01-18 21:28:37] Plumbing command codeql resolve library-path completed:
                      {
                        "libraryPath" : [
                          "/usr/local/codeql/none"
                        ],
                        "dbscheme" : "/usr/local/codeql/none",
                        "compilationCache" : [
                          "/home/prometheus/.codeql/compile-cache"
                        ],
                        "relativeName" : "codeql/javascript-queries/Security/CWE-312/BuildArtifactLeak.ql",
                        "extractors" : [
                          "javascript"
                        ],
                        "qlPackName" : "codeql/javascript-queries"
                      }
[2025-01-18 21:28:37] Calling plumbing command: codeql resolve library-path --qlconfig-file=/usr/local/codeql/qlconfig.yml --query=/usr/local/codeql/qlpacks/codeql/javascript-queries/1.2.6/Security/CWE-312/CleartextStorage.ql --find-extractors --full-library-path=none --dbscheme=none --format=json
[2025-01-18 21:28:37] [DETAILS] resolve library-path> Resolving query at normalized path /usr/local/codeql/qlpacks/codeql/javascript-queries/1.2.6/Security/CWE-312/CleartextStorage.ql.
[2025-01-18 21:28:37] [DETAILS] resolve library-path> Found enclosing pack 'codeql/javascript-queries' at /usr/local/codeql/qlpacks/codeql/javascript-queries/1.2.6.
[2025-01-18 21:28:37] [DETAILS] resolve library-path> Adding compilation cache at /home/prometheus/.codeql/compile-cache.
[2025-01-18 21:28:37] [DETAILS] resolve library-path> QL pack dependencies for /usr/local/codeql/qlpacks/codeql/javascript-queries/1.2.6 found in cache.
[2025-01-18 21:28:37] [DETAILS] resolve library-path> Dbscheme was explicitly overridden as /usr/local/codeql/none
[2025-01-18 21:28:37] [DETAILS] resolve library-path> Library path was overridden on command line.
[2025-01-18 21:28:37] Plumbing command codeql resolve library-path completed:
                      {
                        "libraryPath" : [
                          "/usr/local/codeql/none"
                        ],
                        "dbscheme" : "/usr/local/codeql/none",
                        "compilationCache" : [
                          "/home/prometheus/.codeql/compile-cache"
                        ],
                        "relativeName" : "codeql/javascript-queries/Security/CWE-312/CleartextStorage.ql",
                        "extractors" : [
                          "javascript"
                        ],
                        "qlPackName" : "codeql/javascript-queries"
                      }
[2025-01-18 21:28:37] Calling plumbing command: codeql resolve library-path --qlconfig-file=/usr/local/codeql/qlconfig.yml --query=/usr/local/codeql/qlpacks/codeql/javascript-queries/1.2.6/Security/CWE-312/ActionsArtifactLeak.ql --find-extractors --full-library-path=none --dbscheme=none --format=json
[2025-01-18 21:28:37] [DETAILS] resolve library-path> Resolving query at normalized path /usr/local/codeql/qlpacks/codeql/javascript-queries/1.2.6/Security/CWE-312/ActionsArtifactLeak.ql.
[2025-01-18 21:28:37] [DETAILS] resolve library-path> Found enclosing pack 'codeql/javascript-queries' at /usr/local/codeql/qlpacks/codeql/javascript-queries/1.2.6.
[2025-01-18 21:28:37] [DETAILS] resolve library-path> Adding compilation cache at /home/prometheus/.codeql/compile-cache.
[2025-01-18 21:28:37] [DETAILS] resolve library-path> QL pack dependencies for /usr/local/codeql/qlpacks/codeql/javascript-queries/1.2.6 found in cache.
[2025-01-18 21:28:37] [DETAILS] resolve library-path> Dbscheme was explicitly overridden as /usr/local/codeql/none
[2025-01-18 21:28:37] [DETAILS] resolve library-path> Library path was overridden on command line.
[2025-01-18 21:28:37] Plumbing command codeql resolve library-path completed:
                      {
                        "libraryPath" : [
                          "/usr/local/codeql/none"
                        ],
                        "dbscheme" : "/usr/local/codeql/none",
                        "compilationCache" : [
                          "/home/prometheus/.codeql/compile-cache"
                        ],
                        "relativeName" : "codeql/javascript-queries/Security/CWE-312/ActionsArtifactLeak.ql",
                        "extractors" : [
                          "javascript"
                        ],
                        "qlPackName" : "codeql/javascript-queries"
                      }
[2025-01-18 21:28:37] Calling plumbing command: codeql resolve library-path --qlconfig-file=/usr/local/codeql/qlconfig.yml --query=/usr/local/codeql/qlpacks/codeql/javascript-queries/1.2.6/Security/CWE-312/CleartextLogging.ql --find-extractors --full-library-path=none --dbscheme=none --format=json
[2025-01-18 21:28:37] [DETAILS] resolve library-path> Resolving query at normalized path /usr/local/codeql/qlpacks/codeql/javascript-queries/1.2.6/Security/CWE-312/CleartextLogging.ql.
[2025-01-18 21:28:37] [DETAILS] resolve library-path> Found enclosing pack 'codeql/javascript-queries' at /usr/local/codeql/qlpacks/codeql/javascript-queries/1.2.6.
[2025-01-18 21:28:37] [DETAILS] resolve library-path> Adding compilation cache at /home/prometheus/.codeql/compile-cache.
[2025-01-18 21:28:37] [DETAILS] resolve library-path> QL pack dependencies for /usr/local/codeql/qlpacks/codeql/javascript-queries/1.2.6 found in cache.
[2025-01-18 21:28:37] [DETAILS] resolve library-path> Dbscheme was explicitly overridden as /usr/local/codeql/none
[2025-01-18 21:28:37] [DETAILS] resolve library-path> Library path was overridden on command line.
[2025-01-18 21:28:37] Plumbing command codeql resolve library-path completed:
                      {
                        "libraryPath" : [
                          "/usr/local/codeql/none"
                        ],
                        "dbscheme" : "/usr/local/codeql/none",
                        "compilationCache" : [
                          "/home/prometheus/.codeql/compile-cache"
                        ],
                        "relativeName" : "codeql/javascript-queries/Security/CWE-312/CleartextLogging.ql",
                        "extractors" : [
                          "javascript"
                        ],
                        "qlPackName" : "codeql/javascript-queries"
                      }
[2025-01-18 21:28:37] Calling plumbing command: codeql resolve library-path --qlconfig-file=/usr/local/codeql/qlconfig.yml --query=/usr/local/codeql/qlpacks/codeql/javascript-queries/1.2.6/Security/CWE-078/SecondOrderCommandInjection.ql --find-extractors --full-library-path=none --dbscheme=none --format=json
[2025-01-18 21:28:37] [DETAILS] resolve library-path> Resolving query at normalized path /usr/local/codeql/qlpacks/codeql/javascript-queries/1.2.6/Security/CWE-078/SecondOrderCommandInjection.ql.
[2025-01-18 21:28:37] [DETAILS] resolve library-path> Found enclosing pack 'codeql/javascript-queries' at /usr/local/codeql/qlpacks/codeql/javascript-queries/1.2.6.
[2025-01-18 21:28:37] [DETAILS] resolve library-path> Adding compilation cache at /home/prometheus/.codeql/compile-cache.
[2025-01-18 21:28:37] [DETAILS] resolve library-path> QL pack dependencies for /usr/local/codeql/qlpacks/codeql/javascript-queries/1.2.6 found in cache.
[2025-01-18 21:28:37] [DETAILS] resolve library-path> Dbscheme was explicitly overridden as /usr/local/codeql/none
[2025-01-18 21:28:37] [DETAILS] resolve library-path> Library path was overridden on command line.
[2025-01-18 21:28:37] Plumbing command codeql resolve library-path completed:
                      {
                        "libraryPath" : [
                          "/usr/local/codeql/none"
                        ],
                        "dbscheme" : "/usr/local/codeql/none",
                        "compilationCache" : [
                          "/home/prometheus/.codeql/compile-cache"
                        ],
                        "relativeName" : "codeql/javascript-queries/Security/CWE-078/SecondOrderCommandInjection.ql",
                        "extractors" : [
                          "javascript"
                        ],
                        "qlPackName" : "codeql/javascript-queries"
                      }
[2025-01-18 21:28:37] Calling plumbing command: codeql resolve library-path --qlconfig-file=/usr/local/codeql/qlconfig.yml --query=/usr/local/codeql/qlpacks/codeql/javascript-queries/1.2.6/Security/CWE-078/UnsafeShellCommandConstruction.ql --find-extractors --full-library-path=none --dbscheme=none --format=json
[2025-01-18 21:28:37] [DETAILS] resolve library-path> Resolving query at normalized path /usr/local/codeql/qlpacks/codeql/javascript-queries/1.2.6/Security/CWE-078/UnsafeShellCommandConstruction.ql.
[2025-01-18 21:28:37] [DETAILS] resolve library-path> Found enclosing pack 'codeql/javascript-queries' at /usr/local/codeql/qlpacks/codeql/javascript-queries/1.2.6.
[2025-01-18 21:28:37] [DETAILS] resolve library-path> Adding compilation cache at /home/prometheus/.codeql/compile-cache.
[2025-01-18 21:28:37] [DETAILS] resolve library-path> QL pack dependencies for /usr/local/codeql/qlpacks/codeql/javascript-queries/1.2.6 found in cache.
[2025-01-18 21:28:37] [DETAILS] resolve library-path> Dbscheme was explicitly overridden as /usr/local/codeql/none
[2025-01-18 21:28:37] [DETAILS] resolve library-path> Library path was overridden on command line.
[2025-01-18 21:28:37] Plumbing command codeql resolve library-path completed:
                      {
                        "libraryPath" : [
                          "/usr/local/codeql/none"
                        ],
                        "dbscheme" : "/usr/local/codeql/none",
                        "compilationCache" : [
                          "/home/prometheus/.codeql/compile-cache"
                        ],
                        "relativeName" : "codeql/javascript-queries/Security/CWE-078/UnsafeShellCommandConstruction.ql",
                        "extractors" : [
                          "javascript"
                        ],
                        "qlPackName" : "codeql/javascript-queries"
                      }
[2025-01-18 21:28:37] Calling plumbing command: codeql resolve library-path --qlconfig-file=/usr/local/codeql/qlconfig.yml --query=/usr/local/codeql/qlpacks/codeql/javascript-queries/1.2.6/Security/CWE-078/ShellCommandInjectionFromEnvironment.ql --find-extractors --full-library-path=none --dbscheme=none --format=json
[2025-01-18 21:28:37] [DETAILS] resolve library-path> Resolving query at normalized path /usr/local/codeql/qlpacks/codeql/javascript-queries/1.2.6/Security/CWE-078/ShellCommandInjectionFromEnvironment.ql.
[2025-01-18 21:28:37] [DETAILS] resolve library-path> Found enclosing pack 'codeql/javascript-queries' at /usr/local/codeql/qlpacks/codeql/javascript-queries/1.2.6.
[2025-01-18 21:28:37] [DETAILS] resolve library-path> Adding compilation cache at /home/prometheus/.codeql/compile-cache.
[2025-01-18 21:28:37] [DETAILS] resolve library-path> QL pack dependencies for /usr/local/codeql/qlpacks/codeql/javascript-queries/1.2.6 found in cache.
[2025-01-18 21:28:37] [DETAILS] resolve library-path> Dbscheme was explicitly overridden as /usr/local/codeql/none
[2025-01-18 21:28:37] [DETAILS] resolve library-path> Library path was overridden on command line.
[2025-01-18 21:28:37] Plumbing command codeql resolve library-path completed:
                      {
                        "libraryPath" : [
                          "/usr/local/codeql/none"
                        ],
                        "dbscheme" : "/usr/local/codeql/none",
                        "compilationCache" : [
                          "/home/prometheus/.codeql/compile-cache"
                        ],
                        "relativeName" : "codeql/javascript-queries/Security/CWE-078/ShellCommandInjectionFromEnvironment.ql",
                        "extractors" : [
                          "javascript"
                        ],
                        "qlPackName" : "codeql/javascript-queries"
                      }
[2025-01-18 21:28:38] Calling plumbing command: codeql resolve library-path --qlconfig-file=/usr/local/codeql/qlconfig.yml --query=/usr/local/codeql/qlpacks/codeql/javascript-queries/1.2.6/Security/CWE-078/UselessUseOfCat.ql --find-extractors --full-library-path=none --dbscheme=none --format=json
[2025-01-18 21:28:38] [DETAILS] resolve library-path> Resolving query at normalized path /usr/local/codeql/qlpacks/codeql/javascript-queries/1.2.6/Security/CWE-078/UselessUseOfCat.ql.
[2025-01-18 21:28:38] [DETAILS] resolve library-path> Found enclosing pack 'codeql/javascript-queries' at /usr/local/codeql/qlpacks/codeql/javascript-queries/1.2.6.
[2025-01-18 21:28:38] [DETAILS] resolve library-path> Adding compilation cache at /home/prometheus/.codeql/compile-cache.
[2025-01-18 21:28:38] [DETAILS] resolve library-path> QL pack dependencies for /usr/local/codeql/qlpacks/codeql/javascript-queries/1.2.6 found in cache.
[2025-01-18 21:28:38] [DETAILS] resolve library-path> Dbscheme was explicitly overridden as /usr/local/codeql/none
[2025-01-18 21:28:38] [DETAILS] resolve library-path> Library path was overridden on command line.
[2025-01-18 21:28:38] Plumbing command codeql resolve library-path completed:
                      {
                        "libraryPath" : [
                          "/usr/local/codeql/none"
                        ],
                        "dbscheme" : "/usr/local/codeql/none",
                        "compilationCache" : [
                          "/home/prometheus/.codeql/compile-cache"
                        ],
                        "relativeName" : "codeql/javascript-queries/Security/CWE-078/UselessUseOfCat.ql",
                        "extractors" : [
                          "javascript"
                        ],
                        "qlPackName" : "codeql/javascript-queries"
                      }
[2025-01-18 21:28:38] Calling plumbing command: codeql resolve library-path --qlconfig-file=/usr/local/codeql/qlconfig.yml --query=/usr/local/codeql/qlpacks/codeql/javascript-queries/1.2.6/Security/CWE-078/CommandInjection.ql --find-extractors --full-library-path=none --dbscheme=none --format=json
[2025-01-18 21:28:38] [DETAILS] resolve library-path> Resolving query at normalized path /usr/local/codeql/qlpacks/codeql/javascript-queries/1.2.6/Security/CWE-078/CommandInjection.ql.
[2025-01-18 21:28:38] [DETAILS] resolve library-path> Found enclosing pack 'codeql/javascript-queries' at /usr/local/codeql/qlpacks/codeql/javascript-queries/1.2.6.
[2025-01-18 21:28:38] [DETAILS] resolve library-path> Adding compilation cache at /home/prometheus/.codeql/compile-cache.
[2025-01-18 21:28:38] [DETAILS] resolve library-path> QL pack dependencies for /usr/local/codeql/qlpacks/codeql/javascript-queries/1.2.6 found in cache.
[2025-01-18 21:28:38] [DETAILS] resolve library-path> Dbscheme was explicitly overridden as /usr/local/codeql/none
[2025-01-18 21:28:38] [DETAILS] resolve library-path> Library path was overridden on command line.
[2025-01-18 21:28:38] Plumbing command codeql resolve library-path completed:
                      {
                        "libraryPath" : [
                          "/usr/local/codeql/none"
                        ],
                        "dbscheme" : "/usr/local/codeql/none",
                        "compilationCache" : [
                          "/home/prometheus/.codeql/compile-cache"
                        ],
                        "relativeName" : "codeql/javascript-queries/Security/CWE-078/CommandInjection.ql",
                        "extractors" : [
                          "javascript"
                        ],
                        "qlPackName" : "codeql/javascript-queries"
                      }
[2025-01-18 21:28:38] Calling plumbing command: codeql resolve library-path --qlconfig-file=/usr/local/codeql/qlconfig.yml --query=/usr/local/codeql/qlpacks/codeql/javascript-queries/1.2.6/Security/CWE-730/RegExpInjection.ql --find-extractors --full-library-path=none --dbscheme=none --format=json
[2025-01-18 21:28:38] [DETAILS] resolve library-path> Resolving query at normalized path /usr/local/codeql/qlpacks/codeql/javascript-queries/1.2.6/Security/CWE-730/RegExpInjection.ql.
[2025-01-18 21:28:38] [DETAILS] resolve library-path> Found enclosing pack 'codeql/javascript-queries' at /usr/local/codeql/qlpacks/codeql/javascript-queries/1.2.6.
[2025-01-18 21:28:38] [DETAILS] resolve library-path> Adding compilation cache at /home/prometheus/.codeql/compile-cache.
[2025-01-18 21:28:38] [DETAILS] resolve library-path> QL pack dependencies for /usr/local/codeql/qlpacks/codeql/javascript-queries/1.2.6 found in cache.
[2025-01-18 21:28:38] [DETAILS] resolve library-path> Dbscheme was explicitly overridden as /usr/local/codeql/none
[2025-01-18 21:28:38] [DETAILS] resolve library-path> Library path was overridden on command line.
[2025-01-18 21:28:38] Plumbing command codeql resolve library-path completed:
                      {
                        "libraryPath" : [
                          "/usr/local/codeql/none"
                        ],
                        "dbscheme" : "/usr/local/codeql/none",
                        "compilationCache" : [
                          "/home/prometheus/.codeql/compile-cache"
                        ],
                        "relativeName" : "codeql/javascript-queries/Security/CWE-730/RegExpInjection.ql",
                        "extractors" : [
                          "javascript"
                        ],
                        "qlPackName" : "codeql/javascript-queries"
                      }
[2025-01-18 21:28:38] Calling plumbing command: codeql resolve library-path --qlconfig-file=/usr/local/codeql/qlconfig.yml --query=/usr/local/codeql/qlpacks/codeql/javascript-queries/1.2.6/Security/CWE-730/ServerCrash.ql --find-extractors --full-library-path=none --dbscheme=none --format=json
[2025-01-18 21:28:38] [DETAILS] resolve library-path> Resolving query at normalized path /usr/local/codeql/qlpacks/codeql/javascript-queries/1.2.6/Security/CWE-730/ServerCrash.ql.
[2025-01-18 21:28:38] [DETAILS] resolve library-path> Found enclosing pack 'codeql/javascript-queries' at /usr/local/codeql/qlpacks/codeql/javascript-queries/1.2.6.
[2025-01-18 21:28:38] [DETAILS] resolve library-path> Adding compilation cache at /home/prometheus/.codeql/compile-cache.
[2025-01-18 21:28:38] [DETAILS] resolve library-path> QL pack dependencies for /usr/local/codeql/qlpacks/codeql/javascript-queries/1.2.6 found in cache.
[2025-01-18 21:28:38] [DETAILS] resolve library-path> Dbscheme was explicitly overridden as /usr/local/codeql/none
[2025-01-18 21:28:38] [DETAILS] resolve library-path> Library path was overridden on command line.
[2025-01-18 21:28:38] Plumbing command codeql resolve library-path completed:
                      {
                        "libraryPath" : [
                          "/usr/local/codeql/none"
                        ],
                        "dbscheme" : "/usr/local/codeql/none",
                        "compilationCache" : [
                          "/home/prometheus/.codeql/compile-cache"
                        ],
                        "relativeName" : "codeql/javascript-queries/Security/CWE-730/ServerCrash.ql",
                        "extractors" : [
                          "javascript"
                        ],
                        "qlPackName" : "codeql/javascript-queries"
                      }
[2025-01-18 21:28:38] Calling plumbing command: codeql resolve library-path --qlconfig-file=/usr/local/codeql/qlconfig.yml --query=/usr/local/codeql/qlpacks/codeql/javascript-queries/1.2.6/Security/CWE-020/IncompleteUrlSubstringSanitization.ql --find-extractors --full-library-path=none --dbscheme=none --format=json
[2025-01-18 21:28:38] [DETAILS] resolve library-path> Resolving query at normalized path /usr/local/codeql/qlpacks/codeql/javascript-queries/1.2.6/Security/CWE-020/IncompleteUrlSubstringSanitization.ql.
[2025-01-18 21:28:38] [DETAILS] resolve library-path> Found enclosing pack 'codeql/javascript-queries' at /usr/local/codeql/qlpacks/codeql/javascript-queries/1.2.6.
[2025-01-18 21:28:38] [DETAILS] resolve library-path> Adding compilation cache at /home/prometheus/.codeql/compile-cache.
[2025-01-18 21:28:38] [DETAILS] resolve library-path> QL pack dependencies for /usr/local/codeql/qlpacks/codeql/javascript-queries/1.2.6 found in cache.
[2025-01-18 21:28:38] [DETAILS] resolve library-path> Dbscheme was explicitly overridden as /usr/local/codeql/none
[2025-01-18 21:28:38] [DETAILS] resolve library-path> Library path was overridden on command line.
[2025-01-18 21:28:38] Plumbing command codeql resolve library-path completed:
                      {
                        "libraryPath" : [
                          "/usr/local/codeql/none"
                        ],
                        "dbscheme" : "/usr/local/codeql/none",
                        "compilationCache" : [
                          "/home/prometheus/.codeql/compile-cache"
                        ],
                        "relativeName" : "codeql/javascript-queries/Security/CWE-020/IncompleteUrlSubstringSanitization.ql",
                        "extractors" : [
                          "javascript"
                        ],
                        "qlPackName" : "codeql/javascript-queries"
                      }
[2025-01-18 21:28:38] Calling plumbing command: codeql resolve library-path --qlconfig-file=/usr/local/codeql/qlconfig.yml --query=/usr/local/codeql/qlpacks/codeql/javascript-queries/1.2.6/Security/CWE-020/IncorrectSuffixCheck.ql --find-extractors --full-library-path=none --dbscheme=none --format=json
[2025-01-18 21:28:38] [DETAILS] resolve library-path> Resolving query at normalized path /usr/local/codeql/qlpacks/codeql/javascript-queries/1.2.6/Security/CWE-020/IncorrectSuffixCheck.ql.
[2025-01-18 21:28:38] [DETAILS] resolve library-path> Found enclosing pack 'codeql/javascript-queries' at /usr/local/codeql/qlpacks/codeql/javascript-queries/1.2.6.
[2025-01-18 21:28:38] [DETAILS] resolve library-path> Adding compilation cache at /home/prometheus/.codeql/compile-cache.
[2025-01-18 21:28:38] [DETAILS] resolve library-path> QL pack dependencies for /usr/local/codeql/qlpacks/codeql/javascript-queries/1.2.6 found in cache.
[2025-01-18 21:28:38] [DETAILS] resolve library-path> Dbscheme was explicitly overridden as /usr/local/codeql/none
[2025-01-18 21:28:38] [DETAILS] resolve library-path> Library path was overridden on command line.
[2025-01-18 21:28:38] Plumbing command codeql resolve library-path completed:
                      {
                        "libraryPath" : [
                          "/usr/local/codeql/none"
                        ],
                        "dbscheme" : "/usr/local/codeql/none",
                        "compilationCache" : [
                          "/home/prometheus/.codeql/compile-cache"
                        ],
                        "relativeName" : "codeql/javascript-queries/Security/CWE-020/IncorrectSuffixCheck.ql",
                        "extractors" : [
                          "javascript"
                        ],
                        "qlPackName" : "codeql/javascript-queries"
                      }
[2025-01-18 21:28:38] Calling plumbing command: codeql resolve library-path --qlconfig-file=/usr/local/codeql/qlconfig.yml --query=/usr/local/codeql/qlpacks/codeql/javascript-queries/1.2.6/Security/CWE-020/IncompleteUrlSchemeCheck.ql --find-extractors --full-library-path=none --dbscheme=none --format=json
[2025-01-18 21:28:38] [DETAILS] resolve library-path> Resolving query at normalized path /usr/local/codeql/qlpacks/codeql/javascript-queries/1.2.6/Security/CWE-020/IncompleteUrlSchemeCheck.ql.
[2025-01-18 21:28:38] [DETAILS] resolve library-path> Found enclosing pack 'codeql/javascript-queries' at /usr/local/codeql/qlpacks/codeql/javascript-queries/1.2.6.
[2025-01-18 21:28:38] [DETAILS] resolve library-path> Adding compilation cache at /home/prometheus/.codeql/compile-cache.
[2025-01-18 21:28:38] [DETAILS] resolve library-path> QL pack dependencies for /usr/local/codeql/qlpacks/codeql/javascript-queries/1.2.6 found in cache.
[2025-01-18 21:28:38] [DETAILS] resolve library-path> Dbscheme was explicitly overridden as /usr/local/codeql/none
[2025-01-18 21:28:38] [DETAILS] resolve library-path> Library path was overridden on command line.
[2025-01-18 21:28:38] Plumbing command codeql resolve library-path completed:
                      {
                        "libraryPath" : [
                          "/usr/local/codeql/none"
                        ],
                        "dbscheme" : "/usr/local/codeql/none",
                        "compilationCache" : [
                          "/home/prometheus/.codeql/compile-cache"
                        ],
                        "relativeName" : "codeql/javascript-queries/Security/CWE-020/IncompleteUrlSchemeCheck.ql",
                        "extractors" : [
                          "javascript"
                        ],
                        "qlPackName" : "codeql/javascript-queries"
                      }
[2025-01-18 21:28:38] Calling plumbing command: codeql resolve library-path --qlconfig-file=/usr/local/codeql/qlconfig.yml --query=/usr/local/codeql/qlpacks/codeql/javascript-queries/1.2.6/Security/CWE-020/UselessRegExpCharacterEscape.ql --find-extractors --full-library-path=none --dbscheme=none --format=json
[2025-01-18 21:28:38] [DETAILS] resolve library-path> Resolving query at normalized path /usr/local/codeql/qlpacks/codeql/javascript-queries/1.2.6/Security/CWE-020/UselessRegExpCharacterEscape.ql.
[2025-01-18 21:28:38] [DETAILS] resolve library-path> Found enclosing pack 'codeql/javascript-queries' at /usr/local/codeql/qlpacks/codeql/javascript-queries/1.2.6.
[2025-01-18 21:28:38] [DETAILS] resolve library-path> Adding compilation cache at /home/prometheus/.codeql/compile-cache.
[2025-01-18 21:28:38] [DETAILS] resolve library-path> QL pack dependencies for /usr/local/codeql/qlpacks/codeql/javascript-queries/1.2.6 found in cache.
[2025-01-18 21:28:38] [DETAILS] resolve library-path> Dbscheme was explicitly overridden as /usr/local/codeql/none
[2025-01-18 21:28:38] [DETAILS] resolve library-path> Library path was overridden on command line.
[2025-01-18 21:28:38] Plumbing command codeql resolve library-path completed:
                      {
                        "libraryPath" : [
                          "/usr/local/codeql/none"
                        ],
                        "dbscheme" : "/usr/local/codeql/none",
                        "compilationCache" : [
                          "/home/prometheus/.codeql/compile-cache"
                        ],
                        "relativeName" : "codeql/javascript-queries/Security/CWE-020/UselessRegExpCharacterEscape.ql",
                        "extractors" : [
                          "javascript"
                        ],
                        "qlPackName" : "codeql/javascript-queries"
                      }
[2025-01-18 21:28:38] Calling plumbing command: codeql resolve library-path --qlconfig-file=/usr/local/codeql/qlconfig.yml --query=/usr/local/codeql/qlpacks/codeql/javascript-queries/1.2.6/Security/CWE-020/IncompleteHostnameRegExp.ql --find-extractors --full-library-path=none --dbscheme=none --format=json
[2025-01-18 21:28:38] [DETAILS] resolve library-path> Resolving query at normalized path /usr/local/codeql/qlpacks/codeql/javascript-queries/1.2.6/Security/CWE-020/IncompleteHostnameRegExp.ql.
[2025-01-18 21:28:38] [DETAILS] resolve library-path> Found enclosing pack 'codeql/javascript-queries' at /usr/local/codeql/qlpacks/codeql/javascript-queries/1.2.6.
[2025-01-18 21:28:38] [DETAILS] resolve library-path> Adding compilation cache at /home/prometheus/.codeql/compile-cache.
[2025-01-18 21:28:38] [DETAILS] resolve library-path> QL pack dependencies for /usr/local/codeql/qlpacks/codeql/javascript-queries/1.2.6 found in cache.
[2025-01-18 21:28:38] [DETAILS] resolve library-path> Dbscheme was explicitly overridden as /usr/local/codeql/none
[2025-01-18 21:28:38] [DETAILS] resolve library-path> Library path was overridden on command line.
[2025-01-18 21:28:38] Plumbing command codeql resolve library-path completed:
                      {
                        "libraryPath" : [
                          "/usr/local/codeql/none"
                        ],
                        "dbscheme" : "/usr/local/codeql/none",
                        "compilationCache" : [
                          "/home/prometheus/.codeql/compile-cache"
                        ],
                        "relativeName" : "codeql/javascript-queries/Security/CWE-020/IncompleteHostnameRegExp.ql",
                        "extractors" : [
                          "javascript"
                        ],
                        "qlPackName" : "codeql/javascript-queries"
                      }
[2025-01-18 21:28:38] Calling plumbing command: codeql resolve library-path --qlconfig-file=/usr/local/codeql/qlconfig.yml --query=/usr/local/codeql/qlpacks/codeql/javascript-queries/1.2.6/Security/CWE-020/OverlyLargeRange.ql --find-extractors --full-library-path=none --dbscheme=none --format=json
[2025-01-18 21:28:38] [DETAILS] resolve library-path> Resolving query at normalized path /usr/local/codeql/qlpacks/codeql/javascript-queries/1.2.6/Security/CWE-020/OverlyLargeRange.ql.
[2025-01-18 21:28:38] [DETAILS] resolve library-path> Found enclosing pack 'codeql/javascript-queries' at /usr/local/codeql/qlpacks/codeql/javascript-queries/1.2.6.
[2025-01-18 21:28:38] [DETAILS] resolve library-path> Adding compilation cache at /home/prometheus/.codeql/compile-cache.
[2025-01-18 21:28:38] [DETAILS] resolve library-path> QL pack dependencies for /usr/local/codeql/qlpacks/codeql/javascript-queries/1.2.6 found in cache.
[2025-01-18 21:28:38] [DETAILS] resolve library-path> Dbscheme was explicitly overridden as /usr/local/codeql/none
[2025-01-18 21:28:38] [DETAILS] resolve library-path> Library path was overridden on command line.
[2025-01-18 21:28:38] Plumbing command codeql resolve library-path completed:
                      {
                        "libraryPath" : [
                          "/usr/local/codeql/none"
                        ],
                        "dbscheme" : "/usr/local/codeql/none",
                        "compilationCache" : [
                          "/home/prometheus/.codeql/compile-cache"
                        ],
                        "relativeName" : "codeql/javascript-queries/Security/CWE-020/OverlyLargeRange.ql",
                        "extractors" : [
                          "javascript"
                        ],
                        "qlPackName" : "codeql/javascript-queries"
                      }
[2025-01-18 21:28:38] Calling plumbing command: codeql resolve library-path --qlconfig-file=/usr/local/codeql/qlconfig.yml --query=/usr/local/codeql/qlpacks/codeql/javascript-queries/1.2.6/Security/CWE-300/InsecureDependencyResolution.ql --find-extractors --full-library-path=none --dbscheme=none --format=json
[2025-01-18 21:28:38] [DETAILS] resolve library-path> Resolving query at normalized path /usr/local/codeql/qlpacks/codeql/javascript-queries/1.2.6/Security/CWE-300/InsecureDependencyResolution.ql.
[2025-01-18 21:28:38] [DETAILS] resolve library-path> Found enclosing pack 'codeql/javascript-queries' at /usr/local/codeql/qlpacks/codeql/javascript-queries/1.2.6.
[2025-01-18 21:28:38] [DETAILS] resolve library-path> Adding compilation cache at /home/prometheus/.codeql/compile-cache.
[2025-01-18 21:28:38] [DETAILS] resolve library-path> QL pack dependencies for /usr/local/codeql/qlpacks/codeql/javascript-queries/1.2.6 found in cache.
[2025-01-18 21:28:38] [DETAILS] resolve library-path> Dbscheme was explicitly overridden as /usr/local/codeql/none
[2025-01-18 21:28:38] [DETAILS] resolve library-path> Library path was overridden on command line.
[2025-01-18 21:28:38] Plumbing command codeql resolve library-path completed:
                      {
                        "libraryPath" : [
                          "/usr/local/codeql/none"
                        ],
                        "dbscheme" : "/usr/local/codeql/none",
                        "compilationCache" : [
                          "/home/prometheus/.codeql/compile-cache"
                        ],
                        "relativeName" : "codeql/javascript-queries/Security/CWE-300/InsecureDependencyResolution.ql",
                        "extractors" : [
                          "javascript"
                        ],
                        "qlPackName" : "codeql/javascript-queries"
                      }
[2025-01-18 21:28:38] Calling plumbing command: codeql resolve library-path --qlconfig-file=/usr/local/codeql/qlconfig.yml --query=/usr/local/codeql/qlpacks/codeql/javascript-queries/1.2.6/Diagnostics/ExtractionErrors.ql --find-extractors --full-library-path=none --dbscheme=none --format=json
[2025-01-18 21:28:38] [DETAILS] resolve library-path> Resolving query at normalized path /usr/local/codeql/qlpacks/codeql/javascript-queries/1.2.6/Diagnostics/ExtractionErrors.ql.
[2025-01-18 21:28:38] [DETAILS] resolve library-path> Found enclosing pack 'codeql/javascript-queries' at /usr/local/codeql/qlpacks/codeql/javascript-queries/1.2.6.
[2025-01-18 21:28:38] [DETAILS] resolve library-path> Adding compilation cache at /home/prometheus/.codeql/compile-cache.
[2025-01-18 21:28:38] [DETAILS] resolve library-path> QL pack dependencies for /usr/local/codeql/qlpacks/codeql/javascript-queries/1.2.6 found in cache.
[2025-01-18 21:28:38] [DETAILS] resolve library-path> Dbscheme was explicitly overridden as /usr/local/codeql/none
[2025-01-18 21:28:38] [DETAILS] resolve library-path> Library path was overridden on command line.
[2025-01-18 21:28:38] Plumbing command codeql resolve library-path completed:
                      {
                        "libraryPath" : [
                          "/usr/local/codeql/none"
                        ],
                        "dbscheme" : "/usr/local/codeql/none",
                        "compilationCache" : [
                          "/home/prometheus/.codeql/compile-cache"
                        ],
                        "relativeName" : "codeql/javascript-queries/Diagnostics/ExtractionErrors.ql",
                        "extractors" : [
                          "javascript"
                        ],
                        "qlPackName" : "codeql/javascript-queries"
                      }
[2025-01-18 21:28:38] Calling plumbing command: codeql resolve library-path --qlconfig-file=/usr/local/codeql/qlconfig.yml --query=/usr/local/codeql/qlpacks/codeql/javascript-queries/1.2.6/Diagnostics/ExtractedFiles.ql --find-extractors --full-library-path=none --dbscheme=none --format=json
[2025-01-18 21:28:38] [DETAILS] resolve library-path> Resolving query at normalized path /usr/local/codeql/qlpacks/codeql/javascript-queries/1.2.6/Diagnostics/ExtractedFiles.ql.
[2025-01-18 21:28:38] [DETAILS] resolve library-path> Found enclosing pack 'codeql/javascript-queries' at /usr/local/codeql/qlpacks/codeql/javascript-queries/1.2.6.
[2025-01-18 21:28:38] [DETAILS] resolve library-path> Adding compilation cache at /home/prometheus/.codeql/compile-cache.
[2025-01-18 21:28:38] [DETAILS] resolve library-path> QL pack dependencies for /usr/local/codeql/qlpacks/codeql/javascript-queries/1.2.6 found in cache.
[2025-01-18 21:28:38] [DETAILS] resolve library-path> Dbscheme was explicitly overridden as /usr/local/codeql/none
[2025-01-18 21:28:38] [DETAILS] resolve library-path> Library path was overridden on command line.
[2025-01-18 21:28:38] Plumbing command codeql resolve library-path completed:
                      {
                        "libraryPath" : [
                          "/usr/local/codeql/none"
                        ],
                        "dbscheme" : "/usr/local/codeql/none",
                        "compilationCache" : [
                          "/home/prometheus/.codeql/compile-cache"
                        ],
                        "relativeName" : "codeql/javascript-queries/Diagnostics/ExtractedFiles.ql",
                        "extractors" : [
                          "javascript"
                        ],
                        "qlPackName" : "codeql/javascript-queries"
                      }
[2025-01-18 21:28:38] Calling plumbing command: codeql resolve library-path --qlconfig-file=/usr/local/codeql/qlconfig.yml --query=/usr/local/codeql/qlpacks/codeql/javascript-queries/1.2.6/Summary/LinesOfCode.ql --find-extractors --full-library-path=none --dbscheme=none --format=json
[2025-01-18 21:28:38] [DETAILS] resolve library-path> Resolving query at normalized path /usr/local/codeql/qlpacks/codeql/javascript-queries/1.2.6/Summary/LinesOfCode.ql.
[2025-01-18 21:28:38] [DETAILS] resolve library-path> Found enclosing pack 'codeql/javascript-queries' at /usr/local/codeql/qlpacks/codeql/javascript-queries/1.2.6.
[2025-01-18 21:28:38] [DETAILS] resolve library-path> Adding compilation cache at /home/prometheus/.codeql/compile-cache.
[2025-01-18 21:28:38] [DETAILS] resolve library-path> QL pack dependencies for /usr/local/codeql/qlpacks/codeql/javascript-queries/1.2.6 found in cache.
[2025-01-18 21:28:38] [DETAILS] resolve library-path> Dbscheme was explicitly overridden as /usr/local/codeql/none
[2025-01-18 21:28:38] [DETAILS] resolve library-path> Library path was overridden on command line.
[2025-01-18 21:28:38] Plumbing command codeql resolve library-path completed:
                      {
                        "libraryPath" : [
                          "/usr/local/codeql/none"
                        ],
                        "dbscheme" : "/usr/local/codeql/none",
                        "compilationCache" : [
                          "/home/prometheus/.codeql/compile-cache"
                        ],
                        "relativeName" : "codeql/javascript-queries/Summary/LinesOfCode.ql",
                        "extractors" : [
                          "javascript"
                        ],
                        "qlPackName" : "codeql/javascript-queries"
                      }
[2025-01-18 21:28:38] Calling plumbing command: codeql resolve library-path --qlconfig-file=/usr/local/codeql/qlconfig.yml --query=/usr/local/codeql/qlpacks/codeql/javascript-queries/1.2.6/Summary/LinesOfUserCode.ql --find-extractors --full-library-path=none --dbscheme=none --format=json
[2025-01-18 21:28:38] [DETAILS] resolve library-path> Resolving query at normalized path /usr/local/codeql/qlpacks/codeql/javascript-queries/1.2.6/Summary/LinesOfUserCode.ql.
[2025-01-18 21:28:38] [DETAILS] resolve library-path> Found enclosing pack 'codeql/javascript-queries' at /usr/local/codeql/qlpacks/codeql/javascript-queries/1.2.6.
[2025-01-18 21:28:38] [DETAILS] resolve library-path> Adding compilation cache at /home/prometheus/.codeql/compile-cache.
[2025-01-18 21:28:38] [DETAILS] resolve library-path> QL pack dependencies for /usr/local/codeql/qlpacks/codeql/javascript-queries/1.2.6 found in cache.
[2025-01-18 21:28:38] [DETAILS] resolve library-path> Dbscheme was explicitly overridden as /usr/local/codeql/none
[2025-01-18 21:28:38] [DETAILS] resolve library-path> Library path was overridden on command line.
[2025-01-18 21:28:38] Plumbing command codeql resolve library-path completed:
                      {
                        "libraryPath" : [
                          "/usr/local/codeql/none"
                        ],
                        "dbscheme" : "/usr/local/codeql/none",
                        "compilationCache" : [
                          "/home/prometheus/.codeql/compile-cache"
                        ],
                        "relativeName" : "codeql/javascript-queries/Summary/LinesOfUserCode.ql",
                        "extractors" : [
                          "javascript"
                        ],
                        "qlPackName" : "codeql/javascript-queries"
                      }
[2025-01-18 21:28:38] Plumbing command codeql resolve queries completed:
                      {
                        "byLanguage" : {
                          "javascript" : {
                            "/usr/local/codeql/qlpacks/codeql/javascript-queries/1.2.6/RegExp/IdentityReplacement.ql" : { },
                            "/usr/local/codeql/qlpacks/codeql/javascript-queries/1.2.6/AngularJS/DoubleCompilation.ql" : { },
                            "/usr/local/codeql/qlpacks/codeql/javascript-queries/1.2.6/AngularJS/DisablingSce.ql" : { },
                            "/usr/local/codeql/qlpacks/codeql/javascript-queries/1.2.6/AngularJS/InsecureUrlWhitelist.ql" : { },
                            "/usr/local/codeql/qlpacks/codeql/javascript-queries/1.2.6/Performance/ReDoS.ql" : { },
                            "/usr/local/codeql/qlpacks/codeql/javascript-queries/1.2.6/Performance/PolynomialReDoS.ql" : { },
                            "/usr/local/codeql/qlpacks/codeql/javascript-queries/1.2.6/Electron/AllowRunningInsecureContent.ql" : { },
                            "/usr/local/codeql/qlpacks/codeql/javascript-queries/1.2.6/Electron/DisablingWebSecurity.ql" : { },
                            "/usr/local/codeql/qlpacks/codeql/javascript-queries/1.2.6/Security/CWE-770/ResourceExhaustion.ql" : { },
                            "/usr/local/codeql/qlpacks/codeql/javascript-queries/1.2.6/Security/CWE-770/MissingRateLimiting.ql" : { },
                            "/usr/local/codeql/qlpacks/codeql/javascript-queries/1.2.6/Security/CWE-352/MissingCsrfMiddleware.ql" : { },
                            "/usr/local/codeql/qlpacks/codeql/javascript-queries/1.2.6/Security/CWE-918/RequestForgery.ql" : { },
                            "/usr/local/codeql/qlpacks/codeql/javascript-queries/1.2.6/Security/CWE-916/InsufficientPasswordHash.ql" : { },
                            "/usr/local/codeql/qlpacks/codeql/javascript-queries/1.2.6/Security/CWE-776/XmlBomb.ql" : { },
                            "/usr/local/codeql/qlpacks/codeql/javascript-queries/1.2.6/Security/CWE-798/HardcodedCredentials.ql" : { },
                            "/usr/local/codeql/qlpacks/codeql/javascript-queries/1.2.6/Security/CWE-089/SqlInjection.ql" : { },
                            "/usr/local/codeql/qlpacks/codeql/javascript-queries/1.2.6/Security/CWE-1004/ClientExposedCookie.ql" : { },
                            "/usr/local/codeql/qlpacks/codeql/javascript-queries/1.2.6/Security/CWE-601/ServerSideUrlRedirect.ql" : { },
                            "/usr/local/codeql/qlpacks/codeql/javascript-queries/1.2.6/Security/CWE-601/ClientSideUrlRedirect.ql" : { },
                            "/usr/local/codeql/qlpacks/codeql/javascript-queries/1.2.6/Security/CWE-327/BrokenCryptoAlgorithm.ql" : { },
                            "/usr/local/codeql/qlpacks/codeql/javascript-queries/1.2.6/Security/CWE-327/BadRandomness.ql" : { },
                            "/usr/local/codeql/qlpacks/codeql/javascript-queries/1.2.6/Security/CWE-347/MissingJWTKeyVerification.ql" : { },
                            "/usr/local/codeql/qlpacks/codeql/javascript-queries/1.2.6/Security/CWE-502/UnsafeDeserialization.ql" : { },
                            "/usr/local/codeql/qlpacks/codeql/javascript-queries/1.2.6/Security/CWE-073/TemplateObjectInjection.ql" : { },
                            "/usr/local/codeql/qlpacks/codeql/javascript-queries/1.2.6/Security/CWE-829/InsecureDownload.ql" : { },
                            "/usr/local/codeql/qlpacks/codeql/javascript-queries/1.2.6/Security/CWE-209/StackTraceExposure.ql" : { },
                            "/usr/local/codeql/qlpacks/codeql/javascript-queries/1.2.6/Security/CWE-326/InsufficientKeySize.ql" : { },
                            "/usr/local/codeql/qlpacks/codeql/javascript-queries/1.2.6/Security/CWE-346/CorsMisconfigurationForCredentials.ql" : { },
                            "/usr/local/codeql/qlpacks/codeql/javascript-queries/1.2.6/Security/CWE-834/LoopBoundInjection.ql" : { },
                            "/usr/local/codeql/qlpacks/codeql/javascript-queries/1.2.6/Security/CWE-116/BadTagFilter.ql" : { },
                            "/usr/local/codeql/qlpacks/codeql/javascript-queries/1.2.6/Security/CWE-116/DoubleEscaping.ql" : { },
                            "/usr/local/codeql/qlpacks/codeql/javascript-queries/1.2.6/Security/CWE-116/IncompleteMultiCharacterSanitization.ql" : { },
                            "/usr/local/codeql/qlpacks/codeql/javascript-queries/1.2.6/Security/CWE-116/UnsafeHtmlExpansion.ql" : { },
                            "/usr/local/codeql/qlpacks/codeql/javascript-queries/1.2.6/Security/CWE-116/IncompleteSanitization.ql" : { },
                            "/usr/local/codeql/qlpacks/codeql/javascript-queries/1.2.6/Security/CWE-116/IncompleteHtmlAttributeSanitization.ql" : { },
                            "/usr/local/codeql/qlpacks/codeql/javascript-queries/1.2.6/Security/CWE-611/Xxe.ql" : { },
                            "/usr/local/codeql/qlpacks/codeql/javascript-queries/1.2.6/Security/CWE-201/PostMessageStar.ql" : { },
                            "/usr/local/codeql/qlpacks/codeql/javascript-queries/1.2.6/Security/CWE-754/UnvalidatedDynamicMethodCall.ql" : { },
                            "/usr/local/codeql/qlpacks/codeql/javascript-queries/1.2.6/Security/CWE-022/ZipSlip.ql" : { },
                            "/usr/local/codeql/qlpacks/codeql/javascript-queries/1.2.6/Security/CWE-022/TaintedPath.ql" : { },
                            "/usr/local/codeql/qlpacks/codeql/javascript-queries/1.2.6/Security/CWE-693/InsecureHelmet.ql" : { },
                            "/usr/local/codeql/qlpacks/codeql/javascript-queries/1.2.6/Security/CWE-598/SensitiveGetQuery.ql" : { },
                            "/usr/local/codeql/qlpacks/codeql/javascript-queries/1.2.6/Security/CWE-338/InsecureRandomness.ql" : { },
                            "/usr/local/codeql/qlpacks/codeql/javascript-queries/1.2.6/Security/CWE-643/XpathInjection.ql" : { },
                            "/usr/local/codeql/qlpacks/codeql/javascript-queries/1.2.6/Security/CWE-830/FunctionalityFromUntrustedDomain.ql" : { },
                            "/usr/local/codeql/qlpacks/codeql/javascript-queries/1.2.6/Security/CWE-830/FunctionalityFromUntrustedSource.ql" : { },
                            "/usr/local/codeql/qlpacks/codeql/javascript-queries/1.2.6/Security/CWE-134/TaintedFormatString.ql" : { },
                            "/usr/local/codeql/qlpacks/codeql/javascript-queries/1.2.6/Security/CWE-640/HostHeaderPoisoningInEmailGeneration.ql" : { },
                            "/usr/local/codeql/qlpacks/codeql/javascript-queries/1.2.6/Security/CWE-915/PrototypePollutingMergeCall.ql" : { },
                            "/usr/local/codeql/qlpacks/codeql/javascript-queries/1.2.6/Security/CWE-915/PrototypePollutingAssignment.ql" : { },
                            "/usr/local/codeql/qlpacks/codeql/javascript-queries/1.2.6/Security/CWE-915/PrototypePollutingFunction.ql" : { },
                            "/usr/local/codeql/qlpacks/codeql/javascript-queries/1.2.6/Security/CWE-094/ExpressionInjection.ql" : { },
                            "/usr/local/codeql/qlpacks/codeql/javascript-queries/1.2.6/Security/CWE-094/ImproperCodeSanitization.ql" : { },
                            "/usr/local/codeql/qlpacks/codeql/javascript-queries/1.2.6/Security/CWE-094/UnsafeDynamicMethodAccess.ql" : { },
                            "/usr/local/codeql/qlpacks/codeql/javascript-queries/1.2.6/Security/CWE-094/CodeInjection.ql" : { },
                            "/usr/local/codeql/qlpacks/codeql/javascript-queries/1.2.6/Security/CWE-200/PrivateFileExposure.ql" : { },
                            "/usr/local/codeql/qlpacks/codeql/javascript-queries/1.2.6/Security/CWE-295/DisablingCertificateValidation.ql" : { },
                            "/usr/local/codeql/qlpacks/codeql/javascript-queries/1.2.6/Security/CWE-843/TypeConfusionThroughParameterTampering.ql" : { },
                            "/usr/local/codeql/qlpacks/codeql/javascript-queries/1.2.6/Security/CWE-614/ClearTextCookie.ql" : { },
                            "/usr/local/codeql/qlpacks/codeql/javascript-queries/1.2.6/Security/CWE-400/DeepObjectResourceExhaustion.ql" : { },
                            "/usr/local/codeql/qlpacks/codeql/javascript-queries/1.2.6/Security/CWE-079/ReflectedXss.ql" : { },
                            "/usr/local/codeql/qlpacks/codeql/javascript-queries/1.2.6/Security/CWE-079/ExceptionXss.ql" : { },
                            "/usr/local/codeql/qlpacks/codeql/javascript-queries/1.2.6/Security/CWE-079/XssThroughDom.ql" : { },
                            "/usr/local/codeql/qlpacks/codeql/javascript-queries/1.2.6/Security/CWE-079/UnsafeHtmlConstruction.ql" : { },
                            "/usr/local/codeql/qlpacks/codeql/javascript-queries/1.2.6/Security/CWE-079/Xss.ql" : { },
                            "/usr/local/codeql/qlpacks/codeql/javascript-queries/1.2.6/Security/CWE-079/UnsafeJQueryPlugin.ql" : { },
                            "/usr/local/codeql/qlpacks/codeql/javascript-queries/1.2.6/Security/CWE-079/StoredXss.ql" : { },
                            "/usr/local/codeql/qlpacks/codeql/javascript-queries/1.2.6/Security/CWE-178/CaseSensitiveMiddlewarePath.ql" : { },
                            "/usr/local/codeql/qlpacks/codeql/javascript-queries/1.2.6/Security/CWE-312/BuildArtifactLeak.ql" : { },
                            "/usr/local/codeql/qlpacks/codeql/javascript-queries/1.2.6/Security/CWE-312/CleartextStorage.ql" : { },
                            "/usr/local/codeql/qlpacks/codeql/javascript-queries/1.2.6/Security/CWE-312/ActionsArtifactLeak.ql" : { },
                            "/usr/local/codeql/qlpacks/codeql/javascript-queries/1.2.6/Security/CWE-312/CleartextLogging.ql" : { },
                            "/usr/local/codeql/qlpacks/codeql/javascript-queries/1.2.6/Security/CWE-078/SecondOrderCommandInjection.ql" : { },
                            "/usr/local/codeql/qlpacks/codeql/javascript-queries/1.2.6/Security/CWE-078/UnsafeShellCommandConstruction.ql" : { },
                            "/usr/local/codeql/qlpacks/codeql/javascript-queries/1.2.6/Security/CWE-078/ShellCommandInjectionFromEnvironment.ql" : { },
                            "/usr/local/codeql/qlpacks/codeql/javascript-queries/1.2.6/Security/CWE-078/UselessUseOfCat.ql" : { },
                            "/usr/local/codeql/qlpacks/codeql/javascript-queries/1.2.6/Security/CWE-078/CommandInjection.ql" : { },
                            "/usr/local/codeql/qlpacks/codeql/javascript-queries/1.2.6/Security/CWE-730/RegExpInjection.ql" : { },
                            "/usr/local/codeql/qlpacks/codeql/javascript-queries/1.2.6/Security/CWE-730/ServerCrash.ql" : { },
                            "/usr/local/codeql/qlpacks/codeql/javascript-queries/1.2.6/Security/CWE-020/IncompleteUrlSubstringSanitization.ql" : { },
                            "/usr/local/codeql/qlpacks/codeql/javascript-queries/1.2.6/Security/CWE-020/IncorrectSuffixCheck.ql" : { },
                            "/usr/local/codeql/qlpacks/codeql/javascript-queries/1.2.6/Security/CWE-020/IncompleteUrlSchemeCheck.ql" : { },
                            "/usr/local/codeql/qlpacks/codeql/javascript-queries/1.2.6/Security/CWE-020/UselessRegExpCharacterEscape.ql" : { },
                            "/usr/local/codeql/qlpacks/codeql/javascript-queries/1.2.6/Security/CWE-020/IncompleteHostnameRegExp.ql" : { },
                            "/usr/local/codeql/qlpacks/codeql/javascript-queries/1.2.6/Security/CWE-020/OverlyLargeRange.ql" : { },
                            "/usr/local/codeql/qlpacks/codeql/javascript-queries/1.2.6/Security/CWE-300/InsecureDependencyResolution.ql" : { },
                            "/usr/local/codeql/qlpacks/codeql/javascript-queries/1.2.6/Diagnostics/ExtractionErrors.ql" : { },
                            "/usr/local/codeql/qlpacks/codeql/javascript-queries/1.2.6/Diagnostics/ExtractedFiles.ql" : { },
                            "/usr/local/codeql/qlpacks/codeql/javascript-queries/1.2.6/Summary/LinesOfCode.ql" : { },
                            "/usr/local/codeql/qlpacks/codeql/javascript-queries/1.2.6/Summary/LinesOfUserCode.ql" : { }
                          }
                        },
                        "noDeclaredLanguage" : { },
                        "multipleDeclaredLanguages" : { }
                      }
[2025-01-18 21:28:38] [PROGRESS] database process-config> Not creating an internal extension pack because there are no internal extensions.
[2025-01-18 21:28:38] Plumbing command codeql database process-config completed:
                      {
                        "paths" : [
                          ".",
                          "**/*.json"
                        ],
                        "pathsIgnore" : [ ],
                        "originalLocation" : "/mnt/c/GitHub/SpeQL/config/SpeQL.yml"
                      }
[2025-01-18 21:28:38] [PROGRESS] database init> Calculating baseline information in /mnt/c/GitHub/azure-rest-api-specs/specification/logic
[2025-01-18 21:28:38] [SPAMMY] database init> Ignoring the following directories when processing baseline information: .git, .hg, .svn.
[2025-01-18 21:28:38] [DETAILS] database init> Running command in /mnt/c/GitHub/azure-rest-api-specs/specification/logic: /usr/local/codeql/tools/linux64/scc --by-file --exclude-dir .git,.hg,.svn --format json --no-large --no-min .
[2025-01-18 21:28:38] [PROGRESS] database init> Calculated baseline information for languages:  (321ms).
[2025-01-18 21:28:38] [PROGRESS] database init> Resolving extractor javascript.
[2025-01-18 21:28:38] [DETAILS] database init> Found candidate extractor root for javascript: /usr/local/codeql/javascript.
[2025-01-18 21:28:38] [PROGRESS] database init> Successfully loaded extractor JavaScript/TypeScript (javascript) from /usr/local/codeql/javascript.
[2025-01-18 21:28:38] [PROGRESS] database init> Created skeleton CodeQL database at /mnt/c/GitHub/SpeQL/database/azure-api-db. This in-progress database is ready to be populated by an extractor.
[2025-01-18 21:28:38] Plumbing command codeql database init completed.
[2025-01-18 21:28:38] [PROGRESS] database create> Running build command: []
[2025-01-18 21:28:38] Running plumbing command: codeql database trace-command --threads=12 --ram=8192 --working-dir=/mnt/c/GitHub/azure-rest-api-specs/specification/logic --index-traceless-dbs --no-db-cluster -- /mnt/c/GitHub/SpeQL/database/azure-api-db
[2025-01-18 21:28:38] Using autobuild script /usr/local/codeql/javascript/tools/autobuild.sh.
[2025-01-18 21:28:38] [PROGRESS] database trace-command> Running command in /mnt/c/GitHub/azure-rest-api-specs/specification/logic: [/usr/local/codeql/javascript/tools/autobuild.sh]
[2025-01-18 21:28:38] [build-stdout] Parallel extraction with 12 threads.
[2025-01-18 21:28:43] [build-stdout] Extracting /mnt/c/GitHub/azure-rest-api-specs/specification/logic/resource-manager/Microsoft.Logic/preview/2018-07-01-preview/examples/IntegrationAccountAgreements_List.json
[2025-01-18 21:28:43] [build-stdout] Extracting /mnt/c/GitHub/azure-rest-api-specs/specification/logic/resource-manager/Microsoft.Logic/preview/2018-07-01-preview/examples/IntegrationAccountAgreements_ListContentCallbackUrl.json
[2025-01-18 21:28:43] [build-stdout] Extracting /mnt/c/GitHub/azure-rest-api-specs/specification/logic/resource-manager/Microsoft.Logic/preview/2018-07-01-preview/examples/IntegrationAccountAgreements_CreateOrUpdate.json
[2025-01-18 21:28:43] [build-stdout] Extracting /mnt/c/GitHub/azure-rest-api-specs/specification/logic/resource-manager/Microsoft.Logic/preview/2018-07-01-preview/examples/IntegrationAccountAgreements_Get.json
[2025-01-18 21:28:43] [build-stdout] Extracting /mnt/c/GitHub/azure-rest-api-specs/specification/logic/resource-manager/Microsoft.Logic/preview/2018-07-01-preview/examples/IntegrationAccountAgreements_Delete.json
[2025-01-18 21:28:43] [build-stdout] Extracting /mnt/c/GitHub/azure-rest-api-specs/specification/logic/resource-manager/Microsoft.Logic/preview/2018-07-01-preview/examples/IntegrationAccountAssemblies_CreateOrUpdate.json
[2025-01-18 21:28:43] [build-stdout] Extracting /mnt/c/GitHub/azure-rest-api-specs/specification/logic/resource-manager/Microsoft.Logic/preview/2018-07-01-preview/examples/IntegrationAccountAssemblies_Get.json
[2025-01-18 21:28:43] [build-stdout] Extracting /mnt/c/GitHub/azure-rest-api-specs/specification/logic/resource-manager/Microsoft.Logic/preview/2018-07-01-preview/examples/IntegrationAccountAssemblies_Delete.json
[2025-01-18 21:28:43] [build-stdout] Extracting /mnt/c/GitHub/azure-rest-api-specs/specification/logic/resource-manager/Microsoft.Logic/preview/2018-07-01-preview/examples/IntegrationAccountAssemblies_List.json
[2025-01-18 21:28:43] [build-stdout] Extracting /mnt/c/GitHub/azure-rest-api-specs/specification/logic/resource-manager/Microsoft.Logic/preview/2018-07-01-preview/examples/IntegrationAccountAssemblies_ListContentCallbackUrl.json
[2025-01-18 21:28:43] [build-stdout] Extracting /mnt/c/GitHub/azure-rest-api-specs/specification/logic/resource-manager/Microsoft.Logic/preview/2018-07-01-preview/examples/IntegrationAccountBatchConfigurations_CreateOrUpdate.json
[2025-01-18 21:28:43] [build-stdout] Extracting /mnt/c/GitHub/azure-rest-api-specs/specification/logic/resource-manager/Microsoft.Logic/preview/2018-07-01-preview/examples/IntegrationAccountBatchConfigurations_Delete.json
[2025-01-18 21:28:43] [build-stdout] Done extracting /mnt/c/GitHub/azure-rest-api-specs/specification/logic/resource-manager/Microsoft.Logic/preview/2018-07-01-preview/examples/IntegrationAccountAgreements_ListContentCallbackUrl.json (217 ms)
[2025-01-18 21:28:43] [build-stdout] Done extracting /mnt/c/GitHub/azure-rest-api-specs/specification/logic/resource-manager/Microsoft.Logic/preview/2018-07-01-preview/examples/IntegrationAccountAssemblies_CreateOrUpdate.json (222 ms)
[2025-01-18 21:28:43] [build-stdout] Done extracting /mnt/c/GitHub/azure-rest-api-specs/specification/logic/resource-manager/Microsoft.Logic/preview/2018-07-01-preview/examples/IntegrationAccountAssemblies_Delete.json (211 ms)
[2025-01-18 21:28:43] [build-stdout] Done extracting /mnt/c/GitHub/azure-rest-api-specs/specification/logic/resource-manager/Microsoft.Logic/preview/2018-07-01-preview/examples/IntegrationAccountAssemblies_List.json (210 ms)
[2025-01-18 21:28:43] [build-stdout] Done extracting /mnt/c/GitHub/azure-rest-api-specs/specification/logic/resource-manager/Microsoft.Logic/preview/2018-07-01-preview/examples/IntegrationAccountAssemblies_Get.json (215 ms)
[2025-01-18 21:28:43] [build-stdout] Done extracting /mnt/c/GitHub/azure-rest-api-specs/specification/logic/resource-manager/Microsoft.Logic/preview/2018-07-01-preview/examples/IntegrationAccountAssemblies_ListContentCallbackUrl.json (209 ms)
[2025-01-18 21:28:43] [build-stdout] Done extracting /mnt/c/GitHub/azure-rest-api-specs/specification/logic/resource-manager/Microsoft.Logic/preview/2018-07-01-preview/examples/IntegrationAccountAgreements_Delete.json (215 ms)
[2025-01-18 21:28:43] [build-stdout] Done extracting /mnt/c/GitHub/azure-rest-api-specs/specification/logic/resource-manager/Microsoft.Logic/preview/2018-07-01-preview/examples/IntegrationAccountBatchConfigurations_Delete.json (198 ms)
[2025-01-18 21:28:43] [build-stdout] Done extracting /mnt/c/GitHub/azure-rest-api-specs/specification/logic/resource-manager/Microsoft.Logic/preview/2018-07-01-preview/examples/IntegrationAccountBatchConfigurations_CreateOrUpdate.json (216 ms)
[2025-01-18 21:28:43] [build-stdout] Done extracting /mnt/c/GitHub/azure-rest-api-specs/specification/logic/resource-manager/Microsoft.Logic/preview/2018-07-01-preview/examples/IntegrationAccountAgreements_Get.json (232 ms)
[2025-01-18 21:28:43] [build-stdout] Extracting /mnt/c/GitHub/azure-rest-api-specs/specification/logic/resource-manager/Microsoft.Logic/preview/2018-07-01-preview/examples/IntegrationAccountBatchConfigurations_List.json
[2025-01-18 21:28:43] [build-stdout] Extracting /mnt/c/GitHub/azure-rest-api-specs/specification/logic/resource-manager/Microsoft.Logic/preview/2018-07-01-preview/examples/IntegrationAccountMaps_Delete.json
[2025-01-18 21:28:43] [build-stdout] Extracting /mnt/c/GitHub/azure-rest-api-specs/specification/logic/resource-manager/Microsoft.Logic/preview/2018-07-01-preview/examples/IntegrationAccountBatchConfigurations_Get.json
[2025-01-18 21:28:43] [build-stdout] Extracting /mnt/c/GitHub/azure-rest-api-specs/specification/logic/resource-manager/Microsoft.Logic/preview/2018-07-01-preview/examples/IntegrationAccountCertificates_Get.json
[2025-01-18 21:28:43] [build-stdout] Extracting /mnt/c/GitHub/azure-rest-api-specs/specification/logic/resource-manager/Microsoft.Logic/preview/2018-07-01-preview/examples/IntegrationAccountMaps_CreateOrUpdate.json
[2025-01-18 21:28:43] [build-stdout] Extracting /mnt/c/GitHub/azure-rest-api-specs/specification/logic/resource-manager/Microsoft.Logic/preview/2018-07-01-preview/examples/IntegrationAccountMaps_List.json
[2025-01-18 21:28:43] [build-stdout] Extracting /mnt/c/GitHub/azure-rest-api-specs/specification/logic/resource-manager/Microsoft.Logic/preview/2018-07-01-preview/examples/IntegrationAccountCertificates_List.json
[2025-01-18 21:28:43] [build-stdout] Extracting /mnt/c/GitHub/azure-rest-api-specs/specification/logic/resource-manager/Microsoft.Logic/preview/2018-07-01-preview/examples/IntegrationAccountCertificates_CreateOrUpdate.json
[2025-01-18 21:28:43] [build-stdout] Extracting /mnt/c/GitHub/azure-rest-api-specs/specification/logic/resource-manager/Microsoft.Logic/preview/2018-07-01-preview/examples/IntegrationAccountMaps_Get.json
[2025-01-18 21:28:43] [build-stdout] Extracting /mnt/c/GitHub/azure-rest-api-specs/specification/logic/resource-manager/Microsoft.Logic/preview/2018-07-01-preview/examples/IntegrationAccountCertificates_Delete.json
[2025-01-18 21:28:43] [build-stdout] Done extracting /mnt/c/GitHub/azure-rest-api-specs/specification/logic/resource-manager/Microsoft.Logic/preview/2018-07-01-preview/examples/IntegrationAccountAgreements_CreateOrUpdate.json (251 ms)
[2025-01-18 21:28:43] [build-stdout] Extracting /mnt/c/GitHub/azure-rest-api-specs/specification/logic/resource-manager/Microsoft.Logic/preview/2018-07-01-preview/examples/IntegrationAccountMaps_ListContentCallbackUrl.json
[2025-01-18 21:28:43] [build-stdout] Done extracting /mnt/c/GitHub/azure-rest-api-specs/specification/logic/resource-manager/Microsoft.Logic/preview/2018-07-01-preview/examples/IntegrationAccountAgreements_List.json (267 ms)
[2025-01-18 21:28:43] [build-stdout] Extracting /mnt/c/GitHub/azure-rest-api-specs/specification/logic/resource-manager/Microsoft.Logic/preview/2018-07-01-preview/examples/IntegrationAccountPartners_CreateOrUpdate.json
[2025-01-18 21:28:44] [build-stdout] Done extracting /mnt/c/GitHub/azure-rest-api-specs/specification/logic/resource-manager/Microsoft.Logic/preview/2018-07-01-preview/examples/IntegrationAccountMaps_List.json (108 ms)
[2025-01-18 21:28:44] [build-stdout] Done extracting /mnt/c/GitHub/azure-rest-api-specs/specification/logic/resource-manager/Microsoft.Logic/preview/2018-07-01-preview/examples/IntegrationAccountCertificates_Get.json (110 ms)
[2025-01-18 21:28:44] [build-stdout] Done extracting /mnt/c/GitHub/azure-rest-api-specs/specification/logic/resource-manager/Microsoft.Logic/preview/2018-07-01-preview/examples/IntegrationAccountMaps_CreateOrUpdate.json (112 ms)
[2025-01-18 21:28:44] [build-stdout] Done extracting /mnt/c/GitHub/azure-rest-api-specs/specification/logic/resource-manager/Microsoft.Logic/preview/2018-07-01-preview/examples/IntegrationAccountBatchConfigurations_List.json (117 ms)
[2025-01-18 21:28:44] [build-stdout] Extracting /mnt/c/GitHub/azure-rest-api-specs/specification/logic/resource-manager/Microsoft.Logic/preview/2018-07-01-preview/examples/IntegrationAccountPartners_Delete.json
[2025-01-18 21:28:44] [build-stdout] Extracting /mnt/c/GitHub/azure-rest-api-specs/specification/logic/resource-manager/Microsoft.Logic/preview/2018-07-01-preview/examples/IntegrationAccountPartners_Get.json
[2025-01-18 21:28:44] [build-stdout] Extracting /mnt/c/GitHub/azure-rest-api-specs/specification/logic/resource-manager/Microsoft.Logic/preview/2018-07-01-preview/examples/IntegrationAccountPartners_List.json
[2025-01-18 21:28:44] [build-stdout] Done extracting /mnt/c/GitHub/azure-rest-api-specs/specification/logic/resource-manager/Microsoft.Logic/preview/2018-07-01-preview/examples/IntegrationAccountCertificates_Delete.json (122 ms)
[2025-01-18 21:28:44] [build-stdout] Extracting /mnt/c/GitHub/azure-rest-api-specs/specification/logic/resource-manager/Microsoft.Logic/preview/2018-07-01-preview/examples/IntegrationAccountPartners_ListContentCallbackUrl.json
[2025-01-18 21:28:44] [build-stdout] Extracting /mnt/c/GitHub/azure-rest-api-specs/specification/logic/resource-manager/Microsoft.Logic/preview/2018-07-01-preview/examples/IntegrationAccountSchemas_CreateOrUpdate.json
[2025-01-18 21:28:44] [build-stdout] Done extracting /mnt/c/GitHub/azure-rest-api-specs/specification/logic/resource-manager/Microsoft.Logic/preview/2018-07-01-preview/examples/IntegrationAccountCertificates_List.json (135 ms)
[2025-01-18 21:28:44] [build-stdout] Done extracting /mnt/c/GitHub/azure-rest-api-specs/specification/logic/resource-manager/Microsoft.Logic/preview/2018-07-01-preview/examples/IntegrationAccountMaps_Delete.json (141 ms)
[2025-01-18 21:28:44] [build-stdout] Extracting /mnt/c/GitHub/azure-rest-api-specs/specification/logic/resource-manager/Microsoft.Logic/preview/2018-07-01-preview/examples/IntegrationAccountSchemas_Delete.json
[2025-01-18 21:28:44] [build-stdout] Extracting /mnt/c/GitHub/azure-rest-api-specs/specification/logic/resource-manager/Microsoft.Logic/preview/2018-07-01-preview/examples/IntegrationAccountSchemas_Get.json
[2025-01-18 21:28:44] [build-stdout] Done extracting /mnt/c/GitHub/azure-rest-api-specs/specification/logic/resource-manager/Microsoft.Logic/preview/2018-07-01-preview/examples/IntegrationAccountCertificates_CreateOrUpdate.json (155 ms)
[2025-01-18 21:28:44] [build-stdout] Done extracting /mnt/c/GitHub/azure-rest-api-specs/specification/logic/resource-manager/Microsoft.Logic/preview/2018-07-01-preview/examples/IntegrationAccountMaps_Get.json (157 ms)
[2025-01-18 21:28:44] [build-stdout] Extracting /mnt/c/GitHub/azure-rest-api-specs/specification/logic/resource-manager/Microsoft.Logic/preview/2018-07-01-preview/examples/IntegrationAccountSchemas_List.json
[2025-01-18 21:28:44] [build-stdout] Extracting /mnt/c/GitHub/azure-rest-api-specs/specification/logic/resource-manager/Microsoft.Logic/preview/2018-07-01-preview/examples/IntegrationAccountSchemas_ListContentCallbackUrl.json
[2025-01-18 21:28:44] [build-stdout] Done extracting /mnt/c/GitHub/azure-rest-api-specs/specification/logic/resource-manager/Microsoft.Logic/preview/2018-07-01-preview/examples/IntegrationAccountBatchConfigurations_Get.json (163 ms)
[2025-01-18 21:28:44] [build-stdout] Extracting /mnt/c/GitHub/azure-rest-api-specs/specification/logic/resource-manager/Microsoft.Logic/preview/2018-07-01-preview/examples/IntegrationAccountSessions_CreateOrUpdate.json
[2025-01-18 21:28:44] [build-stdout] Done extracting /mnt/c/GitHub/azure-rest-api-specs/specification/logic/resource-manager/Microsoft.Logic/preview/2018-07-01-preview/examples/IntegrationAccountPartners_CreateOrUpdate.json (142 ms)
[2025-01-18 21:28:44] [build-stdout] Extracting /mnt/c/GitHub/azure-rest-api-specs/specification/logic/resource-manager/Microsoft.Logic/preview/2018-07-01-preview/examples/IntegrationAccountSessions_Delete.json
[2025-01-18 21:28:44] [build-stdout] Done extracting /mnt/c/GitHub/azure-rest-api-specs/specification/logic/resource-manager/Microsoft.Logic/preview/2018-07-01-preview/examples/IntegrationAccountMaps_ListContentCallbackUrl.json (163 ms)
[2025-01-18 21:28:44] [build-stdout] Extracting /mnt/c/GitHub/azure-rest-api-specs/specification/logic/resource-manager/Microsoft.Logic/preview/2018-07-01-preview/examples/IntegrationAccountSessions_Get.json
[2025-01-18 21:28:44] [build-stdout] Done extracting /mnt/c/GitHub/azure-rest-api-specs/specification/logic/resource-manager/Microsoft.Logic/preview/2018-07-01-preview/examples/IntegrationAccountSchemas_Get.json (82 ms)
[2025-01-18 21:28:44] [build-stdout] Done extracting /mnt/c/GitHub/azure-rest-api-specs/specification/logic/resource-manager/Microsoft.Logic/preview/2018-07-01-preview/examples/IntegrationAccountPartners_Get.json (111 ms)
[2025-01-18 21:28:44] [build-stdout] Extracting /mnt/c/GitHub/azure-rest-api-specs/specification/logic/resource-manager/Microsoft.Logic/preview/2018-07-01-preview/examples/IntegrationAccountSessions_List.json
[2025-01-18 21:28:44] [build-stdout] Extracting /mnt/c/GitHub/azure-rest-api-specs/specification/logic/resource-manager/Microsoft.Logic/preview/2018-07-01-preview/examples/IntegrationAccounts_CreateOrUpdate.json
[2025-01-18 21:28:44] [build-stdout] Done extracting /mnt/c/GitHub/azure-rest-api-specs/specification/logic/resource-manager/Microsoft.Logic/preview/2018-07-01-preview/examples/IntegrationAccountPartners_ListContentCallbackUrl.json (111 ms)
[2025-01-18 21:28:44] [build-stdout] Extracting /mnt/c/GitHub/azure-rest-api-specs/specification/logic/resource-manager/Microsoft.Logic/preview/2018-07-01-preview/examples/IntegrationAccounts_Delete.json
[2025-01-18 21:28:44] [build-stdout] Done extracting /mnt/c/GitHub/azure-rest-api-specs/specification/logic/resource-manager/Microsoft.Logic/preview/2018-07-01-preview/examples/IntegrationAccountSchemas_ListContentCallbackUrl.json (80 ms)
[2025-01-18 21:28:44] [build-stdout] Extracting /mnt/c/GitHub/azure-rest-api-specs/specification/logic/resource-manager/Microsoft.Logic/preview/2018-07-01-preview/examples/IntegrationAccounts_Get.json
[2025-01-18 21:28:44] [build-stdout] Done extracting /mnt/c/GitHub/azure-rest-api-specs/specification/logic/resource-manager/Microsoft.Logic/preview/2018-07-01-preview/examples/IntegrationAccountPartners_Delete.json (136 ms)
[2025-01-18 21:28:44] [build-stdout] Extracting /mnt/c/GitHub/azure-rest-api-specs/specification/logic/resource-manager/Microsoft.Logic/preview/2018-07-01-preview/examples/IntegrationAccounts_ListByResourceGroup.json
[2025-01-18 21:28:44] [build-stdout] Done extracting /mnt/c/GitHub/azure-rest-api-specs/specification/logic/resource-manager/Microsoft.Logic/preview/2018-07-01-preview/examples/IntegrationAccountSchemas_Delete.json (116 ms)
[2025-01-18 21:28:44] [build-stdout] Extracting /mnt/c/GitHub/azure-rest-api-specs/specification/logic/resource-manager/Microsoft.Logic/preview/2018-07-01-preview/examples/IntegrationAccounts_ListBySubscription.json
[2025-01-18 21:28:44] [build-stdout] Done extracting /mnt/c/GitHub/azure-rest-api-specs/specification/logic/resource-manager/Microsoft.Logic/preview/2018-07-01-preview/examples/IntegrationAccountPartners_List.json (153 ms)
[2025-01-18 21:28:44] [build-stdout] Done extracting /mnt/c/GitHub/azure-rest-api-specs/specification/logic/resource-manager/Microsoft.Logic/preview/2018-07-01-preview/examples/IntegrationAccountSchemas_CreateOrUpdate.json (146 ms)
[2025-01-18 21:28:44] [build-stdout] Extracting /mnt/c/GitHub/azure-rest-api-specs/specification/logic/resource-manager/Microsoft.Logic/preview/2018-07-01-preview/examples/IntegrationAccounts_ListCallbackUrl.json
[2025-01-18 21:28:44] [build-stdout] Done extracting /mnt/c/GitHub/azure-rest-api-specs/specification/logic/resource-manager/Microsoft.Logic/preview/2018-07-01-preview/examples/IntegrationAccountSessions_CreateOrUpdate.json (115 ms)
[2025-01-18 21:28:44] [build-stdout] Extracting /mnt/c/GitHub/azure-rest-api-specs/specification/logic/resource-manager/Microsoft.Logic/preview/2018-07-01-preview/examples/IntegrationAccounts_ListKeyVaultKeys.json
[2025-01-18 21:28:44] [build-stdout] Extracting /mnt/c/GitHub/azure-rest-api-specs/specification/logic/resource-manager/Microsoft.Logic/preview/2018-07-01-preview/examples/IntegrationAccounts_LogTrackingEvents.json
[2025-01-18 21:28:44] [build-stdout] Done extracting /mnt/c/GitHub/azure-rest-api-specs/specification/logic/resource-manager/Microsoft.Logic/preview/2018-07-01-preview/examples/IntegrationAccountSchemas_List.json (133 ms)
[2025-01-18 21:28:44] [build-stdout] Done extracting /mnt/c/GitHub/azure-rest-api-specs/specification/logic/resource-manager/Microsoft.Logic/preview/2018-07-01-preview/examples/IntegrationAccountSessions_Delete.json (119 ms)
[2025-01-18 21:28:44] [build-stdout] Extracting /mnt/c/GitHub/azure-rest-api-specs/specification/logic/resource-manager/Microsoft.Logic/preview/2018-07-01-preview/examples/IntegrationAccounts_RegenerateAccessKey.json
[2025-01-18 21:28:44] [build-stdout] Extracting /mnt/c/GitHub/azure-rest-api-specs/specification/logic/resource-manager/Microsoft.Logic/preview/2018-07-01-preview/examples/IntegrationAccounts_Update.json
[2025-01-18 21:28:44] [build-stdout] Done extracting /mnt/c/GitHub/azure-rest-api-specs/specification/logic/resource-manager/Microsoft.Logic/preview/2018-07-01-preview/examples/IntegrationAccountSessions_Get.json (125 ms)
[2025-01-18 21:28:44] [build-stdout] Extracting /mnt/c/GitHub/azure-rest-api-specs/specification/logic/resource-manager/Microsoft.Logic/preview/2018-07-01-preview/examples/IntegrationServiceEnvironmentManagedApiApiOperations_List.json
[2025-01-18 21:28:44] [build-stdout] Done extracting /mnt/c/GitHub/azure-rest-api-specs/specification/logic/resource-manager/Microsoft.Logic/preview/2018-07-01-preview/examples/IntegrationAccounts_ListKeyVaultKeys.json (87 ms)
[2025-01-18 21:28:44] [build-stdout] Done extracting /mnt/c/GitHub/azure-rest-api-specs/specification/logic/resource-manager/Microsoft.Logic/preview/2018-07-01-preview/examples/IntegrationAccounts_RegenerateAccessKey.json (77 ms)
[2025-01-18 21:28:44] [build-stdout] Done extracting /mnt/c/GitHub/azure-rest-api-specs/specification/logic/resource-manager/Microsoft.Logic/preview/2018-07-01-preview/examples/IntegrationAccounts_ListByResourceGroup.json (116 ms)
[2025-01-18 21:28:44] [build-stdout] Done extracting /mnt/c/GitHub/azure-rest-api-specs/specification/logic/resource-manager/Microsoft.Logic/preview/2018-07-01-preview/examples/IntegrationAccounts_Get.json (128 ms)
[2025-01-18 21:28:44] [build-stdout] Extracting /mnt/c/GitHub/azure-rest-api-specs/specification/logic/resource-manager/Microsoft.Logic/preview/2018-07-01-preview/examples/IntegrationServiceEnvironmentManagedApis_Get.json
[2025-01-18 21:28:44] [build-stdout] Extracting /mnt/c/GitHub/azure-rest-api-specs/specification/logic/resource-manager/Microsoft.Logic/preview/2018-07-01-preview/examples/IntegrationServiceEnvironmentManagedApis_List.json
[2025-01-18 21:28:44] [build-stdout] Done extracting /mnt/c/GitHub/azure-rest-api-specs/specification/logic/resource-manager/Microsoft.Logic/preview/2018-07-01-preview/examples/IntegrationAccounts_ListBySubscription.json (113 ms)
[2025-01-18 21:28:44] [build-stdout] Extracting /mnt/c/GitHub/azure-rest-api-specs/specification/logic/resource-manager/Microsoft.Logic/preview/2018-07-01-preview/examples/IntegrationServiceEnvironments_Delete.json
[2025-01-18 21:28:44] [build-stdout] Extracting /mnt/c/GitHub/azure-rest-api-specs/specification/logic/resource-manager/Microsoft.Logic/preview/2018-07-01-preview/examples/IntegrationServiceEnvironments_Get.json
[2025-01-18 21:28:44] [build-stdout] Extracting /mnt/c/GitHub/azure-rest-api-specs/specification/logic/resource-manager/Microsoft.Logic/preview/2018-07-01-preview/examples/IntegrationServiceEnvironments_ListByResourceGroup.json
[2025-01-18 21:28:44] [build-stdout] Done extracting /mnt/c/GitHub/azure-rest-api-specs/specification/logic/resource-manager/Microsoft.Logic/preview/2018-07-01-preview/examples/IntegrationAccounts_ListCallbackUrl.json (113 ms)
[2025-01-18 21:28:44] [build-stdout] Extracting /mnt/c/GitHub/azure-rest-api-specs/specification/logic/resource-manager/Microsoft.Logic/preview/2018-07-01-preview/examples/IntegrationServiceEnvironments_ListBySubscription.json
[2025-01-18 21:28:44] [build-stdout] Done extracting /mnt/c/GitHub/azure-rest-api-specs/specification/logic/resource-manager/Microsoft.Logic/preview/2018-07-01-preview/examples/IntegrationAccounts_LogTrackingEvents.json (111 ms)
[2025-01-18 21:28:44] [build-stdout] Extracting /mnt/c/GitHub/azure-rest-api-specs/specification/logic/resource-manager/Microsoft.Logic/preview/2018-07-01-preview/examples/Operations_List.json
[2025-01-18 21:28:44] [build-stdout] Done extracting /mnt/c/GitHub/azure-rest-api-specs/specification/logic/resource-manager/Microsoft.Logic/preview/2018-07-01-preview/examples/IntegrationAccounts_Delete.json (164 ms)
[2025-01-18 21:28:44] [build-stdout] Extracting /mnt/c/GitHub/azure-rest-api-specs/specification/logic/resource-manager/Microsoft.Logic/preview/2018-07-01-preview/examples/WorkflowRunActionRepetitionsRequestHistories_Get.json
[2025-01-18 21:28:44] [build-stdout] Done extracting /mnt/c/GitHub/azure-rest-api-specs/specification/logic/resource-manager/Microsoft.Logic/preview/2018-07-01-preview/examples/IntegrationAccounts_CreateOrUpdate.json (178 ms)
[2025-01-18 21:28:44] [build-stdout] Done extracting /mnt/c/GitHub/azure-rest-api-specs/specification/logic/resource-manager/Microsoft.Logic/preview/2018-07-01-preview/examples/IntegrationAccounts_Update.json (119 ms)
[2025-01-18 21:28:44] [build-stdout] Extracting /mnt/c/GitHub/azure-rest-api-specs/specification/logic/resource-manager/Microsoft.Logic/preview/2018-07-01-preview/examples/WorkflowRunActionRepetitionsRequestHistories_List.json
[2025-01-18 21:28:44] [build-stdout] Extracting /mnt/c/GitHub/azure-rest-api-specs/specification/logic/resource-manager/Microsoft.Logic/preview/2018-07-01-preview/examples/WorkflowRunActionRepetitions_Get.json
[2025-01-18 21:28:44] [build-stdout] Done extracting /mnt/c/GitHub/azure-rest-api-specs/specification/logic/resource-manager/Microsoft.Logic/preview/2018-07-01-preview/examples/IntegrationServiceEnvironmentManagedApiApiOperations_List.json (112 ms)
[2025-01-18 21:28:44] [build-stdout] Extracting /mnt/c/GitHub/azure-rest-api-specs/specification/logic/resource-manager/Microsoft.Logic/preview/2018-07-01-preview/examples/WorkflowRunActionRepetitions_List.json
[2025-01-18 21:28:44] [build-stdout] Done extracting /mnt/c/GitHub/azure-rest-api-specs/specification/logic/resource-manager/Microsoft.Logic/preview/2018-07-01-preview/examples/IntegrationAccountSessions_List.json (194 ms)
[2025-01-18 21:28:44] [build-stdout] Extracting /mnt/c/GitHub/azure-rest-api-specs/specification/logic/resource-manager/Microsoft.Logic/preview/2018-07-01-preview/examples/WorkflowRunActionRepetitions_ListExpressionTraces.json
[2025-01-18 21:28:44] [build-stdout] Done extracting /mnt/c/GitHub/azure-rest-api-specs/specification/logic/resource-manager/Microsoft.Logic/preview/2018-07-01-preview/examples/WorkflowRunActionRepetitions_Get.json (62 ms)
[2025-01-18 21:28:44] [build-stdout] Done extracting /mnt/c/GitHub/azure-rest-api-specs/specification/logic/resource-manager/Microsoft.Logic/preview/2018-07-01-preview/examples/IntegrationServiceEnvironments_ListByResourceGroup.json (95 ms)
[2025-01-18 21:28:44] [build-stdout] Extracting /mnt/c/GitHub/azure-rest-api-specs/specification/logic/resource-manager/Microsoft.Logic/preview/2018-07-01-preview/examples/WorkflowRunActionRequestHistories_Get.json
[2025-01-18 21:28:44] [build-stdout] Done extracting /mnt/c/GitHub/azure-rest-api-specs/specification/logic/resource-manager/Microsoft.Logic/preview/2018-07-01-preview/examples/IntegrationServiceEnvironmentManagedApis_List.json (108 ms)
[2025-01-18 21:28:44] [build-stdout] Extracting /mnt/c/GitHub/azure-rest-api-specs/specification/logic/resource-manager/Microsoft.Logic/preview/2018-07-01-preview/examples/WorkflowRunActionRequestHistories_List.json
[2025-01-18 21:28:44] [build-stdout] Done extracting /mnt/c/GitHub/azure-rest-api-specs/specification/logic/resource-manager/Microsoft.Logic/preview/2018-07-01-preview/examples/IntegrationServiceEnvironmentManagedApis_Get.json (114 ms)
[2025-01-18 21:28:44] [build-stdout] Extracting /mnt/c/GitHub/azure-rest-api-specs/specification/logic/resource-manager/Microsoft.Logic/preview/2018-07-01-preview/examples/WorkflowRunActionScopeRepetitions_Get.json
[2025-01-18 21:28:44] [build-stdout] Done extracting /mnt/c/GitHub/azure-rest-api-specs/specification/logic/resource-manager/Microsoft.Logic/preview/2018-07-01-preview/examples/IntegrationServiceEnvironments_ListBySubscription.json (98 ms)
[2025-01-18 21:28:44] [build-stdout] Extracting /mnt/c/GitHub/azure-rest-api-specs/specification/logic/resource-manager/Microsoft.Logic/preview/2018-07-01-preview/examples/WorkflowRunActionScopeRepetitions_List.json
[2025-01-18 21:28:44] [build-stdout] Extracting /mnt/c/GitHub/azure-rest-api-specs/specification/logic/resource-manager/Microsoft.Logic/preview/2018-07-01-preview/examples/WorkflowRunActions_Get.json
[2025-01-18 21:28:44] [build-stdout] Done extracting /mnt/c/GitHub/azure-rest-api-specs/specification/logic/resource-manager/Microsoft.Logic/preview/2018-07-01-preview/examples/WorkflowRunActionRepetitionsRequestHistories_List.json (99 ms)
[2025-01-18 21:28:44] [build-stdout] Extracting /mnt/c/GitHub/azure-rest-api-specs/specification/logic/resource-manager/Microsoft.Logic/preview/2018-07-01-preview/examples/WorkflowRunActions_List.json
[2025-01-18 21:28:44] [build-stdout] Done extracting /mnt/c/GitHub/azure-rest-api-specs/specification/logic/resource-manager/Microsoft.Logic/preview/2018-07-01-preview/examples/WorkflowRunActionRepetitionsRequestHistories_Get.json (109 ms)
[2025-01-18 21:28:44] [build-stdout] Done extracting /mnt/c/GitHub/azure-rest-api-specs/specification/logic/resource-manager/Microsoft.Logic/preview/2018-07-01-preview/examples/Operations_List.json (118 ms)
[2025-01-18 21:28:44] [build-stdout] Extracting /mnt/c/GitHub/azure-rest-api-specs/specification/logic/resource-manager/Microsoft.Logic/preview/2018-07-01-preview/examples/WorkflowRunActions_ListExpressionTraces.json
[2025-01-18 21:28:44] [build-stdout] Done extracting /mnt/c/GitHub/azure-rest-api-specs/specification/logic/resource-manager/Microsoft.Logic/preview/2018-07-01-preview/examples/IntegrationServiceEnvironments_Delete.json (144 ms)
[2025-01-18 21:28:44] [build-stdout] Extracting /mnt/c/GitHub/azure-rest-api-specs/specification/logic/resource-manager/Microsoft.Logic/preview/2018-07-01-preview/examples/WorkflowRunOperations_Get.json
[2025-01-18 21:28:44] [build-stdout] Extracting /mnt/c/GitHub/azure-rest-api-specs/specification/logic/resource-manager/Microsoft.Logic/preview/2018-07-01-preview/examples/WorkflowRuns_Cancel.json
[2025-01-18 21:28:44] [build-stdout] Done extracting /mnt/c/GitHub/azure-rest-api-specs/specification/logic/resource-manager/Microsoft.Logic/preview/2018-07-01-preview/examples/WorkflowRunActionRepetitions_List.json (106 ms)
[2025-01-18 21:28:44] [build-stdout] Extracting /mnt/c/GitHub/azure-rest-api-specs/specification/logic/resource-manager/Microsoft.Logic/preview/2018-07-01-preview/examples/WorkflowRuns_Delete.json
[2025-01-18 21:28:44] [build-stdout] Done extracting /mnt/c/GitHub/azure-rest-api-specs/specification/logic/resource-manager/Microsoft.Logic/preview/2018-07-01-preview/examples/IntegrationServiceEnvironments_Get.json (149 ms)
[2025-01-18 21:28:44] [build-stdout] Extracting /mnt/c/GitHub/azure-rest-api-specs/specification/logic/resource-manager/Microsoft.Logic/preview/2018-07-01-preview/examples/WorkflowRuns_Get.json
[2025-01-18 21:28:44] [build-stdout] Done extracting /mnt/c/GitHub/azure-rest-api-specs/specification/logic/resource-manager/Microsoft.Logic/preview/2018-07-01-preview/examples/WorkflowRunActionRepetitions_ListExpressionTraces.json (110 ms)
[2025-01-18 21:28:44] [build-stdout] Extracting /mnt/c/GitHub/azure-rest-api-specs/specification/logic/resource-manager/Microsoft.Logic/preview/2018-07-01-preview/examples/WorkflowRuns_List.json
[2025-01-18 21:28:44] [build-stdout] Done extracting /mnt/c/GitHub/azure-rest-api-specs/specification/logic/resource-manager/Microsoft.Logic/preview/2018-07-01-preview/examples/WorkflowRunActionRequestHistories_Get.json (114 ms)
[2025-01-18 21:28:44] [build-stdout] Done extracting /mnt/c/GitHub/azure-rest-api-specs/specification/logic/resource-manager/Microsoft.Logic/preview/2018-07-01-preview/examples/WorkflowRunActionScopeRepetitions_Get.json (106 ms)
[2025-01-18 21:28:44] [build-stdout] Done extracting /mnt/c/GitHub/azure-rest-api-specs/specification/logic/resource-manager/Microsoft.Logic/preview/2018-07-01-preview/examples/WorkflowRunActions_ListExpressionTraces.json (78 ms)
[2025-01-18 21:28:44] [build-stdout] Extracting /mnt/c/GitHub/azure-rest-api-specs/specification/logic/resource-manager/Microsoft.Logic/preview/2018-07-01-preview/examples/WorkflowTriggerHistories_Get.json
[2025-01-18 21:28:44] [build-stdout] Done extracting /mnt/c/GitHub/azure-rest-api-specs/specification/logic/resource-manager/Microsoft.Logic/preview/2018-07-01-preview/examples/WorkflowRunActions_List.json (89 ms)
[2025-01-18 21:28:44] [build-stdout] Extracting /mnt/c/GitHub/azure-rest-api-specs/specification/logic/resource-manager/Microsoft.Logic/preview/2018-07-01-preview/examples/WorkflowTriggerHistories_List.json
[2025-01-18 21:28:44] [build-stdout] Extracting /mnt/c/GitHub/azure-rest-api-specs/specification/logic/resource-manager/Microsoft.Logic/preview/2018-07-01-preview/examples/WorkflowTriggerHistories_Resubmit.json
[2025-01-18 21:28:44] [build-stdout] Extracting /mnt/c/GitHub/azure-rest-api-specs/specification/logic/resource-manager/Microsoft.Logic/preview/2018-07-01-preview/examples/WorkflowTriggers_Get.json
[2025-01-18 21:28:44] [build-stdout] Done extracting /mnt/c/GitHub/azure-rest-api-specs/specification/logic/resource-manager/Microsoft.Logic/preview/2018-07-01-preview/examples/WorkflowRuns_Cancel.json (86 ms)
[2025-01-18 21:28:44] [build-stdout] Done extracting /mnt/c/GitHub/azure-rest-api-specs/specification/logic/resource-manager/Microsoft.Logic/preview/2018-07-01-preview/examples/WorkflowRuns_Delete.json (89 ms)
[2025-01-18 21:28:44] [build-stdout] Extracting /mnt/c/GitHub/azure-rest-api-specs/specification/logic/resource-manager/Microsoft.Logic/preview/2018-07-01-preview/examples/WorkflowTriggers_GetSchemaJson.json
[2025-01-18 21:28:44] [build-stdout] Extracting /mnt/c/GitHub/azure-rest-api-specs/specification/logic/resource-manager/Microsoft.Logic/preview/2018-07-01-preview/examples/WorkflowTriggers_List.json
[2025-01-18 21:28:44] [build-stdout] Done extracting /mnt/c/GitHub/azure-rest-api-specs/specification/logic/resource-manager/Microsoft.Logic/preview/2018-07-01-preview/examples/WorkflowRunActions_Get.json (130 ms)
[2025-01-18 21:28:44] [build-stdout] Done extracting /mnt/c/GitHub/azure-rest-api-specs/specification/logic/resource-manager/Microsoft.Logic/preview/2018-07-01-preview/examples/WorkflowRunActionScopeRepetitions_List.json (135 ms)
[2025-01-18 21:28:44] [build-stdout] Extracting /mnt/c/GitHub/azure-rest-api-specs/specification/logic/resource-manager/Microsoft.Logic/preview/2018-07-01-preview/examples/WorkflowTriggers_ListCallbackUrl.json
[2025-01-18 21:28:44] [build-stdout] Extracting /mnt/c/GitHub/azure-rest-api-specs/specification/logic/resource-manager/Microsoft.Logic/preview/2018-07-01-preview/examples/WorkflowTriggers_Reset.json
[2025-01-18 21:28:44] [build-stdout] Done extracting /mnt/c/GitHub/azure-rest-api-specs/specification/logic/resource-manager/Microsoft.Logic/preview/2018-07-01-preview/examples/WorkflowRunOperations_Get.json (115 ms)
[2025-01-18 21:28:44] [build-stdout] Extracting /mnt/c/GitHub/azure-rest-api-specs/specification/logic/resource-manager/Microsoft.Logic/preview/2018-07-01-preview/examples/WorkflowTriggers_Run.json
[2025-01-18 21:28:44] [build-stdout] Done extracting /mnt/c/GitHub/azure-rest-api-specs/specification/logic/resource-manager/Microsoft.Logic/preview/2018-07-01-preview/examples/WorkflowRuns_Get.json (110 ms)
[2025-01-18 21:28:44] [build-stdout] Done extracting /mnt/c/GitHub/azure-rest-api-specs/specification/logic/resource-manager/Microsoft.Logic/preview/2018-07-01-preview/examples/WorkflowRunActionRequestHistories_List.json (160 ms)
[2025-01-18 21:28:44] [build-stdout] Extracting /mnt/c/GitHub/azure-rest-api-specs/specification/logic/resource-manager/Microsoft.Logic/preview/2018-07-01-preview/examples/WorkflowTriggers_SetState.json
[2025-01-18 21:28:44] [build-stdout] Extracting /mnt/c/GitHub/azure-rest-api-specs/specification/logic/resource-manager/Microsoft.Logic/preview/2018-07-01-preview/examples/WorkflowVersionTriggers_ListCallbackUrl.json
[2025-01-18 21:28:44] [build-stdout] Done extracting /mnt/c/GitHub/azure-rest-api-specs/specification/logic/resource-manager/Microsoft.Logic/preview/2018-07-01-preview/examples/WorkflowRuns_List.json (111 ms)
[2025-01-18 21:28:44] [build-stdout] Extracting /mnt/c/GitHub/azure-rest-api-specs/specification/logic/resource-manager/Microsoft.Logic/preview/2018-07-01-preview/examples/WorkflowVersions_Get.json
[2025-01-18 21:28:44] [build-stdout] Done extracting /mnt/c/GitHub/azure-rest-api-specs/specification/logic/resource-manager/Microsoft.Logic/preview/2018-07-01-preview/examples/WorkflowTriggerHistories_List.json (97 ms)
[2025-01-18 21:28:44] [build-stdout] Done extracting /mnt/c/GitHub/azure-rest-api-specs/specification/logic/resource-manager/Microsoft.Logic/preview/2018-07-01-preview/examples/WorkflowTriggers_Get.json (91 ms)
[2025-01-18 21:28:44] [build-stdout] Extracting /mnt/c/GitHub/azure-rest-api-specs/specification/logic/resource-manager/Microsoft.Logic/preview/2018-07-01-preview/examples/WorkflowVersions_List.json
[2025-01-18 21:28:44] [build-stdout] Extracting /mnt/c/GitHub/azure-rest-api-specs/specification/logic/resource-manager/Microsoft.Logic/preview/2018-07-01-preview/examples/Workflows_CreateOrUpdate.json
[2025-01-18 21:28:44] [build-stdout] Done extracting /mnt/c/GitHub/azure-rest-api-specs/specification/logic/resource-manager/Microsoft.Logic/preview/2018-07-01-preview/examples/WorkflowTriggers_Reset.json (71 ms)
[2025-01-18 21:28:44] [build-stdout] Extracting /mnt/c/GitHub/azure-rest-api-specs/specification/logic/resource-manager/Microsoft.Logic/preview/2018-07-01-preview/examples/Workflows_Delete.json
[2025-01-18 21:28:44] [build-stdout] Done extracting /mnt/c/GitHub/azure-rest-api-specs/specification/logic/resource-manager/Microsoft.Logic/preview/2018-07-01-preview/examples/WorkflowTriggerHistories_Get.json (114 ms)
[2025-01-18 21:28:44] [build-stdout] Extracting /mnt/c/GitHub/azure-rest-api-specs/specification/logic/resource-manager/Microsoft.Logic/preview/2018-07-01-preview/examples/Workflows_Disable.json
[2025-01-18 21:28:44] [build-stdout] Done extracting /mnt/c/GitHub/azure-rest-api-specs/specification/logic/resource-manager/Microsoft.Logic/preview/2018-07-01-preview/examples/WorkflowTriggerHistories_Resubmit.json (119 ms)
[2025-01-18 21:28:44] [build-stdout] Done extracting /mnt/c/GitHub/azure-rest-api-specs/specification/logic/resource-manager/Microsoft.Logic/preview/2018-07-01-preview/examples/WorkflowTriggers_GetSchemaJson.json (106 ms)
[2025-01-18 21:28:44] [build-stdout] Extracting /mnt/c/GitHub/azure-rest-api-specs/specification/logic/resource-manager/Microsoft.Logic/preview/2018-07-01-preview/examples/Workflows_Enable.json
[2025-01-18 21:28:44] [build-stdout] Extracting /mnt/c/GitHub/azure-rest-api-specs/specification/logic/resource-manager/Microsoft.Logic/preview/2018-07-01-preview/examples/Workflows_GenerateUpgradedDefinition.json
[2025-01-18 21:28:44] [build-stdout] Done extracting /mnt/c/GitHub/azure-rest-api-specs/specification/logic/resource-manager/Microsoft.Logic/preview/2018-07-01-preview/examples/WorkflowTriggers_List.json (109 ms)
[2025-01-18 21:28:44] [build-stdout] Extracting /mnt/c/GitHub/azure-rest-api-specs/specification/logic/resource-manager/Microsoft.Logic/preview/2018-07-01-preview/examples/Workflows_Get.json
[2025-01-18 21:28:44] [build-stdout] Done extracting /mnt/c/GitHub/azure-rest-api-specs/specification/logic/resource-manager/Microsoft.Logic/preview/2018-07-01-preview/examples/WorkflowTriggers_ListCallbackUrl.json (105 ms)
[2025-01-18 21:28:44] [build-stdout] Extracting /mnt/c/GitHub/azure-rest-api-specs/specification/logic/resource-manager/Microsoft.Logic/preview/2018-07-01-preview/examples/Workflows_ListByResourceGroup.json
[2025-01-18 21:28:44] [build-stdout] Done extracting /mnt/c/GitHub/azure-rest-api-specs/specification/logic/resource-manager/Microsoft.Logic/preview/2018-07-01-preview/examples/WorkflowTriggers_Run.json (103 ms)
[2025-01-18 21:28:44] [build-stdout] Extracting /mnt/c/GitHub/azure-rest-api-specs/specification/logic/resource-manager/Microsoft.Logic/preview/2018-07-01-preview/examples/Workflows_ListBySubscription.json
[2025-01-18 21:28:44] [build-stdout] Done extracting /mnt/c/GitHub/azure-rest-api-specs/specification/logic/resource-manager/Microsoft.Logic/preview/2018-07-01-preview/examples/WorkflowTriggers_SetState.json (100 ms)
[2025-01-18 21:28:44] [build-stdout] Extracting /mnt/c/GitHub/azure-rest-api-specs/specification/logic/resource-manager/Microsoft.Logic/preview/2018-07-01-preview/examples/Workflows_ListCallbackUrl.json
[2025-01-18 21:28:44] [build-stdout] Done extracting /mnt/c/GitHub/azure-rest-api-specs/specification/logic/resource-manager/Microsoft.Logic/preview/2018-07-01-preview/examples/WorkflowVersionTriggers_ListCallbackUrl.json (100 ms)
[2025-01-18 21:28:44] [build-stdout] Extracting /mnt/c/GitHub/azure-rest-api-specs/specification/logic/resource-manager/Microsoft.Logic/preview/2018-07-01-preview/examples/Workflows_ListSwagger.json
[2025-01-18 21:28:44] [build-stdout] Done extracting /mnt/c/GitHub/azure-rest-api-specs/specification/logic/resource-manager/Microsoft.Logic/preview/2018-07-01-preview/examples/WorkflowVersions_Get.json (105 ms)
[2025-01-18 21:28:44] [build-stdout] Extracting /mnt/c/GitHub/azure-rest-api-specs/specification/logic/resource-manager/Microsoft.Logic/preview/2018-07-01-preview/examples/Workflows_Move.json
[2025-01-18 21:28:44] [build-stdout] Done extracting /mnt/c/GitHub/azure-rest-api-specs/specification/logic/resource-manager/Microsoft.Logic/preview/2018-07-01-preview/examples/Workflows_Disable.json (94 ms)
[2025-01-18 21:28:44] [build-stdout] Done extracting /mnt/c/GitHub/azure-rest-api-specs/specification/logic/resource-manager/Microsoft.Logic/preview/2018-07-01-preview/examples/Workflows_ListCallbackUrl.json (61 ms)
[2025-01-18 21:28:44] [build-stdout] Done extracting /mnt/c/GitHub/azure-rest-api-specs/specification/logic/resource-manager/Microsoft.Logic/preview/2018-07-01-preview/examples/Workflows_Delete.json (101 ms)
[2025-01-18 21:28:44] [build-stdout] Extracting /mnt/c/GitHub/azure-rest-api-specs/specification/logic/resource-manager/Microsoft.Logic/preview/2018-07-01-preview/examples/Workflows_RegenerateAccessKey.json
[2025-01-18 21:28:44] [build-stdout] Extracting /mnt/c/GitHub/azure-rest-api-specs/specification/logic/resource-manager/Microsoft.Logic/preview/2018-07-01-preview/examples/Workflows_Update.json
[2025-01-18 21:28:44] [build-stdout] Extracting /mnt/c/GitHub/azure-rest-api-specs/specification/logic/resource-manager/Microsoft.Logic/preview/2018-07-01-preview/examples/Workflows_ValidateByLocation.json
[2025-01-18 21:28:44] [build-stdout] Done extracting /mnt/c/GitHub/azure-rest-api-specs/specification/logic/resource-manager/Microsoft.Logic/preview/2018-07-01-preview/examples/Workflows_Get.json (87 ms)
[2025-01-18 21:28:44] [build-stdout] Extracting /mnt/c/GitHub/azure-rest-api-specs/specification/logic/resource-manager/Microsoft.Logic/preview/2018-07-01-preview/examples/Workflows_ValidateByResourceGroup.json
[2025-01-18 21:28:44] [build-stdout] Done extracting /mnt/c/GitHub/azure-rest-api-specs/specification/logic/resource-manager/Microsoft.Logic/preview/2018-07-01-preview/examples/Workflows_CreateOrUpdate.json (123 ms)
[2025-01-18 21:28:44] [build-stdout] Done extracting /mnt/c/GitHub/azure-rest-api-specs/specification/logic/resource-manager/Microsoft.Logic/preview/2018-07-01-preview/examples/Workflows_ListByResourceGroup.json (96 ms)
[2025-01-18 21:28:44] [build-stdout] Extracting /mnt/c/GitHub/azure-rest-api-specs/specification/logic/resource-manager/Microsoft.Logic/stable/2016-06-01/examples/AgreementsCreateOrUpdate.json
[2025-01-18 21:28:44] [build-stdout] Extracting /mnt/c/GitHub/azure-rest-api-specs/specification/logic/resource-manager/Microsoft.Logic/stable/2016-06-01/examples/AgreementsDelete.json
[2025-01-18 21:28:44] [build-stdout] Done extracting /mnt/c/GitHub/azure-rest-api-specs/specification/logic/resource-manager/Microsoft.Logic/preview/2018-07-01-preview/examples/Workflows_Enable.json (117 ms)
[2025-01-18 21:28:44] [build-stdout] Extracting /mnt/c/GitHub/azure-rest-api-specs/specification/logic/resource-manager/Microsoft.Logic/stable/2016-06-01/examples/AgreementsGet.json
[2025-01-18 21:28:44] [build-stdout] Done extracting /mnt/c/GitHub/azure-rest-api-specs/specification/logic/resource-manager/Microsoft.Logic/preview/2018-07-01-preview/examples/Workflows_ListBySubscription.json (108 ms)
[2025-01-18 21:28:44] [build-stdout] Extracting /mnt/c/GitHub/azure-rest-api-specs/specification/logic/resource-manager/Microsoft.Logic/stable/2016-06-01/examples/AgreementsList.json
[2025-01-18 21:28:44] [build-stdout] Done extracting /mnt/c/GitHub/azure-rest-api-specs/specification/logic/resource-manager/Microsoft.Logic/preview/2018-07-01-preview/examples/WorkflowVersions_List.json (154 ms)
[2025-01-18 21:28:44] [build-stdout] Done extracting /mnt/c/GitHub/azure-rest-api-specs/specification/logic/resource-manager/Microsoft.Logic/preview/2018-07-01-preview/examples/Workflows_GenerateUpgradedDefinition.json (131 ms)
[2025-01-18 21:28:44] [build-stdout] Extracting /mnt/c/GitHub/azure-rest-api-specs/specification/logic/resource-manager/Microsoft.Logic/stable/2016-06-01/examples/AgreementsListContentCallbackUrl.json
[2025-01-18 21:28:44] [build-stdout] Extracting /mnt/c/GitHub/azure-rest-api-specs/specification/logic/resource-manager/Microsoft.Logic/stable/2016-06-01/examples/CertificatesCreateOrUpdate.json
[2025-01-18 21:28:44] [build-stdout] Done extracting /mnt/c/GitHub/azure-rest-api-specs/specification/logic/resource-manager/Microsoft.Logic/preview/2018-07-01-preview/examples/Workflows_ListSwagger.json (116 ms)
[2025-01-18 21:28:44] [build-stdout] Extracting /mnt/c/GitHub/azure-rest-api-specs/specification/logic/resource-manager/Microsoft.Logic/stable/2016-06-01/examples/CertificatesDelete.json
[2025-01-18 21:28:44] [build-stdout] Done extracting /mnt/c/GitHub/azure-rest-api-specs/specification/logic/resource-manager/Microsoft.Logic/preview/2018-07-01-preview/examples/Workflows_Move.json (120 ms)
[2025-01-18 21:28:44] [build-stdout] Extracting /mnt/c/GitHub/azure-rest-api-specs/specification/logic/resource-manager/Microsoft.Logic/stable/2016-06-01/examples/CertificatesGet.json
[2025-01-18 21:28:44] [build-stdout] Done extracting /mnt/c/GitHub/azure-rest-api-specs/specification/logic/resource-manager/Microsoft.Logic/preview/2018-07-01-preview/examples/Workflows_ValidateByLocation.json (117 ms)
[2025-01-18 21:28:44] [build-stdout] Done extracting /mnt/c/GitHub/azure-rest-api-specs/specification/logic/resource-manager/Microsoft.Logic/preview/2018-07-01-preview/examples/Workflows_Update.json (118 ms)
[2025-01-18 21:28:44] [build-stdout] Extracting /mnt/c/GitHub/azure-rest-api-specs/specification/logic/resource-manager/Microsoft.Logic/stable/2016-06-01/examples/IntegrationAccountAssembliesCreateOrUpdate.json
[2025-01-18 21:28:44] [build-stdout] Extracting /mnt/c/GitHub/azure-rest-api-specs/specification/logic/resource-manager/Microsoft.Logic/stable/2016-06-01/examples/CertificatesList.json
[2025-01-18 21:28:44] [build-stdout] Done extracting /mnt/c/GitHub/azure-rest-api-specs/specification/logic/resource-manager/Microsoft.Logic/preview/2018-07-01-preview/examples/Workflows_ValidateByResourceGroup.json (116 ms)
[2025-01-18 21:28:44] [build-stdout] Extracting /mnt/c/GitHub/azure-rest-api-specs/specification/logic/resource-manager/Microsoft.Logic/stable/2016-06-01/examples/IntegrationAccountAssembliesDelete.json
[2025-01-18 21:28:44] [build-stdout] Done extracting /mnt/c/GitHub/azure-rest-api-specs/specification/logic/resource-manager/Microsoft.Logic/stable/2016-06-01/examples/CertificatesDelete.json (99 ms)
[2025-01-18 21:28:44] [build-stdout] Done extracting /mnt/c/GitHub/azure-rest-api-specs/specification/logic/resource-manager/Microsoft.Logic/preview/2018-07-01-preview/examples/Workflows_RegenerateAccessKey.json (157 ms)
[2025-01-18 21:28:44] [build-stdout] Done extracting /mnt/c/GitHub/azure-rest-api-specs/specification/logic/resource-manager/Microsoft.Logic/stable/2016-06-01/examples/CertificatesCreateOrUpdate.json (111 ms)
[2025-01-18 21:28:44] [build-stdout] Extracting /mnt/c/GitHub/azure-rest-api-specs/specification/logic/resource-manager/Microsoft.Logic/stable/2016-06-01/examples/IntegrationAccountAssembliesGet.json
[2025-01-18 21:28:44] [build-stdout] Extracting /mnt/c/GitHub/azure-rest-api-specs/specification/logic/resource-manager/Microsoft.Logic/stable/2016-06-01/examples/IntegrationAccountAssembliesList.json
[2025-01-18 21:28:44] [build-stdout] Extracting /mnt/c/GitHub/azure-rest-api-specs/specification/logic/resource-manager/Microsoft.Logic/stable/2016-06-01/examples/IntegrationAccountAssembliesListContentCallbackUrl.json
[2025-01-18 21:28:44] [build-stdout] Done extracting /mnt/c/GitHub/azure-rest-api-specs/specification/logic/resource-manager/Microsoft.Logic/stable/2016-06-01/examples/AgreementsGet.json (141 ms)
[2025-01-18 21:28:44] [build-stdout] Done extracting /mnt/c/GitHub/azure-rest-api-specs/specification/logic/resource-manager/Microsoft.Logic/stable/2016-06-01/examples/AgreementsList.json (138 ms)
[2025-01-18 21:28:44] [build-stdout] Done extracting /mnt/c/GitHub/azure-rest-api-specs/specification/logic/resource-manager/Microsoft.Logic/stable/2016-06-01/examples/AgreementsListContentCallbackUrl.json (134 ms)
[2025-01-18 21:28:44] [build-stdout] Extracting /mnt/c/GitHub/azure-rest-api-specs/specification/logic/resource-manager/Microsoft.Logic/stable/2016-06-01/examples/IntegrationAccountBatchConfigurationsCreateOrUpdate.json
[2025-01-18 21:28:44] [build-stdout] Extracting /mnt/c/GitHub/azure-rest-api-specs/specification/logic/resource-manager/Microsoft.Logic/stable/2016-06-01/examples/IntegrationAccountBatchConfigurationsDelete.json
[2025-01-18 21:28:44] [build-stdout] Extracting /mnt/c/GitHub/azure-rest-api-specs/specification/logic/resource-manager/Microsoft.Logic/stable/2016-06-01/examples/IntegrationAccountBatchConfigurationsGet.json
[2025-01-18 21:28:44] [build-stdout] Done extracting /mnt/c/GitHub/azure-rest-api-specs/specification/logic/resource-manager/Microsoft.Logic/stable/2016-06-01/examples/AgreementsDelete.json (167 ms)
[2025-01-18 21:28:44] [build-stdout] Extracting /mnt/c/GitHub/azure-rest-api-specs/specification/logic/resource-manager/Microsoft.Logic/stable/2016-06-01/examples/IntegrationAccountBatchConfigurationsList.json
[2025-01-18 21:28:44] [build-stdout] Done extracting /mnt/c/GitHub/azure-rest-api-specs/specification/logic/resource-manager/Microsoft.Logic/stable/2016-06-01/examples/CertificatesGet.json (129 ms)
[2025-01-18 21:28:44] [build-stdout] Done extracting /mnt/c/GitHub/azure-rest-api-specs/specification/logic/resource-manager/Microsoft.Logic/stable/2016-06-01/examples/AgreementsCreateOrUpdate.json (184 ms)
[2025-01-18 21:28:44] [build-stdout] Extracting /mnt/c/GitHub/azure-rest-api-specs/specification/logic/resource-manager/Microsoft.Logic/stable/2016-06-01/examples/IntegrationAccountsDelete.json
[2025-01-18 21:28:44] [build-stdout] Extracting /mnt/c/GitHub/azure-rest-api-specs/specification/logic/resource-manager/Microsoft.Logic/stable/2016-06-01/examples/IntegrationAccountsCreateOrUpdate.json
[2025-01-18 21:28:44] [build-stdout] Done extracting /mnt/c/GitHub/azure-rest-api-specs/specification/logic/resource-manager/Microsoft.Logic/stable/2016-06-01/examples/IntegrationAccountAssembliesCreateOrUpdate.json (118 ms)
[2025-01-18 21:28:44] [build-stdout] Done extracting /mnt/c/GitHub/azure-rest-api-specs/specification/logic/resource-manager/Microsoft.Logic/stable/2016-06-01/examples/CertificatesList.json (118 ms)
[2025-01-18 21:28:44] [build-stdout] Extracting /mnt/c/GitHub/azure-rest-api-specs/specification/logic/resource-manager/Microsoft.Logic/stable/2016-06-01/examples/IntegrationAccountsGet.json
[2025-01-18 21:28:44] [build-stdout] Extracting /mnt/c/GitHub/azure-rest-api-specs/specification/logic/resource-manager/Microsoft.Logic/stable/2016-06-01/examples/IntegrationAccountsGetCallbackUrl.json
[2025-01-18 21:28:45] [build-stdout] Done extracting /mnt/c/GitHub/azure-rest-api-specs/specification/logic/resource-manager/Microsoft.Logic/stable/2016-06-01/examples/IntegrationAccountAssembliesDelete.json (124 ms)
[2025-01-18 21:28:45] [build-stdout] Extracting /mnt/c/GitHub/azure-rest-api-specs/specification/logic/resource-manager/Microsoft.Logic/stable/2016-06-01/examples/IntegrationAccountsListByResourceGroup.json
[2025-01-18 21:28:45] [build-stdout] Done extracting /mnt/c/GitHub/azure-rest-api-specs/specification/logic/resource-manager/Microsoft.Logic/stable/2016-06-01/examples/IntegrationAccountAssembliesGet.json (103 ms)
[2025-01-18 21:28:45] [build-stdout] Done extracting /mnt/c/GitHub/azure-rest-api-specs/specification/logic/resource-manager/Microsoft.Logic/stable/2016-06-01/examples/IntegrationAccountAssembliesList.json (106 ms)
[2025-01-18 21:28:45] [build-stdout] Extracting /mnt/c/GitHub/azure-rest-api-specs/specification/logic/resource-manager/Microsoft.Logic/stable/2016-06-01/examples/IntegrationAccountsListBySubscription.json
[2025-01-18 21:28:45] [build-stdout] Extracting /mnt/c/GitHub/azure-rest-api-specs/specification/logic/resource-manager/Microsoft.Logic/stable/2016-06-01/examples/IntegrationAccountsListKeyVaultKeys.json
[2025-01-18 21:28:45] [build-stdout] Done extracting /mnt/c/GitHub/azure-rest-api-specs/specification/logic/resource-manager/Microsoft.Logic/stable/2016-06-01/examples/IntegrationAccountAssembliesListContentCallbackUrl.json (118 ms)
[2025-01-18 21:28:45] [build-stdout] Extracting /mnt/c/GitHub/azure-rest-api-specs/specification/logic/resource-manager/Microsoft.Logic/stable/2016-06-01/examples/IntegrationAccountsLogTrackingEvent.json
[2025-01-18 21:28:45] [build-stdout] Done extracting /mnt/c/GitHub/azure-rest-api-specs/specification/logic/resource-manager/Microsoft.Logic/stable/2016-06-01/examples/IntegrationAccountBatchConfigurationsCreateOrUpdate.json (106 ms)
[2025-01-18 21:28:45] [build-stdout] Done extracting /mnt/c/GitHub/azure-rest-api-specs/specification/logic/resource-manager/Microsoft.Logic/stable/2016-06-01/examples/IntegrationAccountBatchConfigurationsDelete.json (109 ms)
[2025-01-18 21:28:45] [build-stdout] Extracting /mnt/c/GitHub/azure-rest-api-specs/specification/logic/resource-manager/Microsoft.Logic/stable/2016-06-01/examples/IntegrationAccountsRegenerateAccessKey.json
[2025-01-18 21:28:45] [build-stdout] Extracting /mnt/c/GitHub/azure-rest-api-specs/specification/logic/resource-manager/Microsoft.Logic/stable/2016-06-01/examples/IntegrationAccountsUpdate.json
[2025-01-18 21:28:45] [build-stdout] Done extracting /mnt/c/GitHub/azure-rest-api-specs/specification/logic/resource-manager/Microsoft.Logic/stable/2016-06-01/examples/IntegrationAccountBatchConfigurationsGet.json (114 ms)
[2025-01-18 21:28:45] [build-stdout] Extracting /mnt/c/GitHub/azure-rest-api-specs/specification/logic/resource-manager/Microsoft.Logic/stable/2016-06-01/examples/MapsCreateOrUpdate.json
[2025-01-18 21:28:45] [build-stdout] Done extracting /mnt/c/GitHub/azure-rest-api-specs/specification/logic/resource-manager/Microsoft.Logic/stable/2016-06-01/examples/IntegrationAccountBatchConfigurationsList.json (109 ms)
[2025-01-18 21:28:45] [build-stdout] Extracting /mnt/c/GitHub/azure-rest-api-specs/specification/logic/resource-manager/Microsoft.Logic/stable/2016-06-01/examples/MapsDelete.json
[2025-01-18 21:28:45] [build-stdout] Done extracting /mnt/c/GitHub/azure-rest-api-specs/specification/logic/resource-manager/Microsoft.Logic/stable/2016-06-01/examples/IntegrationAccountsCreateOrUpdate.json (103 ms)
[2025-01-18 21:28:45] [build-stdout] Extracting /mnt/c/GitHub/azure-rest-api-specs/specification/logic/resource-manager/Microsoft.Logic/stable/2016-06-01/examples/MapsGet.json
[2025-01-18 21:28:45] [build-stdout] Done extracting /mnt/c/GitHub/azure-rest-api-specs/specification/logic/resource-manager/Microsoft.Logic/stable/2016-06-01/examples/IntegrationAccountsDelete.json (117 ms)
[2025-01-18 21:28:45] [build-stdout] Extracting /mnt/c/GitHub/azure-rest-api-specs/specification/logic/resource-manager/Microsoft.Logic/stable/2016-06-01/examples/MapsList.json
[2025-01-18 21:28:45] [build-stdout] Done extracting /mnt/c/GitHub/azure-rest-api-specs/specification/logic/resource-manager/Microsoft.Logic/stable/2016-06-01/examples/IntegrationAccountsListByResourceGroup.json (95 ms)
[2025-01-18 21:28:45] [build-stdout] Extracting /mnt/c/GitHub/azure-rest-api-specs/specification/logic/resource-manager/Microsoft.Logic/stable/2016-06-01/examples/MapsListContentCallbackUrl.json
[2025-01-18 21:28:45] [build-stdout] Done extracting /mnt/c/GitHub/azure-rest-api-specs/specification/logic/resource-manager/Microsoft.Logic/stable/2016-06-01/examples/IntegrationAccountsGet.json (119 ms)
[2025-01-18 21:28:45] [build-stdout] Extracting /mnt/c/GitHub/azure-rest-api-specs/specification/logic/resource-manager/Microsoft.Logic/stable/2016-06-01/examples/OperationsList.json
[2025-01-18 21:28:45] [build-stdout] Done extracting /mnt/c/GitHub/azure-rest-api-specs/specification/logic/resource-manager/Microsoft.Logic/stable/2016-06-01/examples/IntegrationAccountsGetCallbackUrl.json (120 ms)
[2025-01-18 21:28:45] [build-stdout] Extracting /mnt/c/GitHub/azure-rest-api-specs/specification/logic/resource-manager/Microsoft.Logic/stable/2016-06-01/examples/PartnersCreateOrUpdate.json
[2025-01-18 21:28:45] [build-stdout] Done extracting /mnt/c/GitHub/azure-rest-api-specs/specification/logic/resource-manager/Microsoft.Logic/stable/2016-06-01/examples/IntegrationAccountsListBySubscription.json (112 ms)
[2025-01-18 21:28:45] [build-stdout] Extracting /mnt/c/GitHub/azure-rest-api-specs/specification/logic/resource-manager/Microsoft.Logic/stable/2016-06-01/examples/PartnersDelete.json
[2025-01-18 21:28:45] [build-stdout] Done extracting /mnt/c/GitHub/azure-rest-api-specs/specification/logic/resource-manager/Microsoft.Logic/stable/2016-06-01/examples/IntegrationAccountsListKeyVaultKeys.json (115 ms)
[2025-01-18 21:28:45] [build-stdout] Extracting /mnt/c/GitHub/azure-rest-api-specs/specification/logic/resource-manager/Microsoft.Logic/stable/2016-06-01/examples/PartnersGet.json
[2025-01-18 21:28:45] [build-stdout] Done extracting /mnt/c/GitHub/azure-rest-api-specs/specification/logic/resource-manager/Microsoft.Logic/stable/2016-06-01/examples/IntegrationAccountsLogTrackingEvent.json (112 ms)
[2025-01-18 21:28:45] [build-stdout] Done extracting /mnt/c/GitHub/azure-rest-api-specs/specification/logic/resource-manager/Microsoft.Logic/stable/2016-06-01/examples/IntegrationAccountsRegenerateAccessKey.json (107 ms)
[2025-01-18 21:28:45] [build-stdout] Extracting /mnt/c/GitHub/azure-rest-api-specs/specification/logic/resource-manager/Microsoft.Logic/stable/2016-06-01/examples/PartnersList.json
[2025-01-18 21:28:45] [build-stdout] Extracting /mnt/c/GitHub/azure-rest-api-specs/specification/logic/resource-manager/Microsoft.Logic/stable/2016-06-01/examples/PartnersListContentCallbackUrl.json
[2025-01-18 21:28:45] [build-stdout] Done extracting /mnt/c/GitHub/azure-rest-api-specs/specification/logic/resource-manager/Microsoft.Logic/stable/2016-06-01/examples/IntegrationAccountsUpdate.json (114 ms)
[2025-01-18 21:28:45] [build-stdout] Extracting /mnt/c/GitHub/azure-rest-api-specs/specification/logic/resource-manager/Microsoft.Logic/stable/2016-06-01/examples/RosettaNetProcessConfigurationsCreateOrUpdate.json
[2025-01-18 21:28:45] [build-stdout] Done extracting /mnt/c/GitHub/azure-rest-api-specs/specification/logic/resource-manager/Microsoft.Logic/stable/2016-06-01/examples/MapsCreateOrUpdate.json (109 ms)
[2025-01-18 21:28:45] [build-stdout] Extracting /mnt/c/GitHub/azure-rest-api-specs/specification/logic/resource-manager/Microsoft.Logic/stable/2016-06-01/examples/RosettaNetProcessConfigurationsDelete.json
[2025-01-18 21:28:45] [build-stdout] Done extracting /mnt/c/GitHub/azure-rest-api-specs/specification/logic/resource-manager/Microsoft.Logic/stable/2016-06-01/examples/MapsDelete.json (114 ms)
[2025-01-18 21:28:45] [build-stdout] Done extracting /mnt/c/GitHub/azure-rest-api-specs/specification/logic/resource-manager/Microsoft.Logic/stable/2016-06-01/examples/MapsGet.json (111 ms)
[2025-01-18 21:28:45] [build-stdout] Extracting /mnt/c/GitHub/azure-rest-api-specs/specification/logic/resource-manager/Microsoft.Logic/stable/2016-06-01/examples/RosettaNetProcessConfigurationsGet.json
[2025-01-18 21:28:45] [build-stdout] Extracting /mnt/c/GitHub/azure-rest-api-specs/specification/logic/resource-manager/Microsoft.Logic/stable/2016-06-01/examples/RosettaNetProcessConfigurationsListByIntegrationAccounts.json
[2025-01-18 21:28:45] [build-stdout] Done extracting /mnt/c/GitHub/azure-rest-api-specs/specification/logic/resource-manager/Microsoft.Logic/stable/2016-06-01/examples/MapsList.json (108 ms)
[2025-01-18 21:28:45] [build-stdout] Extracting /mnt/c/GitHub/azure-rest-api-specs/specification/logic/resource-manager/Microsoft.Logic/stable/2016-06-01/examples/SchemasCreateOrUpdate.json
[2025-01-18 21:28:45] [build-stdout] Done extracting /mnt/c/GitHub/azure-rest-api-specs/specification/logic/resource-manager/Microsoft.Logic/stable/2016-06-01/examples/MapsListContentCallbackUrl.json (95 ms)
[2025-01-18 21:28:45] [build-stdout] Extracting /mnt/c/GitHub/azure-rest-api-specs/specification/logic/resource-manager/Microsoft.Logic/stable/2016-06-01/examples/SchemasDelete.json
[2025-01-18 21:28:45] [build-stdout] Done extracting /mnt/c/GitHub/azure-rest-api-specs/specification/logic/resource-manager/Microsoft.Logic/stable/2016-06-01/examples/PartnersCreateOrUpdate.json (98 ms)
[2025-01-18 21:28:45] [build-stdout] Extracting /mnt/c/GitHub/azure-rest-api-specs/specification/logic/resource-manager/Microsoft.Logic/stable/2016-06-01/examples/SchemasGet.json
[2025-01-18 21:28:45] [build-stdout] Done extracting /mnt/c/GitHub/azure-rest-api-specs/specification/logic/resource-manager/Microsoft.Logic/stable/2016-06-01/examples/OperationsList.json (114 ms)
[2025-01-18 21:28:45] [build-stdout] Done extracting /mnt/c/GitHub/azure-rest-api-specs/specification/logic/resource-manager/Microsoft.Logic/stable/2016-06-01/examples/PartnersDelete.json (94 ms)
[2025-01-18 21:28:45] [build-stdout] Extracting /mnt/c/GitHub/azure-rest-api-specs/specification/logic/resource-manager/Microsoft.Logic/stable/2016-06-01/examples/SchemasList.json
[2025-01-18 21:28:45] [build-stdout] Extracting /mnt/c/GitHub/azure-rest-api-specs/specification/logic/resource-manager/Microsoft.Logic/stable/2016-06-01/examples/SchemasListContentCallbackUrl.json
[2025-01-18 21:28:45] [build-stdout] Done extracting /mnt/c/GitHub/azure-rest-api-specs/specification/logic/resource-manager/Microsoft.Logic/stable/2016-06-01/examples/PartnersGet.json (99 ms)
[2025-01-18 21:28:45] [build-stdout] Extracting /mnt/c/GitHub/azure-rest-api-specs/specification/logic/resource-manager/Microsoft.Logic/stable/2016-06-01/examples/SessionsCreateOrUpdate.json
[2025-01-18 21:28:45] [build-stdout] Done extracting /mnt/c/GitHub/azure-rest-api-specs/specification/logic/resource-manager/Microsoft.Logic/stable/2016-06-01/examples/PartnersList.json (100 ms)
[2025-01-18 21:28:45] [build-stdout] Done extracting /mnt/c/GitHub/azure-rest-api-specs/specification/logic/resource-manager/Microsoft.Logic/stable/2016-06-01/examples/PartnersListContentCallbackUrl.json (103 ms)
[2025-01-18 21:28:45] [build-stdout] Extracting /mnt/c/GitHub/azure-rest-api-specs/specification/logic/resource-manager/Microsoft.Logic/stable/2016-06-01/examples/SessionsDelete.json
[2025-01-18 21:28:45] [build-stdout] Extracting /mnt/c/GitHub/azure-rest-api-specs/specification/logic/resource-manager/Microsoft.Logic/stable/2016-06-01/examples/SessionsGet.json
[2025-01-18 21:28:45] [build-stdout] Done extracting /mnt/c/GitHub/azure-rest-api-specs/specification/logic/resource-manager/Microsoft.Logic/stable/2016-06-01/examples/RosettaNetProcessConfigurationsCreateOrUpdate.json (101 ms)
[2025-01-18 21:28:45] [build-stdout] Done extracting /mnt/c/GitHub/azure-rest-api-specs/specification/logic/resource-manager/Microsoft.Logic/stable/2016-06-01/examples/RosettaNetProcessConfigurationsDelete.json (95 ms)
[2025-01-18 21:28:45] [build-stdout] Extracting /mnt/c/GitHub/azure-rest-api-specs/specification/logic/resource-manager/Microsoft.Logic/stable/2016-06-01/examples/SessionsList.json
[2025-01-18 21:28:45] [build-stdout] Extracting /mnt/c/GitHub/azure-rest-api-specs/specification/logic/resource-manager/Microsoft.Logic/stable/2016-06-01/examples/WorkflowRunActionRepetitionsGet.json
[2025-01-18 21:28:45] [build-stdout] Done extracting /mnt/c/GitHub/azure-rest-api-specs/specification/logic/resource-manager/Microsoft.Logic/stable/2016-06-01/examples/RosettaNetProcessConfigurationsGet.json (90 ms)
[2025-01-18 21:28:45] [build-stdout] Done extracting /mnt/c/GitHub/azure-rest-api-specs/specification/logic/resource-manager/Microsoft.Logic/stable/2016-06-01/examples/RosettaNetProcessConfigurationsListByIntegrationAccounts.json (88 ms)
[2025-01-18 21:28:45] [build-stdout] Extracting /mnt/c/GitHub/azure-rest-api-specs/specification/logic/resource-manager/Microsoft.Logic/stable/2016-06-01/examples/WorkflowRunActionRepetitionsList.json
[2025-01-18 21:28:45] [build-stdout] Extracting /mnt/c/GitHub/azure-rest-api-specs/specification/logic/resource-manager/Microsoft.Logic/stable/2016-06-01/examples/WorkflowRunActionRepetitionsListExpressionTraces.json
[2025-01-18 21:28:45] [build-stdout] Done extracting /mnt/c/GitHub/azure-rest-api-specs/specification/logic/resource-manager/Microsoft.Logic/stable/2016-06-01/examples/SchemasCreateOrUpdate.json (91 ms)
[2025-01-18 21:28:45] [build-stdout] Extracting /mnt/c/GitHub/azure-rest-api-specs/specification/logic/resource-manager/Microsoft.Logic/stable/2016-06-01/examples/WorkflowRunActionRepetitionsRequestHistories_Get.json
[2025-01-18 21:28:45] [build-stdout] Done extracting /mnt/c/GitHub/azure-rest-api-specs/specification/logic/resource-manager/Microsoft.Logic/stable/2016-06-01/examples/SchemasDelete.json (118 ms)
[2025-01-18 21:28:45] [build-stdout] Extracting /mnt/c/GitHub/azure-rest-api-specs/specification/logic/resource-manager/Microsoft.Logic/stable/2016-06-01/examples/WorkflowRunActionRepetitionsRequestHistories_List.json
[2025-01-18 21:28:45] [build-stdout] Done extracting /mnt/c/GitHub/azure-rest-api-specs/specification/logic/resource-manager/Microsoft.Logic/stable/2016-06-01/examples/SchemasListContentCallbackUrl.json (102 ms)
[2025-01-18 21:28:45] [build-stdout] Extracting /mnt/c/GitHub/azure-rest-api-specs/specification/logic/resource-manager/Microsoft.Logic/stable/2016-06-01/examples/WorkflowRunActionRequestHistories_Get.json
[2025-01-18 21:28:45] [build-stdout] Done extracting /mnt/c/GitHub/azure-rest-api-specs/specification/logic/resource-manager/Microsoft.Logic/stable/2016-06-01/examples/SessionsDelete.json (88 ms)
[2025-01-18 21:28:45] [build-stdout] Extracting /mnt/c/GitHub/azure-rest-api-specs/specification/logic/resource-manager/Microsoft.Logic/stable/2016-06-01/examples/WorkflowRunActionRequestHistories_List.json
[2025-01-18 21:28:45] [build-stdout] Done extracting /mnt/c/GitHub/azure-rest-api-specs/specification/logic/resource-manager/Microsoft.Logic/stable/2016-06-01/examples/SessionsCreateOrUpdate.json (109 ms)
[2025-01-18 21:28:45] [build-stdout] Done extracting /mnt/c/GitHub/azure-rest-api-specs/specification/logic/resource-manager/Microsoft.Logic/stable/2016-06-01/examples/SchemasGet.json (131 ms)
[2025-01-18 21:28:45] [build-stdout] Extracting /mnt/c/GitHub/azure-rest-api-specs/specification/logic/resource-manager/Microsoft.Logic/stable/2016-06-01/examples/WorkflowRunActionScopeRepetitionsGet.json
[2025-01-18 21:28:45] [build-stdout] Done extracting /mnt/c/GitHub/azure-rest-api-specs/specification/logic/resource-manager/Microsoft.Logic/stable/2016-06-01/examples/SessionsGet.json (108 ms)
[2025-01-18 21:28:45] [build-stdout] Extracting /mnt/c/GitHub/azure-rest-api-specs/specification/logic/resource-manager/Microsoft.Logic/stable/2016-06-01/examples/WorkflowRunActionScopeRepetitionsList.json
[2025-01-18 21:28:45] [build-stdout] Extracting /mnt/c/GitHub/azure-rest-api-specs/specification/logic/resource-manager/Microsoft.Logic/stable/2016-06-01/examples/WorkflowRunActionsGet.json
[2025-01-18 21:28:45] [build-stdout] Done extracting /mnt/c/GitHub/azure-rest-api-specs/specification/logic/resource-manager/Microsoft.Logic/stable/2016-06-01/examples/SchemasList.json (148 ms)
[2025-01-18 21:28:45] [build-stdout] Done extracting /mnt/c/GitHub/azure-rest-api-specs/specification/logic/resource-manager/Microsoft.Logic/stable/2016-06-01/examples/SessionsList.json (115 ms)
[2025-01-18 21:28:45] [build-stdout] Extracting /mnt/c/GitHub/azure-rest-api-specs/specification/logic/resource-manager/Microsoft.Logic/stable/2016-06-01/examples/WorkflowRunActionsListExpressionTraces.json
[2025-01-18 21:28:45] [build-stdout] Extracting /mnt/c/GitHub/azure-rest-api-specs/specification/logic/resource-manager/Microsoft.Logic/stable/2016-06-01/examples/WorkflowRunActionsList.json
[2025-01-18 21:28:45] [build-stdout] Done extracting /mnt/c/GitHub/azure-rest-api-specs/specification/logic/resource-manager/Microsoft.Logic/stable/2016-06-01/examples/WorkflowRunActionRepetitionsGet.json (128 ms)
[2025-01-18 21:28:45] [build-stdout] Extracting /mnt/c/GitHub/azure-rest-api-specs/specification/logic/resource-manager/Microsoft.Logic/stable/2016-06-01/examples/WorkflowRunOperationsGet.json
[2025-01-18 21:28:45] [build-stdout] Done extracting /mnt/c/GitHub/azure-rest-api-specs/specification/logic/resource-manager/Microsoft.Logic/stable/2016-06-01/examples/WorkflowRunActionRepetitionsList.json (126 ms)
[2025-01-18 21:28:45] [build-stdout] Done extracting /mnt/c/GitHub/azure-rest-api-specs/specification/logic/resource-manager/Microsoft.Logic/stable/2016-06-01/examples/WorkflowRunActionRepetitionsListExpressionTraces.json (127 ms)
[2025-01-18 21:28:45] [build-stdout] Extracting /mnt/c/GitHub/azure-rest-api-specs/specification/logic/resource-manager/Microsoft.Logic/stable/2016-06-01/examples/WorkflowRunsCancel.json
[2025-01-18 21:28:45] [build-stdout] Done extracting /mnt/c/GitHub/azure-rest-api-specs/specification/logic/resource-manager/Microsoft.Logic/stable/2016-06-01/examples/WorkflowRunActionRepetitionsRequestHistories_Get.json (114 ms)
[2025-01-18 21:28:45] [build-stdout] Extracting /mnt/c/GitHub/azure-rest-api-specs/specification/logic/resource-manager/Microsoft.Logic/stable/2016-06-01/examples/WorkflowRunsGet.json
[2025-01-18 21:28:45] [build-stdout] Extracting /mnt/c/GitHub/azure-rest-api-specs/specification/logic/resource-manager/Microsoft.Logic/stable/2016-06-01/examples/WorkflowRunsList.json
[2025-01-18 21:28:45] [build-stdout] Done extracting /mnt/c/GitHub/azure-rest-api-specs/specification/logic/resource-manager/Microsoft.Logic/stable/2016-06-01/examples/WorkflowRunActionRequestHistories_List.json (89 ms)
[2025-01-18 21:28:45] [build-stdout] Extracting /mnt/c/GitHub/azure-rest-api-specs/specification/logic/resource-manager/Microsoft.Logic/stable/2016-06-01/examples/WorkflowRuns_Delete.json
[2025-01-18 21:28:45] [build-stdout] Done extracting /mnt/c/GitHub/azure-rest-api-specs/specification/logic/resource-manager/Microsoft.Logic/stable/2016-06-01/examples/WorkflowRunActionScopeRepetitionsGet.json (94 ms)
[2025-01-18 21:28:45] [build-stdout] Extracting /mnt/c/GitHub/azure-rest-api-specs/specification/logic/resource-manager/Microsoft.Logic/stable/2016-06-01/examples/WorkflowTriggerHistoriesGet.json
[2025-01-18 21:28:45] [build-stdout] Done extracting /mnt/c/GitHub/azure-rest-api-specs/specification/logic/resource-manager/Microsoft.Logic/stable/2016-06-01/examples/WorkflowRunActionRepetitionsRequestHistories_List.json (128 ms)
[2025-01-18 21:28:45] [build-stdout] Done extracting /mnt/c/GitHub/azure-rest-api-specs/specification/logic/resource-manager/Microsoft.Logic/stable/2016-06-01/examples/WorkflowRunActionRequestHistories_Get.json (124 ms)
[2025-01-18 21:28:45] [build-stdout] Extracting /mnt/c/GitHub/azure-rest-api-specs/specification/logic/resource-manager/Microsoft.Logic/stable/2016-06-01/examples/WorkflowTriggerHistoriesList.json
[2025-01-18 21:28:45] [build-stdout] Extracting /mnt/c/GitHub/azure-rest-api-specs/specification/logic/resource-manager/Microsoft.Logic/stable/2016-06-01/examples/WorkflowTriggerHistoriesResubmit.json
[2025-01-18 21:28:45] [build-stdout] Done extracting /mnt/c/GitHub/azure-rest-api-specs/specification/logic/resource-manager/Microsoft.Logic/stable/2016-06-01/examples/WorkflowRunActionsGet.json (102 ms)
[2025-01-18 21:28:45] [build-stdout] Extracting /mnt/c/GitHub/azure-rest-api-specs/specification/logic/resource-manager/Microsoft.Logic/stable/2016-06-01/examples/WorkflowTriggersGet.json
[2025-01-18 21:28:45] [build-stdout] Done extracting /mnt/c/GitHub/azure-rest-api-specs/specification/logic/resource-manager/Microsoft.Logic/stable/2016-06-01/examples/WorkflowRunActionScopeRepetitionsList.json (120 ms)
[2025-01-18 21:28:45] [build-stdout] Done extracting /mnt/c/GitHub/azure-rest-api-specs/specification/logic/resource-manager/Microsoft.Logic/stable/2016-06-01/examples/WorkflowRunsList.json (79 ms)
[2025-01-18 21:28:45] [build-stdout] Extracting /mnt/c/GitHub/azure-rest-api-specs/specification/logic/resource-manager/Microsoft.Logic/stable/2016-06-01/examples/WorkflowTriggersGetSchemaJson.json
[2025-01-18 21:28:45] [build-stdout] Done extracting /mnt/c/GitHub/azure-rest-api-specs/specification/logic/resource-manager/Microsoft.Logic/stable/2016-06-01/examples/WorkflowRunActionsListExpressionTraces.json (106 ms)
[2025-01-18 21:28:45] [build-stdout] Done extracting /mnt/c/GitHub/azure-rest-api-specs/specification/logic/resource-manager/Microsoft.Logic/stable/2016-06-01/examples/WorkflowRunActionsList.json (107 ms)
[2025-01-18 21:28:45] [build-stdout] Extracting /mnt/c/GitHub/azure-rest-api-specs/specification/logic/resource-manager/Microsoft.Logic/stable/2016-06-01/examples/WorkflowTriggersList.json
[2025-01-18 21:28:45] [build-stdout] Extracting /mnt/c/GitHub/azure-rest-api-specs/specification/logic/resource-manager/Microsoft.Logic/stable/2016-06-01/examples/WorkflowTriggersListCallbackUrl.json
[2025-01-18 21:28:45] [build-stdout] Extracting /mnt/c/GitHub/azure-rest-api-specs/specification/logic/resource-manager/Microsoft.Logic/stable/2016-06-01/examples/WorkflowTriggersReset.json
[2025-01-18 21:28:45] [build-stdout] Done extracting /mnt/c/GitHub/azure-rest-api-specs/specification/logic/resource-manager/Microsoft.Logic/stable/2016-06-01/examples/WorkflowRunOperationsGet.json (107 ms)
[2025-01-18 21:28:45] [build-stdout] Extracting /mnt/c/GitHub/azure-rest-api-specs/specification/logic/resource-manager/Microsoft.Logic/stable/2016-06-01/examples/WorkflowTriggersRun.json
[2025-01-18 21:28:45] [build-stdout] Done extracting /mnt/c/GitHub/azure-rest-api-specs/specification/logic/resource-manager/Microsoft.Logic/stable/2016-06-01/examples/WorkflowRunsGet.json (103 ms)
[2025-01-18 21:28:45] [build-stdout] Extracting /mnt/c/GitHub/azure-rest-api-specs/specification/logic/resource-manager/Microsoft.Logic/stable/2016-06-01/examples/WorkflowTriggersSetState.json
[2025-01-18 21:28:45] [build-stdout] Done extracting /mnt/c/GitHub/azure-rest-api-specs/specification/logic/resource-manager/Microsoft.Logic/stable/2016-06-01/examples/WorkflowRunsCancel.json (111 ms)
[2025-01-18 21:28:45] [build-stdout] Extracting /mnt/c/GitHub/azure-rest-api-specs/specification/logic/resource-manager/Microsoft.Logic/stable/2016-06-01/examples/WorkflowVersionsGet.json
[2025-01-18 21:28:45] [build-stdout] Done extracting /mnt/c/GitHub/azure-rest-api-specs/specification/logic/resource-manager/Microsoft.Logic/stable/2016-06-01/examples/WorkflowRuns_Delete.json (109 ms)
[2025-01-18 21:28:45] [build-stdout] Extracting /mnt/c/GitHub/azure-rest-api-specs/specification/logic/resource-manager/Microsoft.Logic/stable/2016-06-01/examples/WorkflowVersionsList.json
[2025-01-18 21:28:45] [build-stdout] Done extracting /mnt/c/GitHub/azure-rest-api-specs/specification/logic/resource-manager/Microsoft.Logic/stable/2016-06-01/examples/WorkflowTriggerHistoriesGet.json (100 ms)
[2025-01-18 21:28:45] [build-stdout] Done extracting /mnt/c/GitHub/azure-rest-api-specs/specification/logic/resource-manager/Microsoft.Logic/stable/2016-06-01/examples/WorkflowTriggersRun.json (58 ms)
[2025-01-18 21:28:45] [build-stdout] Extracting /mnt/c/GitHub/azure-rest-api-specs/specification/logic/resource-manager/Microsoft.Logic/stable/2016-06-01/examples/WorkflowVersionsTriggersListCallbackUrl.json
[2025-01-18 21:28:45] [build-stdout] Done extracting /mnt/c/GitHub/azure-rest-api-specs/specification/logic/resource-manager/Microsoft.Logic/stable/2016-06-01/examples/WorkflowTriggerHistoriesResubmit.json (97 ms)
[2025-01-18 21:28:45] [build-stdout] Extracting /mnt/c/GitHub/azure-rest-api-specs/specification/logic/resource-manager/Microsoft.Logic/stable/2016-06-01/examples/WorkflowsCreateOrUpdate.json
[2025-01-18 21:28:45] [build-stdout] Done extracting /mnt/c/GitHub/azure-rest-api-specs/specification/logic/resource-manager/Microsoft.Logic/stable/2016-06-01/examples/WorkflowTriggersGetSchemaJson.json (81 ms)
[2025-01-18 21:28:45] [build-stdout] Extracting /mnt/c/GitHub/azure-rest-api-specs/specification/logic/resource-manager/Microsoft.Logic/stable/2016-06-01/examples/WorkflowsDelete.json
[2025-01-18 21:28:45] [build-stdout] Extracting /mnt/c/GitHub/azure-rest-api-specs/specification/logic/resource-manager/Microsoft.Logic/stable/2016-06-01/examples/WorkflowsDisable.json
[2025-01-18 21:28:45] [build-stdout] Done extracting /mnt/c/GitHub/azure-rest-api-specs/specification/logic/resource-manager/Microsoft.Logic/stable/2016-06-01/examples/WorkflowTriggersGet.json (105 ms)
[2025-01-18 21:28:45] [build-stdout] Done extracting /mnt/c/GitHub/azure-rest-api-specs/specification/logic/resource-manager/Microsoft.Logic/stable/2016-06-01/examples/WorkflowTriggerHistoriesList.json (119 ms)
[2025-01-18 21:28:45] [build-stdout] Extracting /mnt/c/GitHub/azure-rest-api-specs/specification/logic/resource-manager/Microsoft.Logic/stable/2016-06-01/examples/WorkflowsEnable.json
[2025-01-18 21:28:45] [build-stdout] Extracting /mnt/c/GitHub/azure-rest-api-specs/specification/logic/resource-manager/Microsoft.Logic/stable/2016-06-01/examples/WorkflowsGenerateUpgradedDefinition.json
[2025-01-18 21:28:45] [build-stdout] Done extracting /mnt/c/GitHub/azure-rest-api-specs/specification/logic/resource-manager/Microsoft.Logic/stable/2016-06-01/examples/WorkflowTriggersList.json (97 ms)
[2025-01-18 21:28:45] [build-stdout] Extracting /mnt/c/GitHub/azure-rest-api-specs/specification/logic/resource-manager/Microsoft.Logic/stable/2016-06-01/examples/WorkflowsGet.json
[2025-01-18 21:28:45] [build-stdout] Done extracting /mnt/c/GitHub/azure-rest-api-specs/specification/logic/resource-manager/Microsoft.Logic/stable/2016-06-01/examples/WorkflowTriggersListCallbackUrl.json (96 ms)
[2025-01-18 21:28:45] [build-stdout] Done extracting /mnt/c/GitHub/azure-rest-api-specs/specification/logic/resource-manager/Microsoft.Logic/stable/2016-06-01/examples/WorkflowTriggersReset.json (100 ms)
[2025-01-18 21:28:45] [build-stdout] Extracting /mnt/c/GitHub/azure-rest-api-specs/specification/logic/resource-manager/Microsoft.Logic/stable/2016-06-01/examples/WorkflowsListByResourceGroup.json
[2025-01-18 21:28:45] [build-stdout] Extracting /mnt/c/GitHub/azure-rest-api-specs/specification/logic/resource-manager/Microsoft.Logic/stable/2016-06-01/examples/WorkflowsListBySubscription.json
[2025-01-18 21:28:45] [build-stdout] Done extracting /mnt/c/GitHub/azure-rest-api-specs/specification/logic/resource-manager/Microsoft.Logic/stable/2016-06-01/examples/WorkflowTriggersSetState.json (92 ms)
[2025-01-18 21:28:45] [build-stdout] Extracting /mnt/c/GitHub/azure-rest-api-specs/specification/logic/resource-manager/Microsoft.Logic/stable/2016-06-01/examples/WorkflowsListCallbackUrl.json
[2025-01-18 21:28:45] [build-stdout] Done extracting /mnt/c/GitHub/azure-rest-api-specs/specification/logic/resource-manager/Microsoft.Logic/stable/2016-06-01/examples/WorkflowVersionsGet.json (99 ms)
[2025-01-18 21:28:45] [build-stdout] Extracting /mnt/c/GitHub/azure-rest-api-specs/specification/logic/resource-manager/Microsoft.Logic/stable/2016-06-01/examples/WorkflowsListSwagger.json
[2025-01-18 21:28:45] [build-stdout] Done extracting /mnt/c/GitHub/azure-rest-api-specs/specification/logic/resource-manager/Microsoft.Logic/stable/2016-06-01/examples/WorkflowsDisable.json (86 ms)
[2025-01-18 21:28:45] [build-stdout] Done extracting /mnt/c/GitHub/azure-rest-api-specs/specification/logic/resource-manager/Microsoft.Logic/stable/2016-06-01/examples/WorkflowsGet.json (70 ms)
[2025-01-18 21:28:45] [build-stdout] Done extracting /mnt/c/GitHub/azure-rest-api-specs/specification/logic/resource-manager/Microsoft.Logic/stable/2016-06-01/examples/WorkflowsCreateOrUpdate.json (97 ms)
[2025-01-18 21:28:45] [build-stdout] Done extracting /mnt/c/GitHub/azure-rest-api-specs/specification/logic/resource-manager/Microsoft.Logic/stable/2016-06-01/examples/WorkflowsDelete.json (96 ms)
[2025-01-18 21:28:45] [build-stdout] Extracting /mnt/c/GitHub/azure-rest-api-specs/specification/logic/resource-manager/Microsoft.Logic/stable/2016-06-01/examples/WorkflowsUpdate.json
[2025-01-18 21:28:45] [build-stdout] Extracting /mnt/c/GitHub/azure-rest-api-specs/specification/logic/resource-manager/Microsoft.Logic/stable/2016-06-01/examples/WorkflowsRegenerateAccessKey.json
[2025-01-18 21:28:45] [build-stdout] Extracting /mnt/c/GitHub/azure-rest-api-specs/specification/logic/resource-manager/Microsoft.Logic/stable/2016-06-01/examples/WorkflowsValidateByLocation.json
[2025-01-18 21:28:45] [build-stdout] Extracting /mnt/c/GitHub/azure-rest-api-specs/specification/logic/resource-manager/Microsoft.Logic/stable/2016-06-01/examples/WorkflowsMove.json
[2025-01-18 21:28:45] [build-stdout] Done extracting /mnt/c/GitHub/azure-rest-api-specs/specification/logic/resource-manager/Microsoft.Logic/stable/2016-06-01/examples/WorkflowVersionsList.json (123 ms)
[2025-01-18 21:28:45] [build-stdout] Extracting /mnt/c/GitHub/azure-rest-api-specs/specification/logic/resource-manager/Microsoft.Logic/stable/2016-06-01/examples/WorkflowsValidateByResourceGroup.json
[2025-01-18 21:28:45] [build-stdout] Done extracting /mnt/c/GitHub/azure-rest-api-specs/specification/logic/resource-manager/Microsoft.Logic/stable/2016-06-01/examples/WorkflowsEnable.json (102 ms)
[2025-01-18 21:28:45] [build-stdout] Done extracting /mnt/c/GitHub/azure-rest-api-specs/specification/logic/resource-manager/Microsoft.Logic/stable/2016-06-01/examples/WorkflowVersionsTriggersListCallbackUrl.json (125 ms)
[2025-01-18 21:28:45] [build-stdout] Extracting /mnt/c/GitHub/azure-rest-api-specs/specification/logic/resource-manager/Microsoft.Logic/stable/2019-05-01/examples/IntegrationAccountAgreements_CreateOrUpdate.json
[2025-01-18 21:28:45] [build-stdout] Extracting /mnt/c/GitHub/azure-rest-api-specs/specification/logic/resource-manager/Microsoft.Logic/stable/2019-05-01/examples/IntegrationAccountAgreements_Delete.json
[2025-01-18 21:28:45] [build-stdout] Done extracting /mnt/c/GitHub/azure-rest-api-specs/specification/logic/resource-manager/Microsoft.Logic/stable/2016-06-01/examples/WorkflowsGenerateUpgradedDefinition.json (108 ms)
[2025-01-18 21:28:45] [build-stdout] Done extracting /mnt/c/GitHub/azure-rest-api-specs/specification/logic/resource-manager/Microsoft.Logic/stable/2016-06-01/examples/WorkflowsListCallbackUrl.json (92 ms)
[2025-01-18 21:28:45] [build-stdout] Extracting /mnt/c/GitHub/azure-rest-api-specs/specification/logic/resource-manager/Microsoft.Logic/stable/2019-05-01/examples/IntegrationAccountAgreements_Get.json
[2025-01-18 21:28:45] [build-stdout] Extracting /mnt/c/GitHub/azure-rest-api-specs/specification/logic/resource-manager/Microsoft.Logic/stable/2019-05-01/examples/IntegrationAccountAgreements_List.json
[2025-01-18 21:28:45] [build-stdout] Done extracting /mnt/c/GitHub/azure-rest-api-specs/specification/logic/resource-manager/Microsoft.Logic/stable/2016-06-01/examples/WorkflowsListByResourceGroup.json (105 ms)
[2025-01-18 21:28:45] [build-stdout] Extracting /mnt/c/GitHub/azure-rest-api-specs/specification/logic/resource-manager/Microsoft.Logic/stable/2019-05-01/examples/IntegrationAccountAgreements_ListContentCallbackUrl.json
[2025-01-18 21:28:45] [build-stdout] Done extracting /mnt/c/GitHub/azure-rest-api-specs/specification/logic/resource-manager/Microsoft.Logic/stable/2016-06-01/examples/WorkflowsListBySubscription.json (109 ms)
[2025-01-18 21:28:45] [build-stdout] Extracting /mnt/c/GitHub/azure-rest-api-specs/specification/logic/resource-manager/Microsoft.Logic/stable/2019-05-01/examples/IntegrationAccountAssemblies_CreateOrUpdate.json
[2025-01-18 21:28:45] [build-stdout] Done extracting /mnt/c/GitHub/azure-rest-api-specs/specification/logic/resource-manager/Microsoft.Logic/stable/2016-06-01/examples/WorkflowsListSwagger.json (108 ms)
[2025-01-18 21:28:45] [build-stdout] Extracting /mnt/c/GitHub/azure-rest-api-specs/specification/logic/resource-manager/Microsoft.Logic/stable/2019-05-01/examples/IntegrationAccountAssemblies_Delete.json
[2025-01-18 21:28:45] [build-stdout] Done extracting /mnt/c/GitHub/azure-rest-api-specs/specification/logic/resource-manager/Microsoft.Logic/stable/2016-06-01/examples/WorkflowsUpdate.json (110 ms)
[2025-01-18 21:28:45] [build-stdout] Done extracting /mnt/c/GitHub/azure-rest-api-specs/specification/logic/resource-manager/Microsoft.Logic/stable/2016-06-01/examples/WorkflowsMove.json (110 ms)
[2025-01-18 21:28:45] [build-stdout] Done extracting /mnt/c/GitHub/azure-rest-api-specs/specification/logic/resource-manager/Microsoft.Logic/stable/2016-06-01/examples/WorkflowsValidateByResourceGroup.json (100 ms)
[2025-01-18 21:28:45] [build-stdout] Extracting /mnt/c/GitHub/azure-rest-api-specs/specification/logic/resource-manager/Microsoft.Logic/stable/2019-05-01/examples/IntegrationAccountAssemblies_Get.json
[2025-01-18 21:28:45] [build-stdout] Extracting /mnt/c/GitHub/azure-rest-api-specs/specification/logic/resource-manager/Microsoft.Logic/stable/2019-05-01/examples/IntegrationAccountAssemblies_ListContentCallbackUrl.json
[2025-01-18 21:28:45] [build-stdout] Extracting /mnt/c/GitHub/azure-rest-api-specs/specification/logic/resource-manager/Microsoft.Logic/stable/2019-05-01/examples/IntegrationAccountAssemblies_List.json
[2025-01-18 21:28:45] [build-stdout] Done extracting /mnt/c/GitHub/azure-rest-api-specs/specification/logic/resource-manager/Microsoft.Logic/stable/2016-06-01/examples/WorkflowsValidateByLocation.json (122 ms)
[2025-01-18 21:28:45] [build-stdout] Extracting /mnt/c/GitHub/azure-rest-api-specs/specification/logic/resource-manager/Microsoft.Logic/stable/2019-05-01/examples/IntegrationAccountBatchConfigurations_CreateOrUpdate.json
[2025-01-18 21:28:45] [build-stdout] Done extracting /mnt/c/GitHub/azure-rest-api-specs/specification/logic/resource-manager/Microsoft.Logic/stable/2016-06-01/examples/WorkflowsRegenerateAccessKey.json (128 ms)
[2025-01-18 21:28:45] [build-stdout] Extracting /mnt/c/GitHub/azure-rest-api-specs/specification/logic/resource-manager/Microsoft.Logic/stable/2019-05-01/examples/IntegrationAccountBatchConfigurations_Delete.json
[2025-01-18 21:28:45] [build-stdout] Done extracting /mnt/c/GitHub/azure-rest-api-specs/specification/logic/resource-manager/Microsoft.Logic/stable/2019-05-01/examples/IntegrationAccountAgreements_ListContentCallbackUrl.json (104 ms)
[2025-01-18 21:28:45] [build-stdout] Extracting /mnt/c/GitHub/azure-rest-api-specs/specification/logic/resource-manager/Microsoft.Logic/stable/2019-05-01/examples/IntegrationAccountBatchConfigurations_Get.json
[2025-01-18 21:28:45] [build-stdout] Done extracting /mnt/c/GitHub/azure-rest-api-specs/specification/logic/resource-manager/Microsoft.Logic/stable/2019-05-01/examples/IntegrationAccountAgreements_CreateOrUpdate.json (123 ms)
[2025-01-18 21:28:45] [build-stdout] Done extracting /mnt/c/GitHub/azure-rest-api-specs/specification/logic/resource-manager/Microsoft.Logic/stable/2019-05-01/examples/IntegrationAccountAgreements_List.json (116 ms)
[2025-01-18 21:28:45] [build-stdout] Done extracting /mnt/c/GitHub/azure-rest-api-specs/specification/logic/resource-manager/Microsoft.Logic/stable/2019-05-01/examples/IntegrationAccountAgreements_Delete.json (123 ms)
[2025-01-18 21:28:45] [build-stdout] Extracting /mnt/c/GitHub/azure-rest-api-specs/specification/logic/resource-manager/Microsoft.Logic/stable/2019-05-01/examples/IntegrationAccountCertificates_CreateOrUpdate.json
[2025-01-18 21:28:45] [build-stdout] Extracting /mnt/c/GitHub/azure-rest-api-specs/specification/logic/resource-manager/Microsoft.Logic/stable/2019-05-01/examples/IntegrationAccountCertificates_Delete.json
[2025-01-18 21:28:45] [build-stdout] Extracting /mnt/c/GitHub/azure-rest-api-specs/specification/logic/resource-manager/Microsoft.Logic/stable/2019-05-01/examples/IntegrationAccountBatchConfigurations_List.json
[2025-01-18 21:28:45] [build-stdout] Done extracting /mnt/c/GitHub/azure-rest-api-specs/specification/logic/resource-manager/Microsoft.Logic/stable/2019-05-01/examples/IntegrationAccountAssemblies_CreateOrUpdate.json (111 ms)
[2025-01-18 21:28:45] [build-stdout] Extracting /mnt/c/GitHub/azure-rest-api-specs/specification/logic/resource-manager/Microsoft.Logic/stable/2019-05-01/examples/IntegrationAccountCertificates_Get.json
[2025-01-18 21:28:45] [build-stdout] Done extracting /mnt/c/GitHub/azure-rest-api-specs/specification/logic/resource-manager/Microsoft.Logic/stable/2019-05-01/examples/IntegrationAccountAgreements_Get.json (136 ms)
[2025-01-18 21:28:45] [build-stdout] Extracting /mnt/c/GitHub/azure-rest-api-specs/specification/logic/resource-manager/Microsoft.Logic/stable/2019-05-01/examples/IntegrationAccountCertificates_List.json
[2025-01-18 21:28:45] [build-stdout] Done extracting /mnt/c/GitHub/azure-rest-api-specs/specification/logic/resource-manager/Microsoft.Logic/stable/2019-05-01/examples/IntegrationAccountAssemblies_Delete.json (143 ms)
[2025-01-18 21:28:45] [build-stdout] Done extracting /mnt/c/GitHub/azure-rest-api-specs/specification/logic/resource-manager/Microsoft.Logic/stable/2019-05-01/examples/IntegrationAccountBatchConfigurations_Delete.json (75 ms)
[2025-01-18 21:28:45] [build-stdout] Extracting /mnt/c/GitHub/azure-rest-api-specs/specification/logic/resource-manager/Microsoft.Logic/stable/2019-05-01/examples/IntegrationAccountLargeMaps_CreateOrUpdate.json
[2025-01-18 21:28:45] [build-stdout] Extracting /mnt/c/GitHub/azure-rest-api-specs/specification/logic/resource-manager/Microsoft.Logic/stable/2019-05-01/examples/IntegrationAccountMaps_CreateOrUpdate.json
[2025-01-18 21:28:45] [build-stdout] Done extracting /mnt/c/GitHub/azure-rest-api-specs/specification/logic/resource-manager/Microsoft.Logic/stable/2019-05-01/examples/IntegrationAccountCertificates_Get.json (64 ms)
[2025-01-18 21:28:45] [build-stdout] Extracting /mnt/c/GitHub/azure-rest-api-specs/specification/logic/resource-manager/Microsoft.Logic/stable/2019-05-01/examples/IntegrationAccountMaps_Delete.json
[2025-01-18 21:28:45] [build-stdout] Done extracting /mnt/c/GitHub/azure-rest-api-specs/specification/logic/resource-manager/Microsoft.Logic/stable/2019-05-01/examples/IntegrationAccountCertificates_Delete.json (79 ms)
[2025-01-18 21:28:45] [build-stdout] Done extracting /mnt/c/GitHub/azure-rest-api-specs/specification/logic/resource-manager/Microsoft.Logic/stable/2019-05-01/examples/IntegrationAccountBatchConfigurations_CreateOrUpdate.json (103 ms)
[2025-01-18 21:28:45] [build-stdout] Extracting /mnt/c/GitHub/azure-rest-api-specs/specification/logic/resource-manager/Microsoft.Logic/stable/2019-05-01/examples/IntegrationAccountMaps_Get.json
[2025-01-18 21:28:45] [build-stdout] Extracting /mnt/c/GitHub/azure-rest-api-specs/specification/logic/resource-manager/Microsoft.Logic/stable/2019-05-01/examples/IntegrationAccountMaps_List.json
[2025-01-18 21:28:45] [build-stdout] Done extracting /mnt/c/GitHub/azure-rest-api-specs/specification/logic/resource-manager/Microsoft.Logic/stable/2019-05-01/examples/IntegrationAccountAssemblies_Get.json (121 ms)
[2025-01-18 21:28:45] [build-stdout] Extracting /mnt/c/GitHub/azure-rest-api-specs/specification/logic/resource-manager/Microsoft.Logic/stable/2019-05-01/examples/IntegrationAccountMaps_ListContentCallbackUrl.json
[2025-01-18 21:28:45] [build-stdout] Done extracting /mnt/c/GitHub/azure-rest-api-specs/specification/logic/resource-manager/Microsoft.Logic/stable/2019-05-01/examples/IntegrationAccountAssemblies_List.json (124 ms)
[2025-01-18 21:28:45] [build-stdout] Extracting /mnt/c/GitHub/azure-rest-api-specs/specification/logic/resource-manager/Microsoft.Logic/stable/2019-05-01/examples/IntegrationAccountPartners_CreateOrUpdate.json
[2025-01-18 21:28:45] [build-stdout] Done extracting /mnt/c/GitHub/azure-rest-api-specs/specification/logic/resource-manager/Microsoft.Logic/stable/2019-05-01/examples/IntegrationAccountAssemblies_ListContentCallbackUrl.json (130 ms)
[2025-01-18 21:28:45] [build-stdout] Extracting /mnt/c/GitHub/azure-rest-api-specs/specification/logic/resource-manager/Microsoft.Logic/stable/2019-05-01/examples/IntegrationAccountPartners_Delete.json
[2025-01-18 21:28:45] [build-stdout] Done extracting /mnt/c/GitHub/azure-rest-api-specs/specification/logic/resource-manager/Microsoft.Logic/stable/2019-05-01/examples/IntegrationAccountBatchConfigurations_Get.json (111 ms)
[2025-01-18 21:28:45] [build-stdout] Done extracting /mnt/c/GitHub/azure-rest-api-specs/specification/logic/resource-manager/Microsoft.Logic/stable/2019-05-01/examples/IntegrationAccountBatchConfigurations_List.json (107 ms)
[2025-01-18 21:28:45] [build-stdout] Extracting /mnt/c/GitHub/azure-rest-api-specs/specification/logic/resource-manager/Microsoft.Logic/stable/2019-05-01/examples/IntegrationAccountPartners_Get.json
[2025-01-18 21:28:45] [build-stdout] Done extracting /mnt/c/GitHub/azure-rest-api-specs/specification/logic/resource-manager/Microsoft.Logic/stable/2019-05-01/examples/IntegrationAccountCertificates_CreateOrUpdate.json (109 ms)
[2025-01-18 21:28:45] [build-stdout] Extracting /mnt/c/GitHub/azure-rest-api-specs/specification/logic/resource-manager/Microsoft.Logic/stable/2019-05-01/examples/IntegrationAccountPartners_List.json
[2025-01-18 21:28:45] [build-stdout] Extracting /mnt/c/GitHub/azure-rest-api-specs/specification/logic/resource-manager/Microsoft.Logic/stable/2019-05-01/examples/IntegrationAccountPartners_ListContentCallbackUrl.json
[2025-01-18 21:28:45] [build-stdout] Done extracting /mnt/c/GitHub/azure-rest-api-specs/specification/logic/resource-manager/Microsoft.Logic/stable/2019-05-01/examples/IntegrationAccountCertificates_List.json (101 ms)
[2025-01-18 21:28:45] [build-stdout] Extracting /mnt/c/GitHub/azure-rest-api-specs/specification/logic/resource-manager/Microsoft.Logic/stable/2019-05-01/examples/IntegrationAccountSchemas_CreateOrUpdate.json
[2025-01-18 21:28:45] [build-stdout] Done extracting /mnt/c/GitHub/azure-rest-api-specs/specification/logic/resource-manager/Microsoft.Logic/stable/2019-05-01/examples/IntegrationAccountLargeMaps_CreateOrUpdate.json (102 ms)
[2025-01-18 21:28:45] [build-stdout] Done extracting /mnt/c/GitHub/azure-rest-api-specs/specification/logic/resource-manager/Microsoft.Logic/stable/2019-05-01/examples/IntegrationAccountMaps_CreateOrUpdate.json (103 ms)
[2025-01-18 21:28:45] [build-stdout] Extracting /mnt/c/GitHub/azure-rest-api-specs/specification/logic/resource-manager/Microsoft.Logic/stable/2019-05-01/examples/IntegrationAccountSchemas_Delete.json
[2025-01-18 21:28:46] [build-stdout] Extracting /mnt/c/GitHub/azure-rest-api-specs/specification/logic/resource-manager/Microsoft.Logic/stable/2019-05-01/examples/IntegrationAccountSchemas_Get.json
[2025-01-18 21:28:46] [build-stdout] Done extracting /mnt/c/GitHub/azure-rest-api-specs/specification/logic/resource-manager/Microsoft.Logic/stable/2019-05-01/examples/IntegrationAccountPartners_Delete.json (71 ms)
[2025-01-18 21:28:46] [build-stdout] Extracting /mnt/c/GitHub/azure-rest-api-specs/specification/logic/resource-manager/Microsoft.Logic/stable/2019-05-01/examples/IntegrationAccountSchemas_List.json
[2025-01-18 21:28:46] [build-stdout] Done extracting /mnt/c/GitHub/azure-rest-api-specs/specification/logic/resource-manager/Microsoft.Logic/stable/2019-05-01/examples/IntegrationAccountPartners_Get.json (75 ms)
[2025-01-18 21:28:46] [build-stdout] Extracting /mnt/c/GitHub/azure-rest-api-specs/specification/logic/resource-manager/Microsoft.Logic/stable/2019-05-01/examples/IntegrationAccountSchemas_ListContentCallbackUrl.json
[2025-01-18 21:28:46] [build-stdout] Done extracting /mnt/c/GitHub/azure-rest-api-specs/specification/logic/resource-manager/Microsoft.Logic/stable/2019-05-01/examples/IntegrationAccountMaps_List.json (101 ms)
[2025-01-18 21:28:46] [build-stdout] Extracting /mnt/c/GitHub/azure-rest-api-specs/specification/logic/resource-manager/Microsoft.Logic/stable/2019-05-01/examples/IntegrationAccountSessions_CreateOrUpdate.json
[2025-01-18 21:28:46] [build-stdout] Done extracting /mnt/c/GitHub/azure-rest-api-specs/specification/logic/resource-manager/Microsoft.Logic/stable/2019-05-01/examples/IntegrationAccountPartners_CreateOrUpdate.json (96 ms)
[2025-01-18 21:28:46] [build-stdout] Extracting /mnt/c/GitHub/azure-rest-api-specs/specification/logic/resource-manager/Microsoft.Logic/stable/2019-05-01/examples/IntegrationAccountSessions_Delete.json
[2025-01-18 21:28:46] [build-stdout] Done extracting /mnt/c/GitHub/azure-rest-api-specs/specification/logic/resource-manager/Microsoft.Logic/stable/2019-05-01/examples/IntegrationAccountMaps_Delete.json (126 ms)
[2025-01-18 21:28:46] [build-stdout] Extracting /mnt/c/GitHub/azure-rest-api-specs/specification/logic/resource-manager/Microsoft.Logic/stable/2019-05-01/examples/IntegrationAccountSessions_Get.json
[2025-01-18 21:28:46] [build-stdout] Done extracting /mnt/c/GitHub/azure-rest-api-specs/specification/logic/resource-manager/Microsoft.Logic/stable/2019-05-01/examples/IntegrationAccountPartners_List.json (118 ms)
[2025-01-18 21:28:46] [build-stdout] Done extracting /mnt/c/GitHub/azure-rest-api-specs/specification/logic/resource-manager/Microsoft.Logic/stable/2019-05-01/examples/IntegrationAccountMaps_Get.json (149 ms)
[2025-01-18 21:28:46] [build-stdout] Extracting /mnt/c/GitHub/azure-rest-api-specs/specification/logic/resource-manager/Microsoft.Logic/stable/2019-05-01/examples/IntegrationAccountSessions_List.json
[2025-01-18 21:28:46] [build-stdout] Done extracting /mnt/c/GitHub/azure-rest-api-specs/specification/logic/resource-manager/Microsoft.Logic/stable/2019-05-01/examples/IntegrationAccountMaps_ListContentCallbackUrl.json (156 ms)
[2025-01-18 21:28:46] [build-stdout] Extracting /mnt/c/GitHub/azure-rest-api-specs/specification/logic/resource-manager/Microsoft.Logic/stable/2019-05-01/examples/IntegrationAccounts_CreateOrUpdate.json
[2025-01-18 21:28:46] [build-stdout] Extracting /mnt/c/GitHub/azure-rest-api-specs/specification/logic/resource-manager/Microsoft.Logic/stable/2019-05-01/examples/IntegrationAccounts_Delete.json
[2025-01-18 21:28:46] [build-stdout] Done extracting /mnt/c/GitHub/azure-rest-api-specs/specification/logic/resource-manager/Microsoft.Logic/stable/2019-05-01/examples/IntegrationAccountSchemas_CreateOrUpdate.json (141 ms)
[2025-01-18 21:28:46] [build-stdout] Extracting /mnt/c/GitHub/azure-rest-api-specs/specification/logic/resource-manager/Microsoft.Logic/stable/2019-05-01/examples/IntegrationAccounts_Get.json
[2025-01-18 21:28:46] [build-stdout] Done extracting /mnt/c/GitHub/azure-rest-api-specs/specification/logic/resource-manager/Microsoft.Logic/stable/2019-05-01/examples/IntegrationAccountPartners_ListContentCallbackUrl.json (157 ms)
[2025-01-18 21:28:46] [build-stdout] Extracting /mnt/c/GitHub/azure-rest-api-specs/specification/logic/resource-manager/Microsoft.Logic/stable/2019-05-01/examples/IntegrationAccounts_ListByResourceGroup.json
[2025-01-18 21:28:46] [build-stdout] Done extracting /mnt/c/GitHub/azure-rest-api-specs/specification/logic/resource-manager/Microsoft.Logic/stable/2019-05-01/examples/IntegrationAccountSchemas_ListContentCallbackUrl.json (137 ms)
[2025-01-18 21:28:46] [build-stdout] Done extracting /mnt/c/GitHub/azure-rest-api-specs/specification/logic/resource-manager/Microsoft.Logic/stable/2019-05-01/examples/IntegrationAccountSchemas_List.json (150 ms)
[2025-01-18 21:28:46] [build-stdout] Extracting /mnt/c/GitHub/azure-rest-api-specs/specification/logic/resource-manager/Microsoft.Logic/stable/2019-05-01/examples/IntegrationAccounts_ListBySubscription.json
[2025-01-18 21:28:46] [build-stdout] Done extracting /mnt/c/GitHub/azure-rest-api-specs/specification/logic/resource-manager/Microsoft.Logic/stable/2019-05-01/examples/IntegrationAccountSchemas_Get.json (161 ms)
[2025-01-18 21:28:46] [build-stdout] Extracting /mnt/c/GitHub/azure-rest-api-specs/specification/logic/resource-manager/Microsoft.Logic/stable/2019-05-01/examples/IntegrationAccounts_ListCallbackUrl.json
[2025-01-18 21:28:46] [build-stdout] Extracting /mnt/c/GitHub/azure-rest-api-specs/specification/logic/resource-manager/Microsoft.Logic/stable/2019-05-01/examples/IntegrationAccounts_ListKeyVaultKeys.json
[2025-01-18 21:28:46] [build-stdout] Done extracting /mnt/c/GitHub/azure-rest-api-specs/specification/logic/resource-manager/Microsoft.Logic/stable/2019-05-01/examples/IntegrationAccountSessions_Get.json (128 ms)
[2025-01-18 21:28:46] [build-stdout] Extracting /mnt/c/GitHub/azure-rest-api-specs/specification/logic/resource-manager/Microsoft.Logic/stable/2019-05-01/examples/IntegrationAccounts_LogTrackingEvents.json
[2025-01-18 21:28:46] [build-stdout] Done extracting /mnt/c/GitHub/azure-rest-api-specs/specification/logic/resource-manager/Microsoft.Logic/stable/2019-05-01/examples/IntegrationAccountSessions_CreateOrUpdate.json (163 ms)
[2025-01-18 21:28:46] [build-stdout] Extracting /mnt/c/GitHub/azure-rest-api-specs/specification/logic/resource-manager/Microsoft.Logic/stable/2019-05-01/examples/IntegrationAccounts_RegenerateAccessKey.json
[2025-01-18 21:28:46] [build-stdout] Done extracting /mnt/c/GitHub/azure-rest-api-specs/specification/logic/resource-manager/Microsoft.Logic/stable/2019-05-01/examples/IntegrationAccountSchemas_Delete.json (194 ms)
[2025-01-18 21:28:46] [build-stdout] Done extracting /mnt/c/GitHub/azure-rest-api-specs/specification/logic/resource-manager/Microsoft.Logic/stable/2019-05-01/examples/IntegrationAccountSessions_Delete.json (166 ms)
[2025-01-18 21:28:46] [build-stdout] Extracting /mnt/c/GitHub/azure-rest-api-specs/specification/logic/resource-manager/Microsoft.Logic/stable/2019-05-01/examples/IntegrationServiceEnvironments_Delete.json
[2025-01-18 21:28:46] [build-stdout] Extracting /mnt/c/GitHub/azure-rest-api-specs/specification/logic/resource-manager/Microsoft.Logic/stable/2019-05-01/examples/IntegrationAccounts_Update.json
[2025-01-18 21:28:46] [build-stdout] Done extracting /mnt/c/GitHub/azure-rest-api-specs/specification/logic/resource-manager/Microsoft.Logic/stable/2019-05-01/examples/IntegrationAccountSessions_List.json (121 ms)
[2025-01-18 21:28:46] [build-stdout] Extracting /mnt/c/GitHub/azure-rest-api-specs/specification/logic/resource-manager/Microsoft.Logic/stable/2019-05-01/examples/IntegrationServiceEnvironments_Get.json
[2025-01-18 21:28:46] [build-stdout] Done extracting /mnt/c/GitHub/azure-rest-api-specs/specification/logic/resource-manager/Microsoft.Logic/stable/2019-05-01/examples/IntegrationAccounts_CreateOrUpdate.json (120 ms)
[2025-01-18 21:28:46] [build-stdout] Extracting /mnt/c/GitHub/azure-rest-api-specs/specification/logic/resource-manager/Microsoft.Logic/stable/2019-05-01/examples/IntegrationServiceEnvironments_ListByResourceGroup.json
[2025-01-18 21:28:46] [build-stdout] Done extracting /mnt/c/GitHub/azure-rest-api-specs/specification/logic/resource-manager/Microsoft.Logic/stable/2019-05-01/examples/IntegrationAccounts_Delete.json (122 ms)
[2025-01-18 21:28:46] [build-stdout] Done extracting /mnt/c/GitHub/azure-rest-api-specs/specification/logic/resource-manager/Microsoft.Logic/stable/2019-05-01/examples/IntegrationAccounts_Get.json (117 ms)
[2025-01-18 21:28:46] [build-stdout] Extracting /mnt/c/GitHub/azure-rest-api-specs/specification/logic/resource-manager/Microsoft.Logic/stable/2019-05-01/examples/IntegrationServiceEnvironments_ListBySubscription.json
[2025-01-18 21:28:46] [build-stdout] Extracting /mnt/c/GitHub/azure-rest-api-specs/specification/logic/resource-manager/Microsoft.Logic/stable/2019-05-01/examples/IntegrationServiceEnvironments_ManagedApis_Delete.json
[2025-01-18 21:28:46] [build-stdout] Done extracting /mnt/c/GitHub/azure-rest-api-specs/specification/logic/resource-manager/Microsoft.Logic/stable/2019-05-01/examples/IntegrationAccounts_ListByResourceGroup.json (128 ms)
[2025-01-18 21:28:46] [build-stdout] Extracting /mnt/c/GitHub/azure-rest-api-specs/specification/logic/resource-manager/Microsoft.Logic/stable/2019-05-01/examples/IntegrationServiceEnvironments_ManagedApis_Get.json
[2025-01-18 21:28:46] [build-stdout] Done extracting /mnt/c/GitHub/azure-rest-api-specs/specification/logic/resource-manager/Microsoft.Logic/stable/2019-05-01/examples/IntegrationAccounts_RegenerateAccessKey.json (102 ms)
[2025-01-18 21:28:46] [build-stdout] Done extracting /mnt/c/GitHub/azure-rest-api-specs/specification/logic/resource-manager/Microsoft.Logic/stable/2019-05-01/examples/IntegrationServiceEnvironments_Get.json (86 ms)
[2025-01-18 21:28:46] [build-stdout] Extracting /mnt/c/GitHub/azure-rest-api-specs/specification/logic/resource-manager/Microsoft.Logic/stable/2019-05-01/examples/IntegrationServiceEnvironments_ManagedApis_List.json
[2025-01-18 21:28:46] [build-stdout] Extracting /mnt/c/GitHub/azure-rest-api-specs/specification/logic/resource-manager/Microsoft.Logic/stable/2019-05-01/examples/IntegrationServiceEnvironments_ManagedApis_ListApiOperations.json
[2025-01-18 21:28:46] [build-stdout] Done extracting /mnt/c/GitHub/azure-rest-api-specs/specification/logic/resource-manager/Microsoft.Logic/stable/2019-05-01/examples/IntegrationAccounts_ListBySubscription.json (136 ms)
[2025-01-18 21:28:46] [build-stdout] Extracting /mnt/c/GitHub/azure-rest-api-specs/specification/logic/resource-manager/Microsoft.Logic/stable/2019-05-01/examples/IntegrationServiceEnvironments_ManagedApis_Put.json
[2025-01-18 21:28:46] [build-stdout] Done extracting /mnt/c/GitHub/azure-rest-api-specs/specification/logic/resource-manager/Microsoft.Logic/stable/2019-05-01/examples/IntegrationAccounts_ListCallbackUrl.json (139 ms)
[2025-01-18 21:28:46] [build-stdout] Extracting /mnt/c/GitHub/azure-rest-api-specs/specification/logic/resource-manager/Microsoft.Logic/stable/2019-05-01/examples/IntegrationServiceEnvironments_NetworkHealth.json
[2025-01-18 21:28:46] [build-stdout] Done extracting /mnt/c/GitHub/azure-rest-api-specs/specification/logic/resource-manager/Microsoft.Logic/stable/2019-05-01/examples/IntegrationAccounts_LogTrackingEvents.json (133 ms)
[2025-01-18 21:28:46] [build-stdout] Extracting /mnt/c/GitHub/azure-rest-api-specs/specification/logic/resource-manager/Microsoft.Logic/stable/2019-05-01/examples/IntegrationServiceEnvironments_Patch.json
[2025-01-18 21:28:46] [build-stdout] Done extracting /mnt/c/GitHub/azure-rest-api-specs/specification/logic/resource-manager/Microsoft.Logic/stable/2019-05-01/examples/IntegrationAccounts_ListKeyVaultKeys.json (158 ms)
[2025-01-18 21:28:46] [build-stdout] Extracting /mnt/c/GitHub/azure-rest-api-specs/specification/logic/resource-manager/Microsoft.Logic/stable/2019-05-01/examples/IntegrationServiceEnvironments_Put.json
[2025-01-18 21:28:46] [build-stdout] Done extracting /mnt/c/GitHub/azure-rest-api-specs/specification/logic/resource-manager/Microsoft.Logic/stable/2019-05-01/examples/IntegrationServiceEnvironments_Delete.json (137 ms)
[2025-01-18 21:28:46] [build-stdout] Extracting /mnt/c/GitHub/azure-rest-api-specs/specification/logic/resource-manager/Microsoft.Logic/stable/2019-05-01/examples/IntegrationServiceEnvironments_Restart.json
[2025-01-18 21:28:46] [build-stdout] Done extracting /mnt/c/GitHub/azure-rest-api-specs/specification/logic/resource-manager/Microsoft.Logic/stable/2019-05-01/examples/IntegrationAccounts_Update.json (142 ms)
[2025-01-18 21:28:46] [build-stdout] Done extracting /mnt/c/GitHub/azure-rest-api-specs/specification/logic/resource-manager/Microsoft.Logic/stable/2019-05-01/examples/IntegrationServiceEnvironments_ListByResourceGroup.json (130 ms)
[2025-01-18 21:28:46] [build-stdout] Extracting /mnt/c/GitHub/azure-rest-api-specs/specification/logic/resource-manager/Microsoft.Logic/stable/2019-05-01/examples/Operations_List.json
[2025-01-18 21:28:46] [build-stdout] Extracting /mnt/c/GitHub/azure-rest-api-specs/specification/logic/resource-manager/Microsoft.Logic/stable/2019-05-01/examples/IntegrationServiceEnvironments_Skus.json
[2025-01-18 21:28:46] [build-stdout] Done extracting /mnt/c/GitHub/azure-rest-api-specs/specification/logic/resource-manager/Microsoft.Logic/stable/2019-05-01/examples/IntegrationServiceEnvironments_ListBySubscription.json (134 ms)
[2025-01-18 21:28:46] [build-stdout] Extracting /mnt/c/GitHub/azure-rest-api-specs/specification/logic/resource-manager/Microsoft.Logic/stable/2019-05-01/examples/WorkflowRunActionRepetitionsRequestHistories_Get.json
[2025-01-18 21:28:46] [build-stdout] Done extracting /mnt/c/GitHub/azure-rest-api-specs/specification/logic/resource-manager/Microsoft.Logic/stable/2019-05-01/examples/IntegrationServiceEnvironments_ManagedApis_Delete.json (135 ms)
[2025-01-18 21:28:46] [build-stdout] Extracting /mnt/c/GitHub/azure-rest-api-specs/specification/logic/resource-manager/Microsoft.Logic/stable/2019-05-01/examples/WorkflowRunActionRepetitionsRequestHistories_List.json
[2025-01-18 21:28:46] [build-stdout] Done extracting /mnt/c/GitHub/azure-rest-api-specs/specification/logic/resource-manager/Microsoft.Logic/stable/2019-05-01/examples/IntegrationServiceEnvironments_ManagedApis_Get.json (127 ms)
[2025-01-18 21:28:46] [build-stdout] Extracting /mnt/c/GitHub/azure-rest-api-specs/specification/logic/resource-manager/Microsoft.Logic/stable/2019-05-01/examples/WorkflowRunActionRepetitions_Get.json
[2025-01-18 21:28:46] [build-stdout] Done extracting /mnt/c/GitHub/azure-rest-api-specs/specification/logic/resource-manager/Microsoft.Logic/stable/2019-05-01/examples/IntegrationServiceEnvironments_ManagedApis_ListApiOperations.json (132 ms)
[2025-01-18 21:28:46] [build-stdout] Done extracting /mnt/c/GitHub/azure-rest-api-specs/specification/logic/resource-manager/Microsoft.Logic/stable/2019-05-01/examples/IntegrationServiceEnvironments_ManagedApis_Put.json (127 ms)
[2025-01-18 21:28:46] [build-stdout] Done extracting /mnt/c/GitHub/azure-rest-api-specs/specification/logic/resource-manager/Microsoft.Logic/stable/2019-05-01/examples/IntegrationServiceEnvironments_NetworkHealth.json (121 ms)
[2025-01-18 21:28:46] [build-stdout] Extracting /mnt/c/GitHub/azure-rest-api-specs/specification/logic/resource-manager/Microsoft.Logic/stable/2019-05-01/examples/WorkflowRunActionRepetitions_List.json
[2025-01-18 21:28:46] [build-stdout] Extracting /mnt/c/GitHub/azure-rest-api-specs/specification/logic/resource-manager/Microsoft.Logic/stable/2019-05-01/examples/WorkflowRunActionRepetitions_ListExpressionTraces.json
[2025-01-18 21:28:46] [build-stdout] Done extracting /mnt/c/GitHub/azure-rest-api-specs/specification/logic/resource-manager/Microsoft.Logic/stable/2019-05-01/examples/IntegrationServiceEnvironments_Put.json (106 ms)
[2025-01-18 21:28:46] [build-stdout] Extracting /mnt/c/GitHub/azure-rest-api-specs/specification/logic/resource-manager/Microsoft.Logic/stable/2019-05-01/examples/WorkflowRunActionRequestHistories_Get.json
[2025-01-18 21:28:46] [build-stdout] Extracting /mnt/c/GitHub/azure-rest-api-specs/specification/logic/resource-manager/Microsoft.Logic/stable/2019-05-01/examples/WorkflowRunActionRequestHistories_List.json
[2025-01-18 21:28:46] [build-stdout] Done extracting /mnt/c/GitHub/azure-rest-api-specs/specification/logic/resource-manager/Microsoft.Logic/stable/2019-05-01/examples/IntegrationServiceEnvironments_Skus.json (111 ms)
[2025-01-18 21:28:46] [build-stdout] Extracting /mnt/c/GitHub/azure-rest-api-specs/specification/logic/resource-manager/Microsoft.Logic/stable/2019-05-01/examples/WorkflowRunActionScopeRepetitions_Get.json
[2025-01-18 21:28:46] [build-stdout] Done extracting /mnt/c/GitHub/azure-rest-api-specs/specification/logic/resource-manager/Microsoft.Logic/stable/2019-05-01/examples/IntegrationServiceEnvironments_Patch.json (149 ms)
[2025-01-18 21:28:46] [build-stdout] Done extracting /mnt/c/GitHub/azure-rest-api-specs/specification/logic/resource-manager/Microsoft.Logic/stable/2019-05-01/examples/IntegrationServiceEnvironments_Restart.json (128 ms)
[2025-01-18 21:28:46] [build-stdout] Extracting /mnt/c/GitHub/azure-rest-api-specs/specification/logic/resource-manager/Microsoft.Logic/stable/2019-05-01/examples/WorkflowRunActionScopeRepetitions_List.json
[2025-01-18 21:28:46] [build-stdout] Extracting /mnt/c/GitHub/azure-rest-api-specs/specification/logic/resource-manager/Microsoft.Logic/stable/2019-05-01/examples/WorkflowRunActions_Get.json
[2025-01-18 21:28:46] [build-stdout] Done extracting /mnt/c/GitHub/azure-rest-api-specs/specification/logic/resource-manager/Microsoft.Logic/stable/2019-05-01/examples/IntegrationServiceEnvironments_ManagedApis_List.json (184 ms)
[2025-01-18 21:28:46] [build-stdout] Done extracting /mnt/c/GitHub/azure-rest-api-specs/specification/logic/resource-manager/Microsoft.Logic/stable/2019-05-01/examples/WorkflowRunActionRepetitionsRequestHistories_Get.json (131 ms)
[2025-01-18 21:28:46] [build-stdout] Extracting /mnt/c/GitHub/azure-rest-api-specs/specification/logic/resource-manager/Microsoft.Logic/stable/2019-05-01/examples/WorkflowRunActions_List.json
[2025-01-18 21:28:46] [build-stdout] Extracting /mnt/c/GitHub/azure-rest-api-specs/specification/logic/resource-manager/Microsoft.Logic/stable/2019-05-01/examples/WorkflowRunActions_ListExpressionTraces.json
[2025-01-18 21:28:46] [build-stdout] Done extracting /mnt/c/GitHub/azure-rest-api-specs/specification/logic/resource-manager/Microsoft.Logic/stable/2019-05-01/examples/WorkflowRunActionRepetitionsRequestHistories_List.json (143 ms)
[2025-01-18 21:28:46] [build-stdout] Done extracting /mnt/c/GitHub/azure-rest-api-specs/specification/logic/resource-manager/Microsoft.Logic/stable/2019-05-01/examples/WorkflowRunActionRepetitions_Get.json (139 ms)
[2025-01-18 21:28:46] [build-stdout] Extracting /mnt/c/GitHub/azure-rest-api-specs/specification/logic/resource-manager/Microsoft.Logic/stable/2019-05-01/examples/WorkflowRunOperations_Get.json
[2025-01-18 21:28:46] [build-stdout] Extracting /mnt/c/GitHub/azure-rest-api-specs/specification/logic/resource-manager/Microsoft.Logic/stable/2019-05-01/examples/WorkflowRuns_Cancel.json
[2025-01-18 21:28:46] [build-stdout] Done extracting /mnt/c/GitHub/azure-rest-api-specs/specification/logic/resource-manager/Microsoft.Logic/stable/2019-05-01/examples/Operations_List.json (173 ms)
[2025-01-18 21:28:46] [build-stdout] Extracting /mnt/c/GitHub/azure-rest-api-specs/specification/logic/resource-manager/Microsoft.Logic/stable/2019-05-01/examples/WorkflowRuns_Get.json
[2025-01-18 21:28:46] [build-stdout] Done extracting /mnt/c/GitHub/azure-rest-api-specs/specification/logic/resource-manager/Microsoft.Logic/stable/2019-05-01/examples/WorkflowRunActionRepetitions_ListExpressionTraces.json (150 ms)
[2025-01-18 21:28:46] [build-stdout] Done extracting /mnt/c/GitHub/azure-rest-api-specs/specification/logic/resource-manager/Microsoft.Logic/stable/2019-05-01/examples/WorkflowRunActionScopeRepetitions_List.json (113 ms)
[2025-01-18 21:28:46] [build-stdout] Extracting /mnt/c/GitHub/azure-rest-api-specs/specification/logic/resource-manager/Microsoft.Logic/stable/2019-05-01/examples/WorkflowTriggerHistories_Get.json
[2025-01-18 21:28:46] [build-stdout] Extracting /mnt/c/GitHub/azure-rest-api-specs/specification/logic/resource-manager/Microsoft.Logic/stable/2019-05-01/examples/WorkflowRuns_List.json
[2025-01-18 21:28:46] [build-stdout] Done extracting /mnt/c/GitHub/azure-rest-api-specs/specification/logic/resource-manager/Microsoft.Logic/stable/2019-05-01/examples/WorkflowRunActions_Get.json (118 ms)
[2025-01-18 21:28:46] [build-stdout] Extracting /mnt/c/GitHub/azure-rest-api-specs/specification/logic/resource-manager/Microsoft.Logic/stable/2019-05-01/examples/WorkflowTriggerHistories_List.json
[2025-01-18 21:28:46] [build-stdout] Done extracting /mnt/c/GitHub/azure-rest-api-specs/specification/logic/resource-manager/Microsoft.Logic/stable/2019-05-01/examples/WorkflowRunActions_List.json (120 ms)
[2025-01-18 21:28:46] [build-stdout] Extracting /mnt/c/GitHub/azure-rest-api-specs/specification/logic/resource-manager/Microsoft.Logic/stable/2019-05-01/examples/WorkflowTriggerHistories_Resubmit.json
[2025-01-18 21:28:46] [build-stdout] Done extracting /mnt/c/GitHub/azure-rest-api-specs/specification/logic/resource-manager/Microsoft.Logic/stable/2019-05-01/examples/WorkflowRunActionRequestHistories_List.json (168 ms)
[2025-01-18 21:28:46] [build-stdout] Done extracting /mnt/c/GitHub/azure-rest-api-specs/specification/logic/resource-manager/Microsoft.Logic/stable/2019-05-01/examples/WorkflowRunActionScopeRepetitions_Get.json (154 ms)
[2025-01-18 21:28:46] [build-stdout] Extracting /mnt/c/GitHub/azure-rest-api-specs/specification/logic/resource-manager/Microsoft.Logic/stable/2019-05-01/examples/WorkflowTriggers_Get.json
[2025-01-18 21:28:46] [build-stdout] Extracting /mnt/c/GitHub/azure-rest-api-specs/specification/logic/resource-manager/Microsoft.Logic/stable/2019-05-01/examples/WorkflowTriggers_GetSchemaJson.json
[2025-01-18 21:28:46] [build-stdout] Done extracting /mnt/c/GitHub/azure-rest-api-specs/specification/logic/resource-manager/Microsoft.Logic/stable/2019-05-01/examples/WorkflowRunActionRepetitions_List.json (195 ms)
[2025-01-18 21:28:46] [build-stdout] Done extracting /mnt/c/GitHub/azure-rest-api-specs/specification/logic/resource-manager/Microsoft.Logic/stable/2019-05-01/examples/WorkflowRunActions_ListExpressionTraces.json (145 ms)
[2025-01-18 21:28:46] [build-stdout] Extracting /mnt/c/GitHub/azure-rest-api-specs/specification/logic/resource-manager/Microsoft.Logic/stable/2019-05-01/examples/WorkflowTriggers_List.json
[2025-01-18 21:28:46] [build-stdout] Done extracting /mnt/c/GitHub/azure-rest-api-specs/specification/logic/resource-manager/Microsoft.Logic/stable/2019-05-01/examples/WorkflowRunActionRequestHistories_Get.json (194 ms)
[2025-01-18 21:28:46] [build-stdout] Extracting /mnt/c/GitHub/azure-rest-api-specs/specification/logic/resource-manager/Microsoft.Logic/stable/2019-05-01/examples/WorkflowTriggers_ListCallbackUrl.json
[2025-01-18 21:28:46] [build-stdout] Done extracting /mnt/c/GitHub/azure-rest-api-specs/specification/logic/resource-manager/Microsoft.Logic/stable/2019-05-01/examples/WorkflowRunOperations_Get.json (137 ms)
[2025-01-18 21:28:46] [build-stdout] Extracting /mnt/c/GitHub/azure-rest-api-specs/specification/logic/resource-manager/Microsoft.Logic/stable/2019-05-01/examples/WorkflowTriggers_Reset.json
[2025-01-18 21:28:46] [build-stdout] Extracting /mnt/c/GitHub/azure-rest-api-specs/specification/logic/resource-manager/Microsoft.Logic/stable/2019-05-01/examples/WorkflowTriggers_Run.json
[2025-01-18 21:28:46] [build-stdout] Done extracting /mnt/c/GitHub/azure-rest-api-specs/specification/logic/resource-manager/Microsoft.Logic/stable/2019-05-01/examples/WorkflowRuns_Cancel.json (138 ms)
[2025-01-18 21:28:46] [build-stdout] Extracting /mnt/c/GitHub/azure-rest-api-specs/specification/logic/resource-manager/Microsoft.Logic/stable/2019-05-01/examples/WorkflowTriggers_SetState.json
[2025-01-18 21:28:46] [build-stdout] Done extracting /mnt/c/GitHub/azure-rest-api-specs/specification/logic/resource-manager/Microsoft.Logic/stable/2019-05-01/examples/WorkflowRuns_Get.json (142 ms)
[2025-01-18 21:28:46] [build-stdout] Extracting /mnt/c/GitHub/azure-rest-api-specs/specification/logic/resource-manager/Microsoft.Logic/stable/2019-05-01/examples/WorkflowVersionTriggers_ListCallbackUrl.json
[2025-01-18 21:28:46] [build-stdout] Done extracting /mnt/c/GitHub/azure-rest-api-specs/specification/logic/resource-manager/Microsoft.Logic/stable/2019-05-01/examples/WorkflowTriggerHistories_Resubmit.json (114 ms)
[2025-01-18 21:28:46] [build-stdout] Extracting /mnt/c/GitHub/azure-rest-api-specs/specification/logic/resource-manager/Microsoft.Logic/stable/2019-05-01/examples/WorkflowVersions_Get.json
[2025-01-18 21:28:46] [build-stdout] Done extracting /mnt/c/GitHub/azure-rest-api-specs/specification/logic/resource-manager/Microsoft.Logic/stable/2019-05-01/examples/WorkflowRuns_List.json (137 ms)
[2025-01-18 21:28:46] [build-stdout] Done extracting /mnt/c/GitHub/azure-rest-api-specs/specification/logic/resource-manager/Microsoft.Logic/stable/2019-05-01/examples/WorkflowTriggers_Run.json (82 ms)
[2025-01-18 21:28:46] [build-stdout] Extracting /mnt/c/GitHub/azure-rest-api-specs/specification/logic/resource-manager/Microsoft.Logic/stable/2019-05-01/examples/Workflows_CreateOrUpdate.json
[2025-01-18 21:28:46] [build-stdout] Done extracting /mnt/c/GitHub/azure-rest-api-specs/specification/logic/resource-manager/Microsoft.Logic/stable/2019-05-01/examples/WorkflowTriggers_GetSchemaJson.json (118 ms)
[2025-01-18 21:28:46] [build-stdout] Extracting /mnt/c/GitHub/azure-rest-api-specs/specification/logic/resource-manager/Microsoft.Logic/stable/2019-05-01/examples/WorkflowVersions_List.json
[2025-01-18 21:28:46] [build-stdout] Extracting /mnt/c/GitHub/azure-rest-api-specs/specification/logic/resource-manager/Microsoft.Logic/stable/2019-05-01/examples/Workflows_Delete.json
[2025-01-18 21:28:46] [build-stdout] Done extracting /mnt/c/GitHub/azure-rest-api-specs/specification/logic/resource-manager/Microsoft.Logic/stable/2019-05-01/examples/WorkflowTriggerHistories_Get.json (158 ms)
[2025-01-18 21:28:46] [build-stdout] Extracting /mnt/c/GitHub/azure-rest-api-specs/specification/logic/resource-manager/Microsoft.Logic/stable/2019-05-01/examples/Workflows_Disable.json
[2025-01-18 21:28:46] [build-stdout] Done extracting /mnt/c/GitHub/azure-rest-api-specs/specification/logic/resource-manager/Microsoft.Logic/stable/2019-05-01/examples/WorkflowTriggerHistories_List.json (161 ms)
[2025-01-18 21:28:46] [build-stdout] Extracting /mnt/c/GitHub/azure-rest-api-specs/specification/logic/resource-manager/Microsoft.Logic/stable/2019-05-01/examples/Workflows_Enable.json
[2025-01-18 21:28:46] [build-stdout] Done extracting /mnt/c/GitHub/azure-rest-api-specs/specification/logic/resource-manager/Microsoft.Logic/stable/2019-05-01/examples/WorkflowTriggers_List.json (135 ms)
[2025-01-18 21:28:46] [build-stdout] Extracting /mnt/c/GitHub/azure-rest-api-specs/specification/logic/resource-manager/Microsoft.Logic/stable/2019-05-01/examples/Workflows_GenerateUpgradedDefinition.json
[2025-01-18 21:28:46] [build-stdout] Done extracting /mnt/c/GitHub/azure-rest-api-specs/specification/logic/resource-manager/Microsoft.Logic/stable/2019-05-01/examples/WorkflowTriggers_Get.json (157 ms)
[2025-01-18 21:28:46] [build-stdout] Done extracting /mnt/c/GitHub/azure-rest-api-specs/specification/logic/resource-manager/Microsoft.Logic/stable/2019-05-01/examples/WorkflowTriggers_Reset.json (134 ms)
[2025-01-18 21:28:46] [build-stdout] Extracting /mnt/c/GitHub/azure-rest-api-specs/specification/logic/resource-manager/Microsoft.Logic/stable/2019-05-01/examples/Workflows_Get.json
[2025-01-18 21:28:46] [build-stdout] Done extracting /mnt/c/GitHub/azure-rest-api-specs/specification/logic/resource-manager/Microsoft.Logic/stable/2019-05-01/examples/WorkflowTriggers_ListCallbackUrl.json (143 ms)
[2025-01-18 21:28:46] [build-stdout] Extracting /mnt/c/GitHub/azure-rest-api-specs/specification/logic/resource-manager/Microsoft.Logic/stable/2019-05-01/examples/Workflows_ListByResourceGroup.json
[2025-01-18 21:28:46] [build-stdout] Extracting /mnt/c/GitHub/azure-rest-api-specs/specification/logic/resource-manager/Microsoft.Logic/stable/2019-05-01/examples/Workflows_ListBySubscription.json
[2025-01-18 21:28:46] [build-stdout] Done extracting /mnt/c/GitHub/azure-rest-api-specs/specification/logic/resource-manager/Microsoft.Logic/stable/2019-05-01/examples/WorkflowTriggers_SetState.json (132 ms)
[2025-01-18 21:28:46] [build-stdout] Extracting /mnt/c/GitHub/azure-rest-api-specs/specification/logic/resource-manager/Microsoft.Logic/stable/2019-05-01/examples/Workflows_ListCallbackUrl.json
[2025-01-18 21:28:46] [build-stdout] Done extracting /mnt/c/GitHub/azure-rest-api-specs/specification/logic/resource-manager/Microsoft.Logic/stable/2019-05-01/examples/WorkflowVersionTriggers_ListCallbackUrl.json (138 ms)
[2025-01-18 21:28:46] [build-stdout] Extracting /mnt/c/GitHub/azure-rest-api-specs/specification/logic/resource-manager/Microsoft.Logic/stable/2019-05-01/examples/Workflows_ListSwagger.json
[2025-01-18 21:28:46] [build-stdout] Done extracting /mnt/c/GitHub/azure-rest-api-specs/specification/logic/resource-manager/Microsoft.Logic/stable/2019-05-01/examples/Workflows_Enable.json (104 ms)
[2025-01-18 21:28:46] [build-stdout] Done extracting /mnt/c/GitHub/azure-rest-api-specs/specification/logic/resource-manager/Microsoft.Logic/stable/2019-05-01/examples/WorkflowVersions_List.json (130 ms)
[2025-01-18 21:28:46] [build-stdout] Done extracting /mnt/c/GitHub/azure-rest-api-specs/specification/logic/resource-manager/Microsoft.Logic/stable/2019-05-01/examples/WorkflowVersions_Get.json (150 ms)
[2025-01-18 21:28:46] [build-stdout] Extracting /mnt/c/GitHub/azure-rest-api-specs/specification/logic/resource-manager/Microsoft.Logic/stable/2019-05-01/examples/Workflows_Move.json
[2025-01-18 21:28:46] [build-stdout] Extracting /mnt/c/GitHub/azure-rest-api-specs/specification/logic/resource-manager/Microsoft.Logic/stable/2019-05-01/examples/Workflows_RegenerateAccessKey.json
[2025-01-18 21:28:46] [build-stdout] Extracting /mnt/c/GitHub/azure-rest-api-specs/specification/logic/resource-manager/Microsoft.Logic/stable/2019-05-01/examples/Workflows_Update.json
[2025-01-18 21:28:46] [build-stdout] Done extracting /mnt/c/GitHub/azure-rest-api-specs/specification/logic/resource-manager/Microsoft.Logic/stable/2019-05-01/examples/Workflows_Delete.json (136 ms)
[2025-01-18 21:28:46] [build-stdout] Extracting /mnt/c/GitHub/azure-rest-api-specs/specification/logic/resource-manager/Microsoft.Logic/stable/2019-05-01/examples/Workflows_ValidateByLocation.json
[2025-01-18 21:28:46] [build-stdout] Done extracting /mnt/c/GitHub/azure-rest-api-specs/specification/logic/resource-manager/Microsoft.Logic/stable/2019-05-01/examples/Workflows_CreateOrUpdate.json (157 ms)
[2025-01-18 21:28:46] [build-stdout] Extracting /mnt/c/GitHub/azure-rest-api-specs/specification/logic/resource-manager/Microsoft.Logic/stable/2019-05-01/examples/Workflows_ValidateByResourceGroup.json
[2025-01-18 21:28:46] [build-stdout] Done extracting /mnt/c/GitHub/azure-rest-api-specs/specification/logic/resource-manager/Microsoft.Logic/stable/2019-05-01/examples/Workflows_GenerateUpgradedDefinition.json (129 ms)
[2025-01-18 21:28:46] [build-stdout] Done extracting /mnt/c/GitHub/azure-rest-api-specs/specification/logic/resource-manager/Microsoft.Logic/stable/2019-05-01/examples/Workflows_ListSwagger.json (95 ms)
[2025-01-18 21:28:46] [build-stdout] Extracting /mnt/c/GitHub/azure-rest-api-specs/specification/logic/resource-manager/Microsoft.Logic/preview/2015-02-01-preview/logic.json
[2025-01-18 21:28:46] [build-stdout] Extracting /mnt/c/GitHub/azure-rest-api-specs/specification/logic/resource-manager/Microsoft.Logic/preview/2015-08-01-preview/logic.json
[2025-01-18 21:28:46] [build-stdout] Done extracting /mnt/c/GitHub/azure-rest-api-specs/specification/logic/resource-manager/Microsoft.Logic/stable/2019-05-01/examples/Workflows_Disable.json (162 ms)
[2025-01-18 21:28:46] [build-stdout] Done extracting /mnt/c/GitHub/azure-rest-api-specs/specification/logic/resource-manager/Microsoft.Logic/stable/2019-05-01/examples/Workflows_Get.json (140 ms)
[2025-01-18 21:28:46] [build-stdout] Done extracting /mnt/c/GitHub/azure-rest-api-specs/specification/logic/resource-manager/Microsoft.Logic/stable/2019-05-01/examples/Workflows_ListByResourceGroup.json (140 ms)
[2025-01-18 21:28:46] [build-stdout] Extracting /mnt/c/GitHub/azure-rest-api-specs/specification/logic/resource-manager/Microsoft.Logic/preview/2018-07-01-preview/logic.json
[2025-01-18 21:28:46] [build-stdout] Extracting /mnt/c/GitHub/azure-rest-api-specs/specification/logic/resource-manager/Microsoft.Logic/stable/2019-05-01/logic.json
[2025-01-18 21:28:46] [build-stdout] Done extracting /mnt/c/GitHub/azure-rest-api-specs/specification/logic/resource-manager/Microsoft.Logic/stable/2019-05-01/examples/Workflows_ListCallbackUrl.json (139 ms)
[2025-01-18 21:28:46] [build-stdout] Extracting /mnt/c/GitHub/azure-rest-api-specs/specification/logic/resource-manager/Microsoft.Logic/stable/2016-06-01/logic.json
[2025-01-18 21:28:46] [build-stdout] Done extracting /mnt/c/GitHub/azure-rest-api-specs/specification/logic/resource-manager/Microsoft.Logic/stable/2019-05-01/examples/Workflows_ListBySubscription.json (165 ms)
[2025-01-18 21:28:47] [build-stdout] Done extracting /mnt/c/GitHub/azure-rest-api-specs/specification/logic/resource-manager/Microsoft.Logic/stable/2019-05-01/examples/Workflows_ValidateByResourceGroup.json (114 ms)
[2025-01-18 21:28:47] [build-stdout] Done extracting /mnt/c/GitHub/azure-rest-api-specs/specification/logic/resource-manager/Microsoft.Logic/stable/2019-05-01/examples/Workflows_Update.json (132 ms)
[2025-01-18 21:28:47] [build-stdout] Done extracting /mnt/c/GitHub/azure-rest-api-specs/specification/logic/resource-manager/Microsoft.Logic/stable/2019-05-01/examples/Workflows_Move.json (138 ms)
[2025-01-18 21:28:47] [build-stdout] Done extracting /mnt/c/GitHub/azure-rest-api-specs/specification/logic/resource-manager/Microsoft.Logic/stable/2019-05-01/examples/Workflows_ValidateByLocation.json (132 ms)
[2025-01-18 21:28:47] [build-stdout] Done extracting /mnt/c/GitHub/azure-rest-api-specs/specification/logic/resource-manager/Microsoft.Logic/stable/2019-05-01/examples/Workflows_RegenerateAccessKey.json (157 ms)
[2025-01-18 21:28:47] [build-stdout] Done extracting /mnt/c/GitHub/azure-rest-api-specs/specification/logic/resource-manager/Microsoft.Logic/preview/2015-02-01-preview/logic.json (146 ms)
[2025-01-18 21:28:47] [build-stdout] Done extracting /mnt/c/GitHub/azure-rest-api-specs/specification/logic/resource-manager/Microsoft.Logic/preview/2015-08-01-preview/logic.json (160 ms)
[2025-01-18 21:28:47] [build-stdout] Done extracting /mnt/c/GitHub/azure-rest-api-specs/specification/logic/resource-manager/Microsoft.Logic/preview/2018-07-01-preview/logic.json (246 ms)
[2025-01-18 21:28:47] [build-stdout] Done extracting /mnt/c/GitHub/azure-rest-api-specs/specification/logic/resource-manager/Microsoft.Logic/stable/2016-06-01/logic.json (257 ms)
[2025-01-18 21:28:47] [build-stdout] Done extracting /mnt/c/GitHub/azure-rest-api-specs/specification/logic/resource-manager/Microsoft.Logic/stable/2019-05-01/logic.json (267 ms)
[2025-01-18 21:28:47] [build-stderr] Only found JavaScript or TypeScript files that were empty or contained syntax errors.
[2025-01-18 21:28:47] Plumbing command codeql database trace-command completed.
[2025-01-18 21:28:47] [PROGRESS] database create> Finalizing database at /mnt/c/GitHub/SpeQL/database/azure-api-db.
[2025-01-18 21:28:47] Running plumbing command: codeql database finalize --threads=12 --ram=8192 --no-db-cluster -- /mnt/c/GitHub/SpeQL/database/azure-api-db
[2025-01-18 21:28:47] [PROGRESS] database finalize> Running TRAP import for CodeQL database at /mnt/c/GitHub/SpeQL/database/azure-api-db...
[2025-01-18 21:28:47] Calling plumbing command: codeql resolve ram --ram=8192 --off-heap-ram=0 --format=json
[2025-01-18 21:28:47] Plumbing command codeql resolve ram completed:
                      [
                        "-J-Xmx6858M"
                      ]
[2025-01-18 21:28:47] Spawning plumbing command: dataset import -J-Xmx6858M --verbosity=progress --logdir=/mnt/c/GitHub/SpeQL/database/azure-api-db/log --dbscheme=/usr/local/codeql/javascript/semmlecode.javascript.dbscheme --threads=12 -- /mnt/c/GitHub/SpeQL/database/azure-api-db/db-javascript /mnt/c/GitHub/SpeQL/database/azure-api-db/trap/javascript
[2025-01-18 21:28:55] Plumbing command codeql dataset import terminated with status 0.
[2025-01-18 21:28:55] [PROGRESS] database finalize> TRAP import complete (8.6s).
[2025-01-18 21:28:55] Running plumbing command: codeql database cleanup -- /mnt/c/GitHub/SpeQL/database/azure-api-db
[2025-01-18 21:29:16] [PROGRESS] database cleanup> Cleaning up existing TRAP files after import...
[2025-01-18 21:29:16] [PROGRESS] database cleanup> TRAP files cleaned up (608ms).
[2025-01-18 21:29:16] [PROGRESS] database cleanup> Cleaning up scratch directory...
[2025-01-18 21:29:17] [PROGRESS] database cleanup> Scratch directory cleaned up (6ms).
[2025-01-18 21:29:17] Running plumbing command: codeql dataset cleanup -- /mnt/c/GitHub/SpeQL/database/azure-api-db/db-javascript
[2025-01-18 21:29:17] [PROGRESS] dataset cleanup> Cleaning up dataset in /mnt/c/GitHub/SpeQL/database/azure-api-db/db-javascript.
[2025-01-18 21:29:17] Trimming disk cache at /mnt/c/GitHub/SpeQL/database/azure-api-db/db-javascript/default/cache in mode trim.
[2025-01-18 21:29:17] Sequence stamp origin is -6092515231761539233
[2025-01-18 21:29:17] Pausing evaluation to quickly trim memory at sequence stamp o+0
[2025-01-18 21:29:17] Unpausing evaluation
[2025-01-18 21:29:17] Pausing evaluation to zealously trim disk at sequence stamp o+1
[2025-01-18 21:29:17] Unpausing evaluation
[2025-01-18 21:29:17] Trimming completed (18ms): Trimmed disposable data from cache.
[2025-01-18 21:29:17] Pausing evaluation to close the cache at sequence stamp o+2
[2025-01-18 21:29:17] The disk cache is freshly trimmed; leave it be.
[2025-01-18 21:29:17] Unpausing evaluation
[2025-01-18 21:29:17] [PROGRESS] dataset cleanup> Trimmed disposable data from cache.
[2025-01-18 21:29:17] [PROGRESS] dataset cleanup> Finalizing dataset in /mnt/c/GitHub/SpeQL/database/azure-api-db/db-javascript
[2025-01-18 21:29:17] [DETAILS] dataset cleanup> Finished deleting ID pool from /mnt/c/GitHub/SpeQL/database/azure-api-db/db-javascript (34ms).
[2025-01-18 21:29:17] Plumbing command codeql dataset cleanup completed.
[2025-01-18 21:29:17] Plumbing command codeql database cleanup completed with status 0.
[2025-01-18 21:29:17] [PROGRESS] database finalize> Finished zipping source archive (362.92 KiB).
[2025-01-18 21:29:17] Plumbing command codeql database finalize completed.
[2025-01-18 21:29:17] [PROGRESS] database create> Successfully created database at /mnt/c/GitHub/SpeQL/database/azure-api-db.
[2025-01-18 21:29:17] Terminating normally.
