[2025-01-18 21:40:49] This is codeql execute queries -J-Xmx1800M --off-heap-ram=1443 --verbosity=progress --logdir=/mnt/c/GitHub/SpeQL/database/azure-api-db/log --evaluator-log-level=5 --warnings=show --dynamic-join-order-mode=none --search-path=/mnt/c/GitHub/codeql --qlconfig-file=/usr/local/codeql/qlconfig.yml -- /mnt/c/GitHub/SpeQL/database/azure-api-db/db-javascript path:/mnt/c/GitHub/codeql/javascript/ql/src/queries/azure/azure-sas-uri-in-api-response.ql
[2025-01-18 21:40:49] Calling plumbing command: codeql resolve queries --search-path=/mnt/c/GitHub/codeql --qlconfig-file=/usr/local/codeql/qlconfig.yml --format=json -- path:/mnt/c/GitHub/codeql/javascript/ql/src/queries/azure/azure-sas-uri-in-api-response.ql
[2025-01-18 21:40:50] [PROGRESS] resolve queries> Recording pack reference codeql/javascript-queries at /mnt/c/GitHub/codeql/javascript/ql/src.
[2025-01-18 21:40:50] Plumbing command codeql resolve queries completed:
                      [
                        "/mnt/c/GitHub/codeql/javascript/ql/src/queries/azure/azure-sas-uri-in-api-response.ql"
                      ]
[2025-01-18 21:40:50] Creating executor with 1 threads.
[2025-01-18 21:40:50] Calling plumbing command: codeql resolve extensions --search-path=/mnt/c/GitHub/codeql --qlconfig-file=/usr/local/codeql/qlconfig.yml --include-extension-row-locations path:/mnt/c/GitHub/codeql/javascript/ql/src/queries/azure/azure-sas-uri-in-api-response.ql
[2025-01-18 21:40:50] Calling plumbing command: codeql resolve queries --search-path=/mnt/c/GitHub/codeql --qlconfig-file=/usr/local/codeql/qlconfig.yml --allow-library-packs --format startingpacks -- path:/mnt/c/GitHub/codeql/javascript/ql/src/queries/azure/azure-sas-uri-in-api-response.ql
[2025-01-18 21:40:50] [PROGRESS] resolve queries> Recording pack reference codeql/javascript-queries at /mnt/c/GitHub/codeql/javascript/ql/src.
[2025-01-18 21:40:50] Plumbing command codeql resolve queries completed:
                      [
                        "/mnt/c/GitHub/codeql/javascript/ql/src"
                      ]
[2025-01-18 21:40:50] Calling plumbing command: codeql resolve extensions-by-pack --search-path=/mnt/c/GitHub/codeql --qlconfig-file=/usr/local/codeql/qlconfig.yml --include-extension-row-locations -- /mnt/c/GitHub/codeql/javascript/ql/src
[2025-01-18 21:40:50] [SPAMMY] resolve extensions-by-pack> [INCOMPATIBILITY] codeql/javascript-queries: not <empty> [1.2.7-dev] {root: codeql/javascript-queries@1.2.7-dev}
[2025-01-18 21:40:50] [SPAMMY] resolve extensions-by-pack> [DERIVATION] codeql/javascript-queries: <empty> [1.2.7-dev] {codeql/javascript-queries: not <empty> [1.2.7-dev] {root: codeql/javascript-queries@1.2.7-dev}}
[2025-01-18 21:40:53] [SPAMMY] resolve extensions-by-pack> [INCOMPATIBILITY] codeql/javascript-queries: * [*], codeql/javascript-all: not * [*] {dependency: codeql/javascript-queries@* [*] requires codeql/javascript-all@2.2.2-dev}
[2025-01-18 21:40:53] [SPAMMY] resolve extensions-by-pack> [INCOMPATIBILITY] codeql/javascript-queries: * [*], codeql/suite-helpers: not * [*] {dependency: codeql/javascript-queries@* [*] requires codeql/suite-helpers@1.0.15-dev}
[2025-01-18 21:40:53] [SPAMMY] resolve extensions-by-pack> [INCOMPATIBILITY] codeql/javascript-queries: * [*], codeql/typos: not * [*] {dependency: codeql/javascript-queries@* [*] requires codeql/typos@1.0.15-dev}
[2025-01-18 21:40:53] [SPAMMY] resolve extensions-by-pack> [INCOMPATIBILITY] codeql/javascript-queries: * [*], codeql/util: not * [*] {dependency: codeql/javascript-queries@* [*] requires codeql/util@2.0.2-dev}
[2025-01-18 21:40:53] [SPAMMY] resolve extensions-by-pack> [DECISION 1] codeql/javascript-queries: 1.2.7-dev
[2025-01-18 21:40:53] [SPAMMY] resolve extensions-by-pack> [DERIVATION] codeql/util: * [*] {codeql/javascript-queries: * [*], codeql/util: not * [*] {dependency: codeql/javascript-queries@* [*] requires codeql/util@2.0.2-dev}}
[2025-01-18 21:40:53] [SPAMMY] resolve extensions-by-pack> [DERIVATION] codeql/typos: * [*] {codeql/javascript-queries: * [*], codeql/typos: not * [*] {dependency: codeql/javascript-queries@* [*] requires codeql/typos@1.0.15-dev}}
[2025-01-18 21:40:53] [SPAMMY] resolve extensions-by-pack> [DERIVATION] codeql/suite-helpers: * [*] {codeql/javascript-queries: * [*], codeql/suite-helpers: not * [*] {dependency: codeql/javascript-queries@* [*] requires codeql/suite-helpers@1.0.15-dev}}
[2025-01-18 21:40:53] [SPAMMY] resolve extensions-by-pack> [DERIVATION] codeql/javascript-all: * [*] {codeql/javascript-queries: * [*], codeql/javascript-all: not * [*] {dependency: codeql/javascript-queries@* [*] requires codeql/javascript-all@2.2.2-dev}}
[2025-01-18 21:40:53] [SPAMMY] resolve extensions-by-pack> [INCOMPATIBILITY] codeql/javascript-all: * [*], codeql/dataflow: not * [*] {dependency: codeql/javascript-all@* [*] requires codeql/dataflow@1.1.9-dev}
[2025-01-18 21:40:53] [SPAMMY] resolve extensions-by-pack> [INCOMPATIBILITY] codeql/javascript-all: * [*], codeql/mad: not * [*] {dependency: codeql/javascript-all@* [*] requires codeql/mad@1.0.15-dev}
[2025-01-18 21:40:53] [SPAMMY] resolve extensions-by-pack> [INCOMPATIBILITY] codeql/javascript-all: * [*], codeql/regex: not * [*] {dependency: codeql/javascript-all@* [*] requires codeql/regex@1.0.15-dev}
[2025-01-18 21:40:53] [SPAMMY] resolve extensions-by-pack> [INCOMPATIBILITY] codeql/javascript-all: * [*], codeql/ssa: not * [*] {dependency: codeql/javascript-all@* [*] requires codeql/ssa@1.0.15-dev}
[2025-01-18 21:40:53] [SPAMMY] resolve extensions-by-pack> [INCOMPATIBILITY] codeql/javascript-all: * [*], codeql/threat-models: not * [*] {dependency: codeql/javascript-all@* [*] requires codeql/threat-models@1.0.15-dev}
[2025-01-18 21:40:53] [SPAMMY] resolve extensions-by-pack> [INCOMPATIBILITY] codeql/javascript-all: * [*], codeql/tutorial: not * [*] {dependency: codeql/javascript-all@* [*] requires codeql/tutorial@1.0.15-dev}
[2025-01-18 21:40:53] [SPAMMY] resolve extensions-by-pack> [INCOMPATIBILITY] codeql/javascript-all: * [*], codeql/typetracking: not * [*] {dependency: codeql/javascript-all@* [*] requires codeql/typetracking@1.0.15-dev}
[2025-01-18 21:40:53] [SPAMMY] resolve extensions-by-pack> [INCOMPATIBILITY] codeql/javascript-all: * [*], codeql/util: not * [*] {dependency: codeql/javascript-all@* [*] requires codeql/util@2.0.2-dev}
[2025-01-18 21:40:53] [SPAMMY] resolve extensions-by-pack> [INCOMPATIBILITY] codeql/javascript-all: * [*], codeql/xml: not * [*] {dependency: codeql/javascript-all@* [*] requires codeql/xml@1.0.15-dev}
[2025-01-18 21:40:53] [SPAMMY] resolve extensions-by-pack> [INCOMPATIBILITY] codeql/javascript-all: * [*], codeql/yaml: not * [*] {dependency: codeql/javascript-all@* [*] requires codeql/yaml@1.0.15-dev}
[2025-01-18 21:40:53] [SPAMMY] resolve extensions-by-pack> [DECISION 2] codeql/javascript-all: 2.2.2-dev
[2025-01-18 21:40:53] [SPAMMY] resolve extensions-by-pack> [DERIVATION] codeql/yaml: * [*] {codeql/javascript-all: * [*], codeql/yaml: not * [*] {dependency: codeql/javascript-all@* [*] requires codeql/yaml@1.0.15-dev}}
[2025-01-18 21:40:53] [SPAMMY] resolve extensions-by-pack> [DERIVATION] codeql/xml: * [*] {codeql/javascript-all: * [*], codeql/xml: not * [*] {dependency: codeql/javascript-all@* [*] requires codeql/xml@1.0.15-dev}}
[2025-01-18 21:40:53] [SPAMMY] resolve extensions-by-pack> [DERIVATION] codeql/typetracking: * [*] {codeql/javascript-all: * [*], codeql/typetracking: not * [*] {dependency: codeql/javascript-all@* [*] requires codeql/typetracking@1.0.15-dev}}
[2025-01-18 21:40:53] [SPAMMY] resolve extensions-by-pack> [DERIVATION] codeql/tutorial: * [*] {codeql/javascript-all: * [*], codeql/tutorial: not * [*] {dependency: codeql/javascript-all@* [*] requires codeql/tutorial@1.0.15-dev}}
[2025-01-18 21:40:53] [SPAMMY] resolve extensions-by-pack> [DERIVATION] codeql/threat-models: * [*] {codeql/javascript-all: * [*], codeql/threat-models: not * [*] {dependency: codeql/javascript-all@* [*] requires codeql/threat-models@1.0.15-dev}}
[2025-01-18 21:40:53] [SPAMMY] resolve extensions-by-pack> [DERIVATION] codeql/ssa: * [*] {codeql/javascript-all: * [*], codeql/ssa: not * [*] {dependency: codeql/javascript-all@* [*] requires codeql/ssa@1.0.15-dev}}
[2025-01-18 21:40:53] [SPAMMY] resolve extensions-by-pack> [DERIVATION] codeql/regex: * [*] {codeql/javascript-all: * [*], codeql/regex: not * [*] {dependency: codeql/javascript-all@* [*] requires codeql/regex@1.0.15-dev}}
[2025-01-18 21:40:53] [SPAMMY] resolve extensions-by-pack> [DERIVATION] codeql/mad: * [*] {codeql/javascript-all: * [*], codeql/mad: not * [*] {dependency: codeql/javascript-all@* [*] requires codeql/mad@1.0.15-dev}}
[2025-01-18 21:40:53] [SPAMMY] resolve extensions-by-pack> [DERIVATION] codeql/dataflow: * [*] {codeql/javascript-all: * [*], codeql/dataflow: not * [*] {dependency: codeql/javascript-all@* [*] requires codeql/dataflow@1.1.9-dev}}
[2025-01-18 21:40:53] [SPAMMY] resolve extensions-by-pack> [INCOMPATIBILITY] codeql/dataflow: * [*], codeql/ssa: not * [*] {dependency: codeql/dataflow@* [*] requires codeql/ssa@1.0.15-dev}
[2025-01-18 21:40:53] [SPAMMY] resolve extensions-by-pack> [INCOMPATIBILITY] codeql/dataflow: * [*], codeql/typetracking: not * [*] {dependency: codeql/dataflow@* [*] requires codeql/typetracking@1.0.15-dev}
[2025-01-18 21:40:53] [SPAMMY] resolve extensions-by-pack> [INCOMPATIBILITY] codeql/dataflow: * [*], codeql/util: not * [*] {dependency: codeql/dataflow@* [*] requires codeql/util@2.0.2-dev}
[2025-01-18 21:40:53] [SPAMMY] resolve extensions-by-pack> [DECISION 3] codeql/dataflow: 1.1.9-dev
[2025-01-18 21:40:53] [SPAMMY] resolve extensions-by-pack> [INCOMPATIBILITY] codeql/mad: * [*], codeql/dataflow: not * [*] {dependency: codeql/mad@* [*] requires codeql/dataflow@1.1.9-dev}
[2025-01-18 21:40:53] [SPAMMY] resolve extensions-by-pack> [INCOMPATIBILITY] codeql/mad: * [*], codeql/util: not * [*] {dependency: codeql/mad@* [*] requires codeql/util@2.0.2-dev}
[2025-01-18 21:40:53] [SPAMMY] resolve extensions-by-pack> [DECISION 4] codeql/mad: 1.0.15-dev
[2025-01-18 21:40:53] [SPAMMY] resolve extensions-by-pack> [INCOMPATIBILITY] codeql/regex: * [*], codeql/util: not * [*] {dependency: codeql/regex@* [*] requires codeql/util@2.0.2-dev}
[2025-01-18 21:40:53] [SPAMMY] resolve extensions-by-pack> [DECISION 5] codeql/regex: 1.0.15-dev
[2025-01-18 21:40:53] [SPAMMY] resolve extensions-by-pack> [INCOMPATIBILITY] codeql/ssa: * [*], codeql/util: not * [*] {dependency: codeql/ssa@* [*] requires codeql/util@2.0.2-dev}
[2025-01-18 21:40:53] [SPAMMY] resolve extensions-by-pack> [DECISION 6] codeql/ssa: 1.0.15-dev
[2025-01-18 21:40:53] [SPAMMY] resolve extensions-by-pack> [DECISION 7] codeql/suite-helpers: 1.0.15-dev
[2025-01-18 21:40:53] [SPAMMY] resolve extensions-by-pack> [DECISION 8] codeql/threat-models: 1.0.15-dev
[2025-01-18 21:40:53] [SPAMMY] resolve extensions-by-pack> [DECISION 9] codeql/tutorial: 1.0.15-dev
[2025-01-18 21:40:53] [SPAMMY] resolve extensions-by-pack> [INCOMPATIBILITY] codeql/typetracking: * [*], codeql/util: not * [*] {dependency: codeql/typetracking@* [*] requires codeql/util@2.0.2-dev}
[2025-01-18 21:40:53] [SPAMMY] resolve extensions-by-pack> [DECISION 10] codeql/typetracking: 1.0.15-dev
[2025-01-18 21:40:53] [SPAMMY] resolve extensions-by-pack> [DECISION 11] codeql/typos: 1.0.15-dev
[2025-01-18 21:40:53] [SPAMMY] resolve extensions-by-pack> [DECISION 12] codeql/util: 2.0.2-dev
[2025-01-18 21:40:53] [SPAMMY] resolve extensions-by-pack> [INCOMPATIBILITY] codeql/xml: * [*], codeql/util: not * [*] {dependency: codeql/xml@* [*] requires codeql/util@2.0.2-dev}
[2025-01-18 21:40:53] [SPAMMY] resolve extensions-by-pack> [DECISION 13] codeql/xml: 1.0.15-dev
[2025-01-18 21:40:53] [SPAMMY] resolve extensions-by-pack> [DECISION 14] codeql/yaml: 1.0.15-dev
[2025-01-18 21:40:53] [PROGRESS] resolve extensions-by-pack> Loading data extensions in /mnt/c/GitHub/codeql/javascript/ql/lib/ext/default-threat-models-fixup.model.yml.
[2025-01-18 21:40:53] [DETAILS] resolve extensions-by-pack>   Found extension targeting codeql/threat-models:threatModelConfiguration: 1 tuples.
[2025-01-18 21:40:53] Calling plumbing command: codeql generate extensible-predicate-metadata /mnt/c/GitHub/codeql/shared/threat-models
[2025-01-18 21:40:54] Calling plumbing command: codeql pack packlist /mnt/c/GitHub/codeql/shared/threat-models --format=json
[2025-01-18 21:40:54] Calling plumbing command: codeql resolve files --include=**/*.qll --include=**/*.dbscheme --include=**/*.dbscheme.stats --include=**/*.md --include=**/*.qls --include=**/*.qlref --include=**/*.yml --include=**/*.yaml --include=**/upgrade.properties --include=**/*.ql --include=!**/.* --include=!**/qlpack.auth.yml --include=!**/qlconfig.yml --include=!codeql-pack.lock.yml --include=!qlpack.lock.yml --include=!codeql-pack.release.yml --include=!change-notes --include=!**/*.qhelp --include=codeql-pack.yml --include=qlpack.yml --include=LICENSE --include=README.md --include=CHANGELOG.md --include=!**/*.qlx --include=ext/*.model.yml /mnt/c/GitHub/codeql/shared/threat-models --format=json
[2025-01-18 21:40:54] [PROGRESS] resolve files> Scanning /mnt/c/GitHub/codeql/shared/threat-models...
[2025-01-18 21:40:54] [PROGRESS] resolve files> Scanning /mnt/c/GitHub/codeql/shared/threat-models/codeql...
[2025-01-18 21:40:54] [PROGRESS] resolve files> Scanning /mnt/c/GitHub/codeql/shared/threat-models/codeql/threatmodels...
[2025-01-18 21:40:54] [PROGRESS] resolve files> Scanning /mnt/c/GitHub/codeql/shared/threat-models/ext...
[2025-01-18 21:40:54] Plumbing command codeql resolve files completed:
                      [
                        "/mnt/c/GitHub/codeql/shared/threat-models/CHANGELOG.md",
                        "/mnt/c/GitHub/codeql/shared/threat-models/codeql/threatmodels/ThreatModels.qll",
                        "/mnt/c/GitHub/codeql/shared/threat-models/ext/supported-threat-models.model.yml",
                        "/mnt/c/GitHub/codeql/shared/threat-models/ext/threat-model-grouping.model.yml",
                        "/mnt/c/GitHub/codeql/shared/threat-models/qlpack.yml"
                      ]
[2025-01-18 21:40:54] Plumbing command codeql pack packlist completed:
                      {
                        "paths" : [
                          "/mnt/c/GitHub/codeql/shared/threat-models/CHANGELOG.md",
                          "/mnt/c/GitHub/codeql/shared/threat-models/codeql/threatmodels/ThreatModels.qll",
                          "/mnt/c/GitHub/codeql/shared/threat-models/ext/supported-threat-models.model.yml",
                          "/mnt/c/GitHub/codeql/shared/threat-models/ext/threat-model-grouping.model.yml",
                          "/mnt/c/GitHub/codeql/shared/threat-models/qlpack.yml"
                        ]
                      }
[2025-01-18 21:40:54] Plumbing command codeql generate extensible-predicate-metadata completed:
                      {
                        "extensible_predicates" : [
                          {
                            "name" : "threatModelConfiguration",
                            "parameters" : [
                              {
                                "name" : "kind",
                                "type" : "string"
                              },
                              {
                                "name" : "enable",
                                "type" : "boolean"
                              },
                              {
                                "name" : "priority",
                                "type" : "int"
                              }
                            ],
                            "has_origin" : false,
                            "path" : "codeql/threatmodels/ThreatModels.qll",
                            "start_line" : 24,
                            "start_column" : 1,
                            "end_line" : 24,
                            "end_column" : 90
                          },
                          {
                            "name" : "threatModelGrouping",
                            "parameters" : [
                              {
                                "name" : "kind",
                                "type" : "string"
                              },
                              {
                                "name" : "group",
                                "type" : "string"
                              }
                            ],
                            "has_origin" : false,
                            "path" : "codeql/threatmodels/ThreatModels.qll",
                            "start_line" : 29,
                            "start_column" : 1,
                            "end_line" : 29,
                            "end_column" : 77
                          }
                        ]
                      }
[2025-01-18 21:40:54] [PROGRESS] resolve extensions-by-pack> Loading data extensions in /mnt/c/GitHub/codeql/javascript/ql/lib/semmle/javascript/frameworks/NoSQL.model.yml.
[2025-01-18 21:40:54] [DETAILS] resolve extensions-by-pack>   Found extension targeting codeql/javascript-all:typeModel: 4 tuples.
[2025-01-18 21:40:54] Calling plumbing command: codeql generate extensible-predicate-metadata /mnt/c/GitHub/codeql/javascript/ql/lib
[2025-01-18 21:40:54] Calling plumbing command: codeql pack packlist /mnt/c/GitHub/codeql/javascript/ql/lib --format=json
[2025-01-18 21:40:55] Calling plumbing command: codeql resolve files --include=**/*.qll --include=**/*.dbscheme --include=**/*.dbscheme.stats --include=**/*.md --include=**/*.qls --include=**/*.qlref --include=**/*.yml --include=**/*.yaml --include=**/upgrade.properties --include=**/*.ql --include=!**/.* --include=!**/qlpack.auth.yml --include=!**/qlconfig.yml --include=!codeql-pack.lock.yml --include=!qlpack.lock.yml --include=!codeql-pack.release.yml --include=!change-notes --include=!**/*.qhelp --include=codeql-pack.yml --include=qlpack.yml --include=LICENSE --include=README.md --include=CHANGELOG.md --include=!**/*.qlx --include=semmle/javascript/frameworks/**/model.yml --include=semmle/javascript/frameworks/**/*.model.yml --include=semmle/javascript/security/domains/**/*.model.yml --include=ext/*.model.yml /mnt/c/GitHub/codeql/javascript/ql/lib --format=json
[2025-01-18 21:40:55] [PROGRESS] resolve files> Scanning /mnt/c/GitHub/codeql/javascript/ql/lib...
[2025-01-18 21:40:55] [PROGRESS] resolve files> Scanning /mnt/c/GitHub/codeql/javascript/ql/lib/Declarations...
[2025-01-18 21:40:55] [PROGRESS] resolve files> Scanning /mnt/c/GitHub/codeql/javascript/ql/lib/Expressions...
[2025-01-18 21:40:55] [PROGRESS] resolve files> Scanning /mnt/c/GitHub/codeql/javascript/ql/lib/ext...
[2025-01-18 21:40:55] [PROGRESS] resolve files> Scanning /mnt/c/GitHub/codeql/javascript/ql/lib/external...
[2025-01-18 21:40:55] [PROGRESS] resolve files> Scanning /mnt/c/GitHub/codeql/javascript/ql/lib/LanguageFeatures...
[2025-01-18 21:40:55] [PROGRESS] resolve files> Scanning /mnt/c/GitHub/codeql/javascript/ql/lib/semmle...
[2025-01-18 21:40:55] [PROGRESS] resolve files> Scanning /mnt/c/GitHub/codeql/javascript/ql/lib/semmle/files...
[2025-01-18 21:40:55] [PROGRESS] resolve files> Scanning /mnt/c/GitHub/codeql/javascript/ql/lib/semmle/javascript...
[2025-01-18 21:40:55] [PROGRESS] resolve files> Scanning /mnt/c/GitHub/codeql/javascript/ql/lib/semmle/javascript/dataflow...
[2025-01-18 21:40:55] [PROGRESS] resolve files> Scanning /mnt/c/GitHub/codeql/javascript/ql/lib/semmle/javascript/dataflow/internal...
[2025-01-18 21:40:55] [PROGRESS] resolve files> Scanning /mnt/c/GitHub/codeql/javascript/ql/lib/semmle/javascript/dataflow/internal/sharedlib...
[2025-01-18 21:40:55] [PROGRESS] resolve files> Scanning /mnt/c/GitHub/codeql/javascript/ql/lib/semmle/javascript/dependencies...
[2025-01-18 21:40:55] [PROGRESS] resolve files> Scanning /mnt/c/GitHub/codeql/javascript/ql/lib/semmle/javascript/endpoints...
[2025-01-18 21:40:55] [PROGRESS] resolve files> Scanning /mnt/c/GitHub/codeql/javascript/ql/lib/semmle/javascript/explore...
[2025-01-18 21:40:55] [PROGRESS] resolve files> Scanning /mnt/c/GitHub/codeql/javascript/ql/lib/semmle/javascript/filters...
[2025-01-18 21:40:55] [PROGRESS] resolve files> Scanning /mnt/c/GitHub/codeql/javascript/ql/lib/semmle/javascript/frameworks...
[2025-01-18 21:40:55] [PROGRESS] resolve files> Scanning /mnt/c/GitHub/codeql/javascript/ql/lib/semmle/javascript/frameworks/AngularJS...
[2025-01-18 21:40:55] [PROGRESS] resolve files> Scanning /mnt/c/GitHub/codeql/javascript/ql/lib/semmle/javascript/frameworks/data...
[2025-01-18 21:40:55] [PROGRESS] resolve files> Scanning /mnt/c/GitHub/codeql/javascript/ql/lib/semmle/javascript/frameworks/data/internal...
[2025-01-18 21:40:55] [PROGRESS] resolve files> Scanning /mnt/c/GitHub/codeql/javascript/ql/lib/semmle/javascript/frameworks/helmet...
[2025-01-18 21:40:55] [PROGRESS] resolve files> Scanning /mnt/c/GitHub/codeql/javascript/ql/lib/semmle/javascript/frameworks/minimongo...
[2025-01-18 21:40:55] [PROGRESS] resolve files> Scanning /mnt/c/GitHub/codeql/javascript/ql/lib/semmle/javascript/frameworks/mongodb...
[2025-01-18 21:40:55] [PROGRESS] resolve files> Scanning /mnt/c/GitHub/codeql/javascript/ql/lib/semmle/javascript/frameworks/mssql...
[2025-01-18 21:40:55] [PROGRESS] resolve files> Scanning /mnt/c/GitHub/codeql/javascript/ql/lib/semmle/javascript/frameworks/mysql...
[2025-01-18 21:40:55] [PROGRESS] resolve files> Scanning /mnt/c/GitHub/codeql/javascript/ql/lib/semmle/javascript/frameworks/pg...
[2025-01-18 21:40:55] [PROGRESS] resolve files> Scanning /mnt/c/GitHub/codeql/javascript/ql/lib/semmle/javascript/frameworks/sequelize...
[2025-01-18 21:40:55] [PROGRESS] resolve files> Scanning /mnt/c/GitHub/codeql/javascript/ql/lib/semmle/javascript/frameworks/spanner...
[2025-01-18 21:40:55] [PROGRESS] resolve files> Scanning /mnt/c/GitHub/codeql/javascript/ql/lib/semmle/javascript/frameworks/sqlite3...
[2025-01-18 21:40:55] [PROGRESS] resolve files> Scanning /mnt/c/GitHub/codeql/javascript/ql/lib/semmle/javascript/heuristics...
[2025-01-18 21:40:55] [PROGRESS] resolve files> Scanning /mnt/c/GitHub/codeql/javascript/ql/lib/semmle/javascript/internal...
[2025-01-18 21:40:55] [PROGRESS] resolve files> Scanning /mnt/c/GitHub/codeql/javascript/ql/lib/semmle/javascript/internal/flow_summaries...
[2025-01-18 21:40:55] [PROGRESS] resolve files> Scanning /mnt/c/GitHub/codeql/javascript/ql/lib/semmle/javascript/linters...
[2025-01-18 21:40:55] [PROGRESS] resolve files> Scanning /mnt/c/GitHub/codeql/javascript/ql/lib/semmle/javascript/meta...
[2025-01-18 21:40:55] [PROGRESS] resolve files> Scanning /mnt/c/GitHub/codeql/javascript/ql/lib/semmle/javascript/security...
[2025-01-18 21:40:55] [PROGRESS] resolve files> Scanning /mnt/c/GitHub/codeql/javascript/ql/lib/semmle/javascript/security/dataflow...
[2025-01-18 21:40:55] [PROGRESS] resolve files> Scanning /mnt/c/GitHub/codeql/javascript/ql/lib/semmle/javascript/security/domains...
[2025-01-18 21:40:55] [PROGRESS] resolve files> Scanning /mnt/c/GitHub/codeql/javascript/ql/lib/semmle/javascript/security/domains/compromised...
[2025-01-18 21:40:55] [PROGRESS] resolve files> Scanning /mnt/c/GitHub/codeql/javascript/ql/lib/semmle/javascript/security/domains/IntegrityCheckingRequired...
[2025-01-18 21:40:55] [PROGRESS] resolve files> Scanning /mnt/c/GitHub/codeql/javascript/ql/lib/semmle/javascript/security/domains/untrusted...
[2025-01-18 21:40:55] [PROGRESS] resolve files> Scanning /mnt/c/GitHub/codeql/javascript/ql/lib/semmle/javascript/security/internal...
[2025-01-18 21:40:55] [PROGRESS] resolve files> Scanning /mnt/c/GitHub/codeql/javascript/ql/lib/semmle/javascript/security/regexp...
[2025-01-18 21:40:55] [PROGRESS] resolve files> Scanning /mnt/c/GitHub/codeql/javascript/ql/lib/upgrades...
[2025-01-18 21:40:55] [PROGRESS] resolve files> Scanning /mnt/c/GitHub/codeql/javascript/ql/lib/upgrades/03c078a7e6eec294f1457b3d20f9fec4427cb4af...
[2025-01-18 21:40:55] [PROGRESS] resolve files> Scanning /mnt/c/GitHub/codeql/javascript/ql/lib/upgrades/2dc7a0389827d235763a3748aba73c2d4a677b15...
[2025-01-18 21:40:55] [PROGRESS] resolve files> Scanning /mnt/c/GitHub/codeql/javascript/ql/lib/upgrades/480c0c6f68fac1441d25defa4562f61a5f968d11...
[2025-01-18 21:40:55] [PROGRESS] resolve files> Scanning /mnt/c/GitHub/codeql/javascript/ql/lib/upgrades/4d00210ca570d55c4833af11d3372b774dbc63f2...
[2025-01-18 21:40:55] [PROGRESS] resolve files> Scanning /mnt/c/GitHub/codeql/javascript/ql/lib/upgrades/4d64c2a745b5b200af1d3db2958c255032692be9...
[2025-01-18 21:40:55] [PROGRESS] resolve files> Scanning /mnt/c/GitHub/codeql/javascript/ql/lib/upgrades/4e26462d907d2cfb7ec8a08f8ccdf40732038ef8...
[2025-01-18 21:40:55] [PROGRESS] resolve files> Scanning /mnt/c/GitHub/codeql/javascript/ql/lib/upgrades/4f136cb93608918a866f46bfe75fd7138f20bd5e...
[2025-01-18 21:40:55] [PROGRESS] resolve files> Scanning /mnt/c/GitHub/codeql/javascript/ql/lib/upgrades/56b74a6808d3fe01835d454c25ea8dc3da1a8fdf...
[2025-01-18 21:40:55] [PROGRESS] resolve files> Scanning /mnt/c/GitHub/codeql/javascript/ql/lib/upgrades/5a5adbf98dce747760ad1b8d0b9d27b53934e17c...
[2025-01-18 21:40:55] [PROGRESS] resolve files> Scanning /mnt/c/GitHub/codeql/javascript/ql/lib/upgrades/6486c78671c40e4dc07932d806366f09051bb399...
[2025-01-18 21:40:55] [PROGRESS] resolve files> Scanning /mnt/c/GitHub/codeql/javascript/ql/lib/upgrades/64ea4d71964ad03f6604cf49f4869163dacbab66...
[2025-01-18 21:40:55] [PROGRESS] resolve files> Scanning /mnt/c/GitHub/codeql/javascript/ql/lib/upgrades/7eead88269b20e9d61f61cd2291affb737dc831e...
[2025-01-18 21:40:55] [PROGRESS] resolve files> Scanning /mnt/c/GitHub/codeql/javascript/ql/lib/upgrades/81e6619c681f7844e8ddc38db102e75b428c830c...
[2025-01-18 21:40:55] [PROGRESS] resolve files> Scanning /mnt/c/GitHub/codeql/javascript/ql/lib/upgrades/8320e9d13aad4f77a4348e744b55024e785bfcdf...
[2025-01-18 21:40:55] [PROGRESS] resolve files> Scanning /mnt/c/GitHub/codeql/javascript/ql/lib/upgrades/874ebfcd4d2fd346c10ebec145466d9071d78606...
[2025-01-18 21:40:55] [PROGRESS] resolve files> Scanning /mnt/c/GitHub/codeql/javascript/ql/lib/upgrades/8accf0f930bcb8b42d69fd7ef7b4372604f551ed...
[2025-01-18 21:40:55] [PROGRESS] resolve files> Scanning /mnt/c/GitHub/codeql/javascript/ql/lib/upgrades/930898a4fe07cb48de46800904922ca118b31e50...
[2025-01-18 21:40:55] [PROGRESS] resolve files> Scanning /mnt/c/GitHub/codeql/javascript/ql/lib/upgrades/96b0a386b6fb8da2b5f2514f26154a10c906f9c5...
[2025-01-18 21:40:55] [PROGRESS] resolve files> Scanning /mnt/c/GitHub/codeql/javascript/ql/lib/upgrades/9a70dfc47d84e32ee3758371acb55ab3f905abdc...
[2025-01-18 21:40:55] [PROGRESS] resolve files> Scanning /mnt/c/GitHub/codeql/javascript/ql/lib/upgrades/9ca3692b65fd8d751431861d1a25c57f3e61d15b...
[2025-01-18 21:40:55] [PROGRESS] resolve files> Scanning /mnt/c/GitHub/codeql/javascript/ql/lib/upgrades/ab0dab3b55b386f366e9904e10139edebca0495c...
[2025-01-18 21:40:55] [PROGRESS] resolve files> Scanning /mnt/c/GitHub/codeql/javascript/ql/lib/upgrades/b9202b62ec8a0304316515941cb45646c6dd6fdd...
[2025-01-18 21:40:55] [PROGRESS] resolve files> Scanning /mnt/c/GitHub/codeql/javascript/ql/lib/upgrades/c0664d5721c90dd32a5b167efea24f9cc6f57cfb...
[2025-01-18 21:40:56] [PROGRESS] resolve files> Scanning /mnt/c/GitHub/codeql/javascript/ql/lib/upgrades/c1ee5346e068f6e0b687e75b4ba3f04a7382f4c4...
[2025-01-18 21:40:56] [PROGRESS] resolve files> Scanning /mnt/c/GitHub/codeql/javascript/ql/lib/upgrades/c73fbfca57f3d593b9ff50c6aa3a886d6888efec...
[2025-01-18 21:40:56] [PROGRESS] resolve files> Scanning /mnt/c/GitHub/codeql/javascript/ql/lib/upgrades/c8859f3725d4b070a877f8792214582d517c8a9b...
[2025-01-18 21:40:56] [PROGRESS] resolve files> Scanning /mnt/c/GitHub/codeql/javascript/ql/lib/upgrades/dad09eeeff5cf8c9c2b674d5053c63ab44e091df...
[2025-01-18 21:40:56] [PROGRESS] resolve files> Scanning /mnt/c/GitHub/codeql/javascript/ql/lib/upgrades/e2173e83ac503be4d7c18472a2d7ce636724510c...
[2025-01-18 21:40:56] [PROGRESS] resolve files> Scanning /mnt/c/GitHub/codeql/javascript/ql/lib/upgrades/e34b3e16dba5d11961119818c9beeff334f20a90...
[2025-01-18 21:40:56] [PROGRESS] resolve files> Scanning /mnt/c/GitHub/codeql/javascript/ql/lib/upgrades/e54b35a8a129ebcf246cd4e834935f929b54aa04...
[2025-01-18 21:40:56] [PROGRESS] resolve files> Scanning /mnt/c/GitHub/codeql/javascript/ql/lib/upgrades/eee0408097f0b1572b871ee7cc0ecad1aaa795e7...
[2025-01-18 21:40:56] [PROGRESS] resolve files> Scanning /mnt/c/GitHub/codeql/javascript/ql/lib/upgrades/eee08932d5217772961acb1bd1841cc5bb9df91b...
[2025-01-18 21:40:56] [PROGRESS] resolve files> Scanning /mnt/c/GitHub/codeql/javascript/ql/lib/upgrades/fbd45f6b3c6f79d732d0e30a92ea5cee438a1a3e...
[2025-01-18 21:40:56] [PROGRESS] resolve files> Scanning /mnt/c/GitHub/codeql/javascript/ql/lib/upgrades/initial...
[2025-01-18 21:40:56] [PROGRESS] resolve files> Scanning /mnt/c/GitHub/codeql/javascript/ql/lib/utils...
[2025-01-18 21:40:56] [PROGRESS] resolve files> Scanning /mnt/c/GitHub/codeql/javascript/ql/lib/utils/test...
[2025-01-18 21:40:56] [PROGRESS] resolve files> Scanning /mnt/c/GitHub/codeql/javascript/ql/lib/utils/test/internal...
[2025-01-18 21:40:56] Plumbing command codeql resolve files completed:
                      [
                        "/mnt/c/GitHub/codeql/javascript/ql/lib/CHANGELOG.md",
                        "/mnt/c/GitHub/codeql/javascript/ql/lib/Customizations.qll",
                        "/mnt/c/GitHub/codeql/javascript/ql/lib/Declarations/Declarations.qll",
                        "/mnt/c/GitHub/codeql/javascript/ql/lib/Declarations/UnusedVariable.qll",
                        "/mnt/c/GitHub/codeql/javascript/ql/lib/Expressions/DOMProperties.qll",
                        "/mnt/c/GitHub/codeql/javascript/ql/lib/Expressions/ExprHasNoEffect.qll",
                        "/mnt/c/GitHub/codeql/javascript/ql/lib/IDEContextual.qll",
                        "/mnt/c/GitHub/codeql/javascript/ql/lib/LanguageFeatures/UnusedIndexVariable.qll",
                        "/mnt/c/GitHub/codeql/javascript/ql/lib/default.qll",
                        "/mnt/c/GitHub/codeql/javascript/ql/lib/definitions.qll",
                        "/mnt/c/GitHub/codeql/javascript/ql/lib/ext/default-threat-models-fixup.model.yml",
                        "/mnt/c/GitHub/codeql/javascript/ql/lib/external/ExternalArtifact.qll",
                        "/mnt/c/GitHub/codeql/javascript/ql/lib/javascript.qll",
                        "/mnt/c/GitHub/codeql/javascript/ql/lib/localDefinitions.ql",
                        "/mnt/c/GitHub/codeql/javascript/ql/lib/localReferences.ql",
                        "/mnt/c/GitHub/codeql/javascript/ql/lib/printAst.ql",
                        "/mnt/c/GitHub/codeql/javascript/ql/lib/qlpack.yml",
                        "/mnt/c/GitHub/codeql/javascript/ql/lib/semmle/files/FileSystem.qll",
                        "/mnt/c/GitHub/codeql/javascript/ql/lib/semmle/javascript/AMD.qll",
                        "/mnt/c/GitHub/codeql/javascript/ql/lib/semmle/javascript/AST.qll",
                        "/mnt/c/GitHub/codeql/javascript/ql/lib/semmle/javascript/Actions.qll",
                        "/mnt/c/GitHub/codeql/javascript/ql/lib/semmle/javascript/Aliases.qll",
                        "/mnt/c/GitHub/codeql/javascript/ql/lib/semmle/javascript/ApiGraphs.qll",
                        "/mnt/c/GitHub/codeql/javascript/ql/lib/semmle/javascript/Arrays.qll",
                        "/mnt/c/GitHub/codeql/javascript/ql/lib/semmle/javascript/Base64.qll",
                        "/mnt/c/GitHub/codeql/javascript/ql/lib/semmle/javascript/BasicBlocks.qll",
                        "/mnt/c/GitHub/codeql/javascript/ql/lib/semmle/javascript/CFG.qll",
                        "/mnt/c/GitHub/codeql/javascript/ql/lib/semmle/javascript/CanonicalNames.qll",
                        "/mnt/c/GitHub/codeql/javascript/ql/lib/semmle/javascript/CharacterEscapes.qll",
                        "/mnt/c/GitHub/codeql/javascript/ql/lib/semmle/javascript/Classes.qll",
                        "/mnt/c/GitHub/codeql/javascript/ql/lib/semmle/javascript/Closure.qll",
                        "/mnt/c/GitHub/codeql/javascript/ql/lib/semmle/javascript/Collections.qll",
                        "/mnt/c/GitHub/codeql/javascript/ql/lib/semmle/javascript/Comments.qll",
                        "/mnt/c/GitHub/codeql/javascript/ql/lib/semmle/javascript/Concepts.qll",
                        "/mnt/c/GitHub/codeql/javascript/ql/lib/semmle/javascript/Constants.qll",
                        "/mnt/c/GitHub/codeql/javascript/ql/lib/semmle/javascript/DOM.qll",
                        "/mnt/c/GitHub/codeql/javascript/ql/lib/semmle/javascript/DefUse.qll",
                        "/mnt/c/GitHub/codeql/javascript/ql/lib/semmle/javascript/DefensiveProgramming.qll",
                        "/mnt/c/GitHub/codeql/javascript/ql/lib/semmle/javascript/DynamicPropertyAccess.qll",
                        "/mnt/c/GitHub/codeql/javascript/ql/lib/semmle/javascript/E4X.qll",
                        "/mnt/c/GitHub/codeql/javascript/ql/lib/semmle/javascript/ES2015Modules.qll",
                        "/mnt/c/GitHub/codeql/javascript/ql/lib/semmle/javascript/EmailClients.qll",
                        "/mnt/c/GitHub/codeql/javascript/ql/lib/semmle/javascript/Errors.qll",
                        "/mnt/c/GitHub/codeql/javascript/ql/lib/semmle/javascript/Expr.qll",
                        "/mnt/c/GitHub/codeql/javascript/ql/lib/semmle/javascript/Extend.qll",
                        "/mnt/c/GitHub/codeql/javascript/ql/lib/semmle/javascript/Externs.qll",
                        "/mnt/c/GitHub/codeql/javascript/ql/lib/semmle/javascript/Files.qll",
                        "/mnt/c/GitHub/codeql/javascript/ql/lib/semmle/javascript/Functions.qll",
                        "/mnt/c/GitHub/codeql/javascript/ql/lib/semmle/javascript/GeneratedCode.qll",
                        "/mnt/c/GitHub/codeql/javascript/ql/lib/semmle/javascript/Generators.qll",
                        "/mnt/c/GitHub/codeql/javascript/ql/lib/semmle/javascript/GlobalAccessPaths.qll",
                        "/mnt/c/GitHub/codeql/javascript/ql/lib/semmle/javascript/HTML.qll",
                        "/mnt/c/GitHub/codeql/javascript/ql/lib/semmle/javascript/HtmlSanitizers.qll",
                        "/mnt/c/GitHub/codeql/javascript/ql/lib/semmle/javascript/InclusionTests.qll",
                        "/mnt/c/GitHub/codeql/javascript/ql/lib/semmle/javascript/JSDoc.qll",
                        "/mnt/c/GitHub/codeql/javascript/ql/lib/semmle/javascript/JSON.qll",
                        "/mnt/c/GitHub/codeql/javascript/ql/lib/semmle/javascript/JSX.qll",
                        "/mnt/c/GitHub/codeql/javascript/ql/lib/semmle/javascript/JsonParsers.qll",
                        "/mnt/c/GitHub/codeql/javascript/ql/lib/semmle/javascript/JsonSchema.qll",
                        "/mnt/c/GitHub/codeql/javascript/ql/lib/semmle/javascript/JsonStringifiers.qll",
                        "/mnt/c/GitHub/codeql/javascript/ql/lib/semmle/javascript/Lines.qll",
                        "/mnt/c/GitHub/codeql/javascript/ql/lib/semmle/javascript/Locations.qll",
                        "/mnt/c/GitHub/codeql/javascript/ql/lib/semmle/javascript/MembershipCandidates.qll",
                        "/mnt/c/GitHub/codeql/javascript/ql/lib/semmle/javascript/Modules.qll",
                        "/mnt/c/GitHub/codeql/javascript/ql/lib/semmle/javascript/NPM.qll",
                        "/mnt/c/GitHub/codeql/javascript/ql/lib/semmle/javascript/NodeJS.qll",
                        "/mnt/c/GitHub/codeql/javascript/ql/lib/semmle/javascript/NodeModuleResolutionImpl.qll",
                        "/mnt/c/GitHub/codeql/javascript/ql/lib/semmle/javascript/PackageExports.qll",
                        "/mnt/c/GitHub/codeql/javascript/ql/lib/semmle/javascript/Paths.qll",
                        "/mnt/c/GitHub/codeql/javascript/ql/lib/semmle/javascript/PrintAst.qll",
                        "/mnt/c/GitHub/codeql/javascript/ql/lib/semmle/javascript/Promises.qll",
                        "/mnt/c/GitHub/codeql/javascript/ql/lib/semmle/javascript/RangeAnalysis.qll",
                        "/mnt/c/GitHub/codeql/javascript/ql/lib/semmle/javascript/Regexp.qll",
                        "/mnt/c/GitHub/codeql/javascript/ql/lib/semmle/javascript/RestrictedLocations.qll",
                        "/mnt/c/GitHub/codeql/javascript/ql/lib/semmle/javascript/Routing.qll",
                        "/mnt/c/GitHub/codeql/javascript/ql/lib/semmle/javascript/SSA.qll",
                        "/mnt/c/GitHub/codeql/javascript/ql/lib/semmle/javascript/SourceMaps.qll",
                        "/mnt/c/GitHub/codeql/javascript/ql/lib/semmle/javascript/StandardLibrary.qll",
                        "/mnt/c/GitHub/codeql/javascript/ql/lib/semmle/javascript/Stmt.qll",
                        "/mnt/c/GitHub/codeql/javascript/ql/lib/semmle/javascript/StringConcatenation.qll",
                        "/mnt/c/GitHub/codeql/javascript/ql/lib/semmle/javascript/StringOps.qll",
                        "/mnt/c/GitHub/codeql/javascript/ql/lib/semmle/javascript/Templates.qll",
                        "/mnt/c/GitHub/codeql/javascript/ql/lib/semmle/javascript/Tokens.qll",
                        "/mnt/c/GitHub/codeql/javascript/ql/lib/semmle/javascript/TypeAnnotations.qll",
                        "/mnt/c/GitHub/codeql/javascript/ql/lib/semmle/javascript/TypeScript.qll",
                        "/mnt/c/GitHub/codeql/javascript/ql/lib/semmle/javascript/Unit.qll",
                        "/mnt/c/GitHub/codeql/javascript/ql/lib/semmle/javascript/Util.qll",
                        "/mnt/c/GitHub/codeql/javascript/ql/lib/semmle/javascript/Variables.qll",
                        "/mnt/c/GitHub/codeql/javascript/ql/lib/semmle/javascript/XML.qll",
                        "/mnt/c/GitHub/codeql/javascript/ql/lib/semmle/javascript/YAML.qll",
                        "/mnt/c/GitHub/codeql/javascript/ql/lib/semmle/javascript/dataflow/AbstractProperties.qll",
                        "/mnt/c/GitHub/codeql/javascript/ql/lib/semmle/javascript/dataflow/AbstractValues.qll",
                        "/mnt/c/GitHub/codeql/javascript/ql/lib/semmle/javascript/dataflow/AdditionalFlowSteps.qll",
                        "/mnt/c/GitHub/codeql/javascript/ql/lib/semmle/javascript/dataflow/AdditionalTaintSteps.qll",
                        "/mnt/c/GitHub/codeql/javascript/ql/lib/semmle/javascript/dataflow/BackwardExploration.qll",
                        "/mnt/c/GitHub/codeql/javascript/ql/lib/semmle/javascript/dataflow/Configuration.qll",
                        "/mnt/c/GitHub/codeql/javascript/ql/lib/semmle/javascript/dataflow/CustomAbstractValueDefinitions.qll",
                        "/mnt/c/GitHub/codeql/javascript/ql/lib/semmle/javascript/dataflow/DataFlow.qll",
                        "/mnt/c/GitHub/codeql/javascript/ql/lib/semmle/javascript/dataflow/FlowSummary.qll",
                        "/mnt/c/GitHub/codeql/javascript/ql/lib/semmle/javascript/dataflow/ForwardExploration.qll",
                        "/mnt/c/GitHub/codeql/javascript/ql/lib/semmle/javascript/dataflow/InferredTypes.qll",
                        "/mnt/c/GitHub/codeql/javascript/ql/lib/semmle/javascript/dataflow/LocalObjects.qll",
                        "/mnt/c/GitHub/codeql/javascript/ql/lib/semmle/javascript/dataflow/Nodes.qll",
                        "/mnt/c/GitHub/codeql/javascript/ql/lib/semmle/javascript/dataflow/Portals.qll",
                        "/mnt/c/GitHub/codeql/javascript/ql/lib/semmle/javascript/dataflow/Refinements.qll",
                        "/mnt/c/GitHub/codeql/javascript/ql/lib/semmle/javascript/dataflow/Sources.qll",
                        "/mnt/c/GitHub/codeql/javascript/ql/lib/semmle/javascript/dataflow/TaintTracking.qll",
                        "/mnt/c/GitHub/codeql/javascript/ql/lib/semmle/javascript/dataflow/TypeInference.qll",
                        "/mnt/c/GitHub/codeql/javascript/ql/lib/semmle/javascript/dataflow/TypeTracking.qll",
                        "/mnt/c/GitHub/codeql/javascript/ql/lib/semmle/javascript/dataflow/internal/AbstractPropertiesImpl.qll",
                        "/mnt/c/GitHub/codeql/javascript/ql/lib/semmle/javascript/dataflow/internal/AbstractValuesImpl.qll",
                        "/mnt/c/GitHub/codeql/javascript/ql/lib/semmle/javascript/dataflow/internal/AccessPaths.qll",
                        "/mnt/c/GitHub/codeql/javascript/ql/lib/semmle/javascript/dataflow/internal/AdditionalFlowInternal.qll",
                        "/mnt/c/GitHub/codeql/javascript/ql/lib/semmle/javascript/dataflow/internal/AnalyzedParameters.qll",
                        "/mnt/c/GitHub/codeql/javascript/ql/lib/semmle/javascript/dataflow/internal/BarrierGuards.qll",
                        "/mnt/c/GitHub/codeql/javascript/ql/lib/semmle/javascript/dataflow/internal/BasicExprTypeInference.qll",
                        "/mnt/c/GitHub/codeql/javascript/ql/lib/semmle/javascript/dataflow/internal/CallGraphs.qll",
                        "/mnt/c/GitHub/codeql/javascript/ql/lib/semmle/javascript/dataflow/internal/Contents.qll",
                        "/mnt/c/GitHub/codeql/javascript/ql/lib/semmle/javascript/dataflow/internal/DataFlowImplConsistency.qll",
                        "/mnt/c/GitHub/codeql/javascript/ql/lib/semmle/javascript/dataflow/internal/DataFlowNode.qll",
                        "/mnt/c/GitHub/codeql/javascript/ql/lib/semmle/javascript/dataflow/internal/DataFlowPrivate.qll",
                        "/mnt/c/GitHub/codeql/javascript/ql/lib/semmle/javascript/dataflow/internal/FlowSteps.qll",
                        "/mnt/c/GitHub/codeql/javascript/ql/lib/semmle/javascript/dataflow/internal/FlowSummaryPrivate.qll",
                        "/mnt/c/GitHub/codeql/javascript/ql/lib/semmle/javascript/dataflow/internal/FunctionWrapperSteps.qll",
                        "/mnt/c/GitHub/codeql/javascript/ql/lib/semmle/javascript/dataflow/internal/InterModuleTypeInference.qll",
                        "/mnt/c/GitHub/codeql/javascript/ql/lib/semmle/javascript/dataflow/internal/InterProceduralTypeInference.qll",
                        "/mnt/c/GitHub/codeql/javascript/ql/lib/semmle/javascript/dataflow/internal/PreCallGraphStep.qll",
                        "/mnt/c/GitHub/codeql/javascript/ql/lib/semmle/javascript/dataflow/internal/PropertyTypeInference.qll",
                        "/mnt/c/GitHub/codeql/javascript/ql/lib/semmle/javascript/dataflow/internal/StepSummary.qll",
                        "/mnt/c/GitHub/codeql/javascript/ql/lib/semmle/javascript/dataflow/internal/TaintTrackingPrivate.qll",
                        "/mnt/c/GitHub/codeql/javascript/ql/lib/semmle/javascript/dataflow/internal/VariableCapture.qll",
                        "/mnt/c/GitHub/codeql/javascript/ql/lib/semmle/javascript/dataflow/internal/VariableOrThis.qll",
                        "/mnt/c/GitHub/codeql/javascript/ql/lib/semmle/javascript/dataflow/internal/VariableTypeInference.qll",
                        "/mnt/c/GitHub/codeql/javascript/ql/lib/semmle/javascript/dataflow/internal/sharedlib/DataFlow.qll",
                        "/mnt/c/GitHub/codeql/javascript/ql/lib/semmle/javascript/dataflow/internal/sharedlib/DataFlowArg.qll",
                        "/mnt/c/GitHub/codeql/javascript/ql/lib/semmle/javascript/dataflow/internal/sharedlib/DataFlowImpl.qll",
                        "/mnt/c/GitHub/codeql/javascript/ql/lib/semmle/javascript/dataflow/internal/sharedlib/DataFlowImplCommon.qll",
                        "/mnt/c/GitHub/codeql/javascript/ql/lib/semmle/javascript/dataflow/internal/sharedlib/DataFlowImplSpecific.qll",
                        "/mnt/c/GitHub/codeql/javascript/ql/lib/semmle/javascript/dataflow/internal/sharedlib/FlowSummaryImpl.qll",
                        "/mnt/c/GitHub/codeql/javascript/ql/lib/semmle/javascript/dataflow/internal/sharedlib/Ssa.qll",
                        "/mnt/c/GitHub/codeql/javascript/ql/lib/semmle/javascript/dataflow/internal/sharedlib/SummaryTypeTracker.qll",
                        "/mnt/c/GitHub/codeql/javascript/ql/lib/semmle/javascript/dataflow/internal/sharedlib/TaintTracking.qll",
                        "/mnt/c/GitHub/codeql/javascript/ql/lib/semmle/javascript/dependencies/Dependencies.qll",
                        "/mnt/c/GitHub/codeql/javascript/ql/lib/semmle/javascript/dependencies/DependencyCustomizations.qll",
                        "/mnt/c/GitHub/codeql/javascript/ql/lib/semmle/javascript/dependencies/FrameworkLibraries.qll",
                        "/mnt/c/GitHub/codeql/javascript/ql/lib/semmle/javascript/dependencies/SemVer.qll",
                        "/mnt/c/GitHub/codeql/javascript/ql/lib/semmle/javascript/endpoints/EndpointNaming.qll",
                        "/mnt/c/GitHub/codeql/javascript/ql/lib/semmle/javascript/explore/BackwardDataFlow.qll",
                        "/mnt/c/GitHub/codeql/javascript/ql/lib/semmle/javascript/explore/CallGraph.qll",
                        "/mnt/c/GitHub/codeql/javascript/ql/lib/semmle/javascript/explore/ForwardDataFlow.qll",
                        "/mnt/c/GitHub/codeql/javascript/ql/lib/semmle/javascript/filters/ClassifyFiles.qll",
                        "/mnt/c/GitHub/codeql/javascript/ql/lib/semmle/javascript/frameworks/AWS.qll",
                        "/mnt/c/GitHub/codeql/javascript/ql/lib/semmle/javascript/frameworks/ActionsLib.qll",
                        "/mnt/c/GitHub/codeql/javascript/ql/lib/semmle/javascript/frameworks/Angular2.qll",
                        "/mnt/c/GitHub/codeql/javascript/ql/lib/semmle/javascript/frameworks/AngularJS.qll",
                        "/mnt/c/GitHub/codeql/javascript/ql/lib/semmle/javascript/frameworks/AngularJS/AngularJSCore.qll",
                        "/mnt/c/GitHub/codeql/javascript/ql/lib/semmle/javascript/frameworks/AngularJS/AngularJSExpressions.qll",
                        "/mnt/c/GitHub/codeql/javascript/ql/lib/semmle/javascript/frameworks/AngularJS/DependencyInjections.qll",
                        "/mnt/c/GitHub/codeql/javascript/ql/lib/semmle/javascript/frameworks/AngularJS/ServiceDefinitions.qll",
                        "/mnt/c/GitHub/codeql/javascript/ql/lib/semmle/javascript/frameworks/Anser.qll",
                        "/mnt/c/GitHub/codeql/javascript/ql/lib/semmle/javascript/frameworks/AsyncPackage.qll",
                        "/mnt/c/GitHub/codeql/javascript/ql/lib/semmle/javascript/frameworks/Azure.qll",
                        "/mnt/c/GitHub/codeql/javascript/ql/lib/semmle/javascript/frameworks/Babel.qll",
                        "/mnt/c/GitHub/codeql/javascript/ql/lib/semmle/javascript/frameworks/Bundling.qll",
                        "/mnt/c/GitHub/codeql/javascript/ql/lib/semmle/javascript/frameworks/Cheerio.qll",
                        "/mnt/c/GitHub/codeql/javascript/ql/lib/semmle/javascript/frameworks/ClassValidator.qll",
                        "/mnt/c/GitHub/codeql/javascript/ql/lib/semmle/javascript/frameworks/Classnames.qll",
                        "/mnt/c/GitHub/codeql/javascript/ql/lib/semmle/javascript/frameworks/ClientRequests.qll",
                        "/mnt/c/GitHub/codeql/javascript/ql/lib/semmle/javascript/frameworks/ClosureLibrary.qll",
                        "/mnt/c/GitHub/codeql/javascript/ql/lib/semmle/javascript/frameworks/CommandLineArguments.qll",
                        "/mnt/c/GitHub/codeql/javascript/ql/lib/semmle/javascript/frameworks/ComposedFunctions.qll",
                        "/mnt/c/GitHub/codeql/javascript/ql/lib/semmle/javascript/frameworks/Connect.qll",
                        "/mnt/c/GitHub/codeql/javascript/ql/lib/semmle/javascript/frameworks/ConnectExpressShared.qll",
                        "/mnt/c/GitHub/codeql/javascript/ql/lib/semmle/javascript/frameworks/CookieLibraries.qll",
                        "/mnt/c/GitHub/codeql/javascript/ql/lib/semmle/javascript/frameworks/Credentials.qll",
                        "/mnt/c/GitHub/codeql/javascript/ql/lib/semmle/javascript/frameworks/CryptoLibraries.qll",
                        "/mnt/c/GitHub/codeql/javascript/ql/lib/semmle/javascript/frameworks/D3.qll",
                        "/mnt/c/GitHub/codeql/javascript/ql/lib/semmle/javascript/frameworks/DateFunctions.qll",
                        "/mnt/c/GitHub/codeql/javascript/ql/lib/semmle/javascript/frameworks/DigitalOcean.qll",
                        "/mnt/c/GitHub/codeql/javascript/ql/lib/semmle/javascript/frameworks/DomEvents.qll",
                        "/mnt/c/GitHub/codeql/javascript/ql/lib/semmle/javascript/frameworks/Electron.qll",
                        "/mnt/c/GitHub/codeql/javascript/ql/lib/semmle/javascript/frameworks/Emscripten.qll",
                        "/mnt/c/GitHub/codeql/javascript/ql/lib/semmle/javascript/frameworks/EventEmitter.qll",
                        "/mnt/c/GitHub/codeql/javascript/ql/lib/semmle/javascript/frameworks/Express.qll",
                        "/mnt/c/GitHub/codeql/javascript/ql/lib/semmle/javascript/frameworks/ExpressModules.qll",
                        "/mnt/c/GitHub/codeql/javascript/ql/lib/semmle/javascript/frameworks/Fastify.qll",
                        "/mnt/c/GitHub/codeql/javascript/ql/lib/semmle/javascript/frameworks/Files.qll",
                        "/mnt/c/GitHub/codeql/javascript/ql/lib/semmle/javascript/frameworks/Firebase.qll",
                        "/mnt/c/GitHub/codeql/javascript/ql/lib/semmle/javascript/frameworks/FormParsers.qll",
                        "/mnt/c/GitHub/codeql/javascript/ql/lib/semmle/javascript/frameworks/GWT.qll",
                        "/mnt/c/GitHub/codeql/javascript/ql/lib/semmle/javascript/frameworks/GraphQL.qll",
                        "/mnt/c/GitHub/codeql/javascript/ql/lib/semmle/javascript/frameworks/HTTP.qll",
                        "/mnt/c/GitHub/codeql/javascript/ql/lib/semmle/javascript/frameworks/Handlebars.qll",
                        "/mnt/c/GitHub/codeql/javascript/ql/lib/semmle/javascript/frameworks/Hapi.qll",
                        "/mnt/c/GitHub/codeql/javascript/ql/lib/semmle/javascript/frameworks/History.qll",
                        "/mnt/c/GitHub/codeql/javascript/ql/lib/semmle/javascript/frameworks/HttpFrameworks.qll",
                        "/mnt/c/GitHub/codeql/javascript/ql/lib/semmle/javascript/frameworks/HttpProxy.qll",
                        "/mnt/c/GitHub/codeql/javascript/ql/lib/semmle/javascript/frameworks/Immutable.qll",
                        "/mnt/c/GitHub/codeql/javascript/ql/lib/semmle/javascript/frameworks/JWT.qll",
                        "/mnt/c/GitHub/codeql/javascript/ql/lib/semmle/javascript/frameworks/Knex.qll",
                        "/mnt/c/GitHub/codeql/javascript/ql/lib/semmle/javascript/frameworks/Koa.qll",
                        "/mnt/c/GitHub/codeql/javascript/ql/lib/semmle/javascript/frameworks/LazyCache.qll",
                        "/mnt/c/GitHub/codeql/javascript/ql/lib/semmle/javascript/frameworks/LdapJS.qll",
                        "/mnt/c/GitHub/codeql/javascript/ql/lib/semmle/javascript/frameworks/LiveServer.qll",
                        "/mnt/c/GitHub/codeql/javascript/ql/lib/semmle/javascript/frameworks/LodashUnderscore.qll",
                        "/mnt/c/GitHub/codeql/javascript/ql/lib/semmle/javascript/frameworks/Logging.qll",
                        "/mnt/c/GitHub/codeql/javascript/ql/lib/semmle/javascript/frameworks/Markdown.qll",
                        "/mnt/c/GitHub/codeql/javascript/ql/lib/semmle/javascript/frameworks/Micro.qll",
                        "/mnt/c/GitHub/codeql/javascript/ql/lib/semmle/javascript/frameworks/MooTools.qll",
                        "/mnt/c/GitHub/codeql/javascript/ql/lib/semmle/javascript/frameworks/Nest.qll",
                        "/mnt/c/GitHub/codeql/javascript/ql/lib/semmle/javascript/frameworks/Next.qll",
                        "/mnt/c/GitHub/codeql/javascript/ql/lib/semmle/javascript/frameworks/NoSQL.model.yml",
                        "/mnt/c/GitHub/codeql/javascript/ql/lib/semmle/javascript/frameworks/NoSQL.qll",
                        "/mnt/c/GitHub/codeql/javascript/ql/lib/semmle/javascript/frameworks/NodeJSLib.model.yml",
                        "/mnt/c/GitHub/codeql/javascript/ql/lib/semmle/javascript/frameworks/NodeJSLib.qll",
                        "/mnt/c/GitHub/codeql/javascript/ql/lib/semmle/javascript/frameworks/PkgCloud.qll",
                        "/mnt/c/GitHub/codeql/javascript/ql/lib/semmle/javascript/frameworks/Prettier.qll",
                        "/mnt/c/GitHub/codeql/javascript/ql/lib/semmle/javascript/frameworks/PropertyProjection.qll",
                        "/mnt/c/GitHub/codeql/javascript/ql/lib/semmle/javascript/frameworks/Puppeteer.qll",
                        "/mnt/c/GitHub/codeql/javascript/ql/lib/semmle/javascript/frameworks/React.qll",
                        "/mnt/c/GitHub/codeql/javascript/ql/lib/semmle/javascript/frameworks/ReactNative.qll",
                        "/mnt/c/GitHub/codeql/javascript/ql/lib/semmle/javascript/frameworks/Redux.qll",
                        "/mnt/c/GitHub/codeql/javascript/ql/lib/semmle/javascript/frameworks/Request.qll",
                        "/mnt/c/GitHub/codeql/javascript/ql/lib/semmle/javascript/frameworks/Restify.qll",
                        "/mnt/c/GitHub/codeql/javascript/ql/lib/semmle/javascript/frameworks/RxJS.qll",
                        "/mnt/c/GitHub/codeql/javascript/ql/lib/semmle/javascript/frameworks/SQL.model.yml",
                        "/mnt/c/GitHub/codeql/javascript/ql/lib/semmle/javascript/frameworks/SQL.qll",
                        "/mnt/c/GitHub/codeql/javascript/ql/lib/semmle/javascript/frameworks/ServerLess.qll",
                        "/mnt/c/GitHub/codeql/javascript/ql/lib/semmle/javascript/frameworks/ShellJS.qll",
                        "/mnt/c/GitHub/codeql/javascript/ql/lib/semmle/javascript/frameworks/Snapdragon.qll",
                        "/mnt/c/GitHub/codeql/javascript/ql/lib/semmle/javascript/frameworks/SocketIO.qll",
                        "/mnt/c/GitHub/codeql/javascript/ql/lib/semmle/javascript/frameworks/Spife.qll",
                        "/mnt/c/GitHub/codeql/javascript/ql/lib/semmle/javascript/frameworks/StringFormatters.qll",
                        "/mnt/c/GitHub/codeql/javascript/ql/lib/semmle/javascript/frameworks/SystemCommandExecutors.qll",
                        "/mnt/c/GitHub/codeql/javascript/ql/lib/semmle/javascript/frameworks/Templating.qll",
                        "/mnt/c/GitHub/codeql/javascript/ql/lib/semmle/javascript/frameworks/Testing.qll",
                        "/mnt/c/GitHub/codeql/javascript/ql/lib/semmle/javascript/frameworks/TestingCustomizations.qll",
                        "/mnt/c/GitHub/codeql/javascript/ql/lib/semmle/javascript/frameworks/TorrentLibraries.qll",
                        "/mnt/c/GitHub/codeql/javascript/ql/lib/semmle/javascript/frameworks/TrustedTypes.qll",
                        "/mnt/c/GitHub/codeql/javascript/ql/lib/semmle/javascript/frameworks/Typeahead.qll",
                        "/mnt/c/GitHub/codeql/javascript/ql/lib/semmle/javascript/frameworks/UriLibraries.qll",
                        "/mnt/c/GitHub/codeql/javascript/ql/lib/semmle/javascript/frameworks/Vue.qll",
                        "/mnt/c/GitHub/codeql/javascript/ql/lib/semmle/javascript/frameworks/Vuex.qll",
                        "/mnt/c/GitHub/codeql/javascript/ql/lib/semmle/javascript/frameworks/WebSocket.qll",
                        "/mnt/c/GitHub/codeql/javascript/ql/lib/semmle/javascript/frameworks/Webix.qll",
                        "/mnt/c/GitHub/codeql/javascript/ql/lib/semmle/javascript/frameworks/XmlParsers.qll",
                        "/mnt/c/GitHub/codeql/javascript/ql/lib/semmle/javascript/frameworks/data/ModelsAsData.qll",
                        "/mnt/c/GitHub/codeql/javascript/ql/lib/semmle/javascript/frameworks/data/internal/ApiGraphModels.qll",
                        "/mnt/c/GitHub/codeql/javascript/ql/lib/semmle/javascript/frameworks/data/internal/ApiGraphModelsExport.qll",
                        "/mnt/c/GitHub/codeql/javascript/ql/lib/semmle/javascript/frameworks/data/internal/ApiGraphModelsExtensions.qll",
                        "/mnt/c/GitHub/codeql/javascript/ql/lib/semmle/javascript/frameworks/data/internal/ApiGraphModelsSpecific.qll",
                        "/mnt/c/GitHub/codeql/javascript/ql/lib/semmle/javascript/frameworks/data/internal/empty.model.yml",
                        "/mnt/c/GitHub/codeql/javascript/ql/lib/semmle/javascript/frameworks/helmet/Helmet.Required.Setting.model.yml",
                        "/mnt/c/GitHub/codeql/javascript/ql/lib/semmle/javascript/frameworks/helmet/Helmet.qll",
                        "/mnt/c/GitHub/codeql/javascript/ql/lib/semmle/javascript/frameworks/jQuery.qll",
                        "/mnt/c/GitHub/codeql/javascript/ql/lib/semmle/javascript/frameworks/minimongo/model.yml",
                        "/mnt/c/GitHub/codeql/javascript/ql/lib/semmle/javascript/frameworks/mongodb/model.yml",
                        "/mnt/c/GitHub/codeql/javascript/ql/lib/semmle/javascript/frameworks/mssql/model.yml",
                        "/mnt/c/GitHub/codeql/javascript/ql/lib/semmle/javascript/frameworks/mysql/model.yml",
                        "/mnt/c/GitHub/codeql/javascript/ql/lib/semmle/javascript/frameworks/pg/model.yml",
                        "/mnt/c/GitHub/codeql/javascript/ql/lib/semmle/javascript/frameworks/sequelize/model.yml",
                        "/mnt/c/GitHub/codeql/javascript/ql/lib/semmle/javascript/frameworks/spanner/model.yml",
                        "/mnt/c/GitHub/codeql/javascript/ql/lib/semmle/javascript/frameworks/sqlite3/model.yml",
                        "/mnt/c/GitHub/codeql/javascript/ql/lib/semmle/javascript/frameworks/xUnit.qll",
                        "/mnt/c/GitHub/codeql/javascript/ql/lib/semmle/javascript/heuristics/AdditionalFrameworks.qll",
                        "/mnt/c/GitHub/codeql/javascript/ql/lib/semmle/javascript/heuristics/AdditionalPromises.qll",
                        "/mnt/c/GitHub/codeql/javascript/ql/lib/semmle/javascript/heuristics/AdditionalRouteHandlers.qll",
                        "/mnt/c/GitHub/codeql/javascript/ql/lib/semmle/javascript/heuristics/AdditionalSinks.qll",
                        "/mnt/c/GitHub/codeql/javascript/ql/lib/semmle/javascript/heuristics/AdditionalSources.qll",
                        "/mnt/c/GitHub/codeql/javascript/ql/lib/semmle/javascript/heuristics/AdditionalTaintSteps.qll",
                        "/mnt/c/GitHub/codeql/javascript/ql/lib/semmle/javascript/heuristics/HeuristicSinks.qll",
                        "/mnt/c/GitHub/codeql/javascript/ql/lib/semmle/javascript/heuristics/SyntacticHeuristics.qll",
                        "/mnt/c/GitHub/codeql/javascript/ql/lib/semmle/javascript/heuristics/all.qll",
                        "/mnt/c/GitHub/codeql/javascript/ql/lib/semmle/javascript/internal/BasicBlockInternal.qll",
                        "/mnt/c/GitHub/codeql/javascript/ql/lib/semmle/javascript/internal/CachedStages.qll",
                        "/mnt/c/GitHub/codeql/javascript/ql/lib/semmle/javascript/internal/ConceptsImports.qll",
                        "/mnt/c/GitHub/codeql/javascript/ql/lib/semmle/javascript/internal/ConceptsShared.qll",
                        "/mnt/c/GitHub/codeql/javascript/ql/lib/semmle/javascript/internal/Locations.qll",
                        "/mnt/c/GitHub/codeql/javascript/ql/lib/semmle/javascript/internal/StmtContainers.qll",
                        "/mnt/c/GitHub/codeql/javascript/ql/lib/semmle/javascript/internal/flow_summaries/AllFlowSummaries.qll",
                        "/mnt/c/GitHub/codeql/javascript/ql/lib/semmle/javascript/internal/flow_summaries/AmbiguousCoreMethods.qll",
                        "/mnt/c/GitHub/codeql/javascript/ql/lib/semmle/javascript/internal/flow_summaries/Arrays.qll",
                        "/mnt/c/GitHub/codeql/javascript/ql/lib/semmle/javascript/internal/flow_summaries/AsyncAwait.qll",
                        "/mnt/c/GitHub/codeql/javascript/ql/lib/semmle/javascript/internal/flow_summaries/DynamicImportStep.qll",
                        "/mnt/c/GitHub/codeql/javascript/ql/lib/semmle/javascript/internal/flow_summaries/ExceptionFlow.qll",
                        "/mnt/c/GitHub/codeql/javascript/ql/lib/semmle/javascript/internal/flow_summaries/FlowSummaryUtil.qll",
                        "/mnt/c/GitHub/codeql/javascript/ql/lib/semmle/javascript/internal/flow_summaries/ForOfLoops.qll",
                        "/mnt/c/GitHub/codeql/javascript/ql/lib/semmle/javascript/internal/flow_summaries/Generators.qll",
                        "/mnt/c/GitHub/codeql/javascript/ql/lib/semmle/javascript/internal/flow_summaries/Iterators.qll",
                        "/mnt/c/GitHub/codeql/javascript/ql/lib/semmle/javascript/internal/flow_summaries/JsonStringify.qll",
                        "/mnt/c/GitHub/codeql/javascript/ql/lib/semmle/javascript/internal/flow_summaries/Maps.qll",
                        "/mnt/c/GitHub/codeql/javascript/ql/lib/semmle/javascript/internal/flow_summaries/Promises.qll",
                        "/mnt/c/GitHub/codeql/javascript/ql/lib/semmle/javascript/internal/flow_summaries/Sets.qll",
                        "/mnt/c/GitHub/codeql/javascript/ql/lib/semmle/javascript/internal/flow_summaries/Strings.qll",
                        "/mnt/c/GitHub/codeql/javascript/ql/lib/semmle/javascript/linters/ESLint.qll",
                        "/mnt/c/GitHub/codeql/javascript/ql/lib/semmle/javascript/linters/JSLint.qll",
                        "/mnt/c/GitHub/codeql/javascript/ql/lib/semmle/javascript/linters/Linting.qll",
                        "/mnt/c/GitHub/codeql/javascript/ql/lib/semmle/javascript/meta/ExtractionMetrics.qll",
                        "/mnt/c/GitHub/codeql/javascript/ql/lib/semmle/javascript/security/CommonFlowState.qll",
                        "/mnt/c/GitHub/codeql/javascript/ql/lib/semmle/javascript/security/CryptoAlgorithms.qll",
                        "/mnt/c/GitHub/codeql/javascript/ql/lib/semmle/javascript/security/FunctionalityFromUntrustedSource.qll",
                        "/mnt/c/GitHub/codeql/javascript/ql/lib/semmle/javascript/security/IncompleteBlacklistSanitizer.qll",
                        "/mnt/c/GitHub/codeql/javascript/ql/lib/semmle/javascript/security/IncompleteMultiCharacterSanitizationQuery.qll",
                        "/mnt/c/GitHub/codeql/javascript/ql/lib/semmle/javascript/security/IncompleteMultiCharacterSanitizationSpecific.qll",
                        "/mnt/c/GitHub/codeql/javascript/ql/lib/semmle/javascript/security/PasswordInConfigurationFileQuery.qll",
                        "/mnt/c/GitHub/codeql/javascript/ql/lib/semmle/javascript/security/SensitiveActions.qll",
                        "/mnt/c/GitHub/codeql/javascript/ql/lib/semmle/javascript/security/TaintedObject.qll",
                        "/mnt/c/GitHub/codeql/javascript/ql/lib/semmle/javascript/security/TaintedObjectCustomizations.qll",
                        "/mnt/c/GitHub/codeql/javascript/ql/lib/semmle/javascript/security/TaintedUrlSuffix.qll",
                        "/mnt/c/GitHub/codeql/javascript/ql/lib/semmle/javascript/security/TaintedUrlSuffixCustomizations.qll",
                        "/mnt/c/GitHub/codeql/javascript/ql/lib/semmle/javascript/security/UselessUseOfCat.qll",
                        "/mnt/c/GitHub/codeql/javascript/ql/lib/semmle/javascript/security/dataflow/BrokenCryptoAlgorithmCustomizations.qll",
                        "/mnt/c/GitHub/codeql/javascript/ql/lib/semmle/javascript/security/dataflow/BrokenCryptoAlgorithmQuery.qll",
                        "/mnt/c/GitHub/codeql/javascript/ql/lib/semmle/javascript/security/dataflow/BuildArtifactLeakCustomizations.qll",
                        "/mnt/c/GitHub/codeql/javascript/ql/lib/semmle/javascript/security/dataflow/BuildArtifactLeakQuery.qll",
                        "/mnt/c/GitHub/codeql/javascript/ql/lib/semmle/javascript/security/dataflow/CleartextLoggingCustomizations.qll",
                        "/mnt/c/GitHub/codeql/javascript/ql/lib/semmle/javascript/security/dataflow/CleartextLoggingQuery.qll",
                        "/mnt/c/GitHub/codeql/javascript/ql/lib/semmle/javascript/security/dataflow/CleartextStorageCustomizations.qll",
                        "/mnt/c/GitHub/codeql/javascript/ql/lib/semmle/javascript/security/dataflow/CleartextStorageQuery.qll",
                        "/mnt/c/GitHub/codeql/javascript/ql/lib/semmle/javascript/security/dataflow/ClientSideRequestForgeryQuery.qll",
                        "/mnt/c/GitHub/codeql/javascript/ql/lib/semmle/javascript/security/dataflow/ClientSideUrlRedirectCustomizations.qll",
                        "/mnt/c/GitHub/codeql/javascript/ql/lib/semmle/javascript/security/dataflow/ClientSideUrlRedirectQuery.qll",
                        "/mnt/c/GitHub/codeql/javascript/ql/lib/semmle/javascript/security/dataflow/CodeInjectionCustomizations.qll",
                        "/mnt/c/GitHub/codeql/javascript/ql/lib/semmle/javascript/security/dataflow/CodeInjectionQuery.qll",
                        "/mnt/c/GitHub/codeql/javascript/ql/lib/semmle/javascript/security/dataflow/CommandInjectionCustomizations.qll",
                        "/mnt/c/GitHub/codeql/javascript/ql/lib/semmle/javascript/security/dataflow/CommandInjectionQuery.qll",
                        "/mnt/c/GitHub/codeql/javascript/ql/lib/semmle/javascript/security/dataflow/ConditionalBypassCustomizations.qll",
                        "/mnt/c/GitHub/codeql/javascript/ql/lib/semmle/javascript/security/dataflow/ConditionalBypassQuery.qll",
                        "/mnt/c/GitHub/codeql/javascript/ql/lib/semmle/javascript/security/dataflow/CorsMisconfigurationForCredentialsCustomizations.qll",
                        "/mnt/c/GitHub/codeql/javascript/ql/lib/semmle/javascript/security/dataflow/CorsMisconfigurationForCredentialsQuery.qll",
                        "/mnt/c/GitHub/codeql/javascript/ql/lib/semmle/javascript/security/dataflow/DOM.qll",
                        "/mnt/c/GitHub/codeql/javascript/ql/lib/semmle/javascript/security/dataflow/DeepObjectResourceExhaustionCustomizations.qll",
                        "/mnt/c/GitHub/codeql/javascript/ql/lib/semmle/javascript/security/dataflow/DeepObjectResourceExhaustionQuery.qll",
                        "/mnt/c/GitHub/codeql/javascript/ql/lib/semmle/javascript/security/dataflow/DifferentKindsComparisonBypassCustomizations.qll",
                        "/mnt/c/GitHub/codeql/javascript/ql/lib/semmle/javascript/security/dataflow/DifferentKindsComparisonBypassQuery.qll",
                        "/mnt/c/GitHub/codeql/javascript/ql/lib/semmle/javascript/security/dataflow/DomBasedXssCustomizations.qll",
                        "/mnt/c/GitHub/codeql/javascript/ql/lib/semmle/javascript/security/dataflow/DomBasedXssQuery.qll",
                        "/mnt/c/GitHub/codeql/javascript/ql/lib/semmle/javascript/security/dataflow/ExceptionXssCustomizations.qll",
                        "/mnt/c/GitHub/codeql/javascript/ql/lib/semmle/javascript/security/dataflow/ExceptionXssQuery.qll",
                        "/mnt/c/GitHub/codeql/javascript/ql/lib/semmle/javascript/security/dataflow/ExternalAPIUsedWithUntrustedDataCustomizations.qll",
                        "/mnt/c/GitHub/codeql/javascript/ql/lib/semmle/javascript/security/dataflow/ExternalAPIUsedWithUntrustedDataQuery.qll",
                        "/mnt/c/GitHub/codeql/javascript/ql/lib/semmle/javascript/security/dataflow/FileAccessToHttpCustomizations.qll",
                        "/mnt/c/GitHub/codeql/javascript/ql/lib/semmle/javascript/security/dataflow/FileAccessToHttpQuery.qll",
                        "/mnt/c/GitHub/codeql/javascript/ql/lib/semmle/javascript/security/dataflow/HardcodedCredentialsCustomizations.qll",
                        "/mnt/c/GitHub/codeql/javascript/ql/lib/semmle/javascript/security/dataflow/HardcodedCredentialsQuery.qll",
                        "/mnt/c/GitHub/codeql/javascript/ql/lib/semmle/javascript/security/dataflow/HardcodedDataInterpretedAsCodeCustomizations.qll",
                        "/mnt/c/GitHub/codeql/javascript/ql/lib/semmle/javascript/security/dataflow/HardcodedDataInterpretedAsCodeQuery.qll",
                        "/mnt/c/GitHub/codeql/javascript/ql/lib/semmle/javascript/security/dataflow/HostHeaderPoisoningInEmailGenerationQuery.qll",
                        "/mnt/c/GitHub/codeql/javascript/ql/lib/semmle/javascript/security/dataflow/HttpToFileAccessCustomizations.qll",
                        "/mnt/c/GitHub/codeql/javascript/ql/lib/semmle/javascript/security/dataflow/HttpToFileAccessQuery.qll",
                        "/mnt/c/GitHub/codeql/javascript/ql/lib/semmle/javascript/security/dataflow/HttpToFileAccessSpecific.qll",
                        "/mnt/c/GitHub/codeql/javascript/ql/lib/semmle/javascript/security/dataflow/ImproperCodeSanitizationCustomizations.qll",
                        "/mnt/c/GitHub/codeql/javascript/ql/lib/semmle/javascript/security/dataflow/ImproperCodeSanitizationQuery.qll",
                        "/mnt/c/GitHub/codeql/javascript/ql/lib/semmle/javascript/security/dataflow/IncompleteHtmlAttributeSanitizationCustomizations.qll",
                        "/mnt/c/GitHub/codeql/javascript/ql/lib/semmle/javascript/security/dataflow/IncompleteHtmlAttributeSanitizationQuery.qll",
                        "/mnt/c/GitHub/codeql/javascript/ql/lib/semmle/javascript/security/dataflow/IndirectCommandArgument.qll",
                        "/mnt/c/GitHub/codeql/javascript/ql/lib/semmle/javascript/security/dataflow/IndirectCommandInjectionCustomizations.qll",
                        "/mnt/c/GitHub/codeql/javascript/ql/lib/semmle/javascript/security/dataflow/IndirectCommandInjectionQuery.qll",
                        "/mnt/c/GitHub/codeql/javascript/ql/lib/semmle/javascript/security/dataflow/InsecureDownloadCustomizations.qll",
                        "/mnt/c/GitHub/codeql/javascript/ql/lib/semmle/javascript/security/dataflow/InsecureDownloadQuery.qll",
                        "/mnt/c/GitHub/codeql/javascript/ql/lib/semmle/javascript/security/dataflow/InsecureRandomnessCustomizations.qll",
                        "/mnt/c/GitHub/codeql/javascript/ql/lib/semmle/javascript/security/dataflow/InsecureRandomnessQuery.qll",
                        "/mnt/c/GitHub/codeql/javascript/ql/lib/semmle/javascript/security/dataflow/InsecureTemporaryFileCustomizations.qll",
                        "/mnt/c/GitHub/codeql/javascript/ql/lib/semmle/javascript/security/dataflow/InsecureTemporaryFileQuery.qll",
                        "/mnt/c/GitHub/codeql/javascript/ql/lib/semmle/javascript/security/dataflow/InsufficientPasswordHashCustomizations.qll",
                        "/mnt/c/GitHub/codeql/javascript/ql/lib/semmle/javascript/security/dataflow/InsufficientPasswordHashQuery.qll",
                        "/mnt/c/GitHub/codeql/javascript/ql/lib/semmle/javascript/security/dataflow/LogInjectionQuery.qll",
                        "/mnt/c/GitHub/codeql/javascript/ql/lib/semmle/javascript/security/dataflow/LoopBoundInjectionCustomizations.qll",
                        "/mnt/c/GitHub/codeql/javascript/ql/lib/semmle/javascript/security/dataflow/LoopBoundInjectionQuery.qll",
                        "/mnt/c/GitHub/codeql/javascript/ql/lib/semmle/javascript/security/dataflow/MissingRateLimiting.qll",
                        "/mnt/c/GitHub/codeql/javascript/ql/lib/semmle/javascript/security/dataflow/NosqlInjectionCustomizations.qll",
                        "/mnt/c/GitHub/codeql/javascript/ql/lib/semmle/javascript/security/dataflow/NosqlInjectionQuery.qll",
                        "/mnt/c/GitHub/codeql/javascript/ql/lib/semmle/javascript/security/dataflow/PostMessageStarCustomizations.qll",
                        "/mnt/c/GitHub/codeql/javascript/ql/lib/semmle/javascript/security/dataflow/PostMessageStarQuery.qll",
                        "/mnt/c/GitHub/codeql/javascript/ql/lib/semmle/javascript/security/dataflow/PropertyInjectionShared.qll",
                        "/mnt/c/GitHub/codeql/javascript/ql/lib/semmle/javascript/security/dataflow/PrototypePollutingAssignmentCustomizations.qll",
                        "/mnt/c/GitHub/codeql/javascript/ql/lib/semmle/javascript/security/dataflow/PrototypePollutingAssignmentQuery.qll",
                        "/mnt/c/GitHub/codeql/javascript/ql/lib/semmle/javascript/security/dataflow/PrototypePollutionCustomizations.qll",
                        "/mnt/c/GitHub/codeql/javascript/ql/lib/semmle/javascript/security/dataflow/PrototypePollutionQuery.qll",
                        "/mnt/c/GitHub/codeql/javascript/ql/lib/semmle/javascript/security/dataflow/ReflectedXssCustomizations.qll",
                        "/mnt/c/GitHub/codeql/javascript/ql/lib/semmle/javascript/security/dataflow/ReflectedXssQuery.qll",
                        "/mnt/c/GitHub/codeql/javascript/ql/lib/semmle/javascript/security/dataflow/RegExpInjectionCustomizations.qll",
                        "/mnt/c/GitHub/codeql/javascript/ql/lib/semmle/javascript/security/dataflow/RegExpInjectionQuery.qll",
                        "/mnt/c/GitHub/codeql/javascript/ql/lib/semmle/javascript/security/dataflow/RemoteFlowSources.qll",
                        "/mnt/c/GitHub/codeql/javascript/ql/lib/semmle/javascript/security/dataflow/RemotePropertyInjectionCustomizations.qll",
                        "/mnt/c/GitHub/codeql/javascript/ql/lib/semmle/javascript/security/dataflow/RemotePropertyInjectionQuery.qll",
                        "/mnt/c/GitHub/codeql/javascript/ql/lib/semmle/javascript/security/dataflow/RequestForgeryCustomizations.qll",
                        "/mnt/c/GitHub/codeql/javascript/ql/lib/semmle/javascript/security/dataflow/RequestForgeryQuery.qll",
                        "/mnt/c/GitHub/codeql/javascript/ql/lib/semmle/javascript/security/dataflow/ResourceExhaustionCustomizations.qll",
                        "/mnt/c/GitHub/codeql/javascript/ql/lib/semmle/javascript/security/dataflow/ResourceExhaustionQuery.qll",
                        "/mnt/c/GitHub/codeql/javascript/ql/lib/semmle/javascript/security/dataflow/SecondOrderCommandInjectionCustomizations.qll",
                        "/mnt/c/GitHub/codeql/javascript/ql/lib/semmle/javascript/security/dataflow/SecondOrderCommandInjectionQuery.qll",
                        "/mnt/c/GitHub/codeql/javascript/ql/lib/semmle/javascript/security/dataflow/ServerSideUrlRedirectCustomizations.qll",
                        "/mnt/c/GitHub/codeql/javascript/ql/lib/semmle/javascript/security/dataflow/ServerSideUrlRedirectQuery.qll",
                        "/mnt/c/GitHub/codeql/javascript/ql/lib/semmle/javascript/security/dataflow/ShellCommandInjectionFromEnvironmentCustomizations.qll",
                        "/mnt/c/GitHub/codeql/javascript/ql/lib/semmle/javascript/security/dataflow/ShellCommandInjectionFromEnvironmentQuery.qll",
                        "/mnt/c/GitHub/codeql/javascript/ql/lib/semmle/javascript/security/dataflow/SqlInjectionCustomizations.qll",
                        "/mnt/c/GitHub/codeql/javascript/ql/lib/semmle/javascript/security/dataflow/SqlInjectionQuery.qll",
                        "/mnt/c/GitHub/codeql/javascript/ql/lib/semmle/javascript/security/dataflow/StackTraceExposureCustomizations.qll",
                        "/mnt/c/GitHub/codeql/javascript/ql/lib/semmle/javascript/security/dataflow/StackTraceExposureQuery.qll",
                        "/mnt/c/GitHub/codeql/javascript/ql/lib/semmle/javascript/security/dataflow/StoredXssCustomizations.qll",
                        "/mnt/c/GitHub/codeql/javascript/ql/lib/semmle/javascript/security/dataflow/StoredXssQuery.qll",
                        "/mnt/c/GitHub/codeql/javascript/ql/lib/semmle/javascript/security/dataflow/TaintedFormatStringCustomizations.qll",
                        "/mnt/c/GitHub/codeql/javascript/ql/lib/semmle/javascript/security/dataflow/TaintedFormatStringQuery.qll",
                        "/mnt/c/GitHub/codeql/javascript/ql/lib/semmle/javascript/security/dataflow/TaintedFormatStringSpecific.qll",
                        "/mnt/c/GitHub/codeql/javascript/ql/lib/semmle/javascript/security/dataflow/TaintedPathCustomizations.qll",
                        "/mnt/c/GitHub/codeql/javascript/ql/lib/semmle/javascript/security/dataflow/TaintedPathQuery.qll",
                        "/mnt/c/GitHub/codeql/javascript/ql/lib/semmle/javascript/security/dataflow/TemplateObjectInjectionCustomizations.qll",
                        "/mnt/c/GitHub/codeql/javascript/ql/lib/semmle/javascript/security/dataflow/TemplateObjectInjectionQuery.qll",
                        "/mnt/c/GitHub/codeql/javascript/ql/lib/semmle/javascript/security/dataflow/TypeConfusionThroughParameterTamperingCustomizations.qll",
                        "/mnt/c/GitHub/codeql/javascript/ql/lib/semmle/javascript/security/dataflow/TypeConfusionThroughParameterTamperingQuery.qll",
                        "/mnt/c/GitHub/codeql/javascript/ql/lib/semmle/javascript/security/dataflow/UnsafeCodeConstruction.qll",
                        "/mnt/c/GitHub/codeql/javascript/ql/lib/semmle/javascript/security/dataflow/UnsafeCodeConstructionCustomizations.qll",
                        "/mnt/c/GitHub/codeql/javascript/ql/lib/semmle/javascript/security/dataflow/UnsafeDeserializationCustomizations.qll",
                        "/mnt/c/GitHub/codeql/javascript/ql/lib/semmle/javascript/security/dataflow/UnsafeDeserializationQuery.qll",
                        "/mnt/c/GitHub/codeql/javascript/ql/lib/semmle/javascript/security/dataflow/UnsafeDynamicMethodAccessCustomizations.qll",
                        "/mnt/c/GitHub/codeql/javascript/ql/lib/semmle/javascript/security/dataflow/UnsafeDynamicMethodAccessQuery.qll",
                        "/mnt/c/GitHub/codeql/javascript/ql/lib/semmle/javascript/security/dataflow/UnsafeHtmlConstructionCustomizations.qll",
                        "/mnt/c/GitHub/codeql/javascript/ql/lib/semmle/javascript/security/dataflow/UnsafeHtmlConstructionQuery.qll",
                        "/mnt/c/GitHub/codeql/javascript/ql/lib/semmle/javascript/security/dataflow/UnsafeJQueryPluginCustomizations.qll",
                        "/mnt/c/GitHub/codeql/javascript/ql/lib/semmle/javascript/security/dataflow/UnsafeJQueryPluginQuery.qll",
                        "/mnt/c/GitHub/codeql/javascript/ql/lib/semmle/javascript/security/dataflow/UnsafeShellCommandConstructionCustomizations.qll",
                        "/mnt/c/GitHub/codeql/javascript/ql/lib/semmle/javascript/security/dataflow/UnsafeShellCommandConstructionQuery.qll",
                        "/mnt/c/GitHub/codeql/javascript/ql/lib/semmle/javascript/security/dataflow/UnvalidatedDynamicMethodCallCustomizations.qll",
                        "/mnt/c/GitHub/codeql/javascript/ql/lib/semmle/javascript/security/dataflow/UnvalidatedDynamicMethodCallQuery.qll",
                        "/mnt/c/GitHub/codeql/javascript/ql/lib/semmle/javascript/security/dataflow/UrlConcatenation.qll",
                        "/mnt/c/GitHub/codeql/javascript/ql/lib/semmle/javascript/security/dataflow/XmlBombCustomizations.qll",
                        "/mnt/c/GitHub/codeql/javascript/ql/lib/semmle/javascript/security/dataflow/XmlBombQuery.qll",
                        "/mnt/c/GitHub/codeql/javascript/ql/lib/semmle/javascript/security/dataflow/XpathInjectionCustomizations.qll",
                        "/mnt/c/GitHub/codeql/javascript/ql/lib/semmle/javascript/security/dataflow/XpathInjectionQuery.qll",
                        "/mnt/c/GitHub/codeql/javascript/ql/lib/semmle/javascript/security/dataflow/Xss.qll",
                        "/mnt/c/GitHub/codeql/javascript/ql/lib/semmle/javascript/security/dataflow/XssThroughDomCustomizations.qll",
                        "/mnt/c/GitHub/codeql/javascript/ql/lib/semmle/javascript/security/dataflow/XssThroughDomQuery.qll",
                        "/mnt/c/GitHub/codeql/javascript/ql/lib/semmle/javascript/security/dataflow/XxeCustomizations.qll",
                        "/mnt/c/GitHub/codeql/javascript/ql/lib/semmle/javascript/security/dataflow/XxeQuery.qll",
                        "/mnt/c/GitHub/codeql/javascript/ql/lib/semmle/javascript/security/dataflow/ZipSlipCustomizations.qll",
                        "/mnt/c/GitHub/codeql/javascript/ql/lib/semmle/javascript/security/dataflow/ZipSlipQuery.qll",
                        "/mnt/c/GitHub/codeql/javascript/ql/lib/semmle/javascript/security/domains/IntegrityCheckingRequired/integrity_checking_required.model.yml",
                        "/mnt/c/GitHub/codeql/javascript/ql/lib/semmle/javascript/security/domains/compromised/compromised_domains.model.yml",
                        "/mnt/c/GitHub/codeql/javascript/ql/lib/semmle/javascript/security/domains/untrusted/untrusted_domains.model.yml",
                        "/mnt/c/GitHub/codeql/javascript/ql/lib/semmle/javascript/security/internal/CryptoAlgorithmNames.qll",
                        "/mnt/c/GitHub/codeql/javascript/ql/lib/semmle/javascript/security/internal/SensitiveDataHeuristics.qll",
                        "/mnt/c/GitHub/codeql/javascript/ql/lib/semmle/javascript/security/regexp/HostnameRegexp.qll",
                        "/mnt/c/GitHub/codeql/javascript/ql/lib/semmle/javascript/security/regexp/PolynomialReDoSCustomizations.qll",
                        "/mnt/c/GitHub/codeql/javascript/ql/lib/semmle/javascript/security/regexp/PolynomialReDoSQuery.qll",
                        "/mnt/c/GitHub/codeql/javascript/ql/lib/semmle/javascript/security/regexp/RegExpTreeView.qll",
                        "/mnt/c/GitHub/codeql/javascript/ql/lib/semmlecode.javascript.dbscheme",
                        "/mnt/c/GitHub/codeql/javascript/ql/lib/semmlecode.javascript.dbscheme.stats",
                        "/mnt/c/GitHub/codeql/javascript/ql/lib/upgrades/03c078a7e6eec294f1457b3d20f9fec4427cb4af/old.dbscheme",
                        "/mnt/c/GitHub/codeql/javascript/ql/lib/upgrades/03c078a7e6eec294f1457b3d20f9fec4427cb4af/semmlecode.javascript.dbscheme",
                        "/mnt/c/GitHub/codeql/javascript/ql/lib/upgrades/03c078a7e6eec294f1457b3d20f9fec4427cb4af/upgrade.properties",
                        "/mnt/c/GitHub/codeql/javascript/ql/lib/upgrades/2dc7a0389827d235763a3748aba73c2d4a677b15/old.dbscheme",
                        "/mnt/c/GitHub/codeql/javascript/ql/lib/upgrades/2dc7a0389827d235763a3748aba73c2d4a677b15/semmlecode.javascript.dbscheme",
                        "/mnt/c/GitHub/codeql/javascript/ql/lib/upgrades/2dc7a0389827d235763a3748aba73c2d4a677b15/upgrade.properties",
                        "/mnt/c/GitHub/codeql/javascript/ql/lib/upgrades/480c0c6f68fac1441d25defa4562f61a5f968d11/hasLocation.ql",
                        "/mnt/c/GitHub/codeql/javascript/ql/lib/upgrades/480c0c6f68fac1441d25defa4562f61a5f968d11/old.dbscheme",
                        "/mnt/c/GitHub/codeql/javascript/ql/lib/upgrades/480c0c6f68fac1441d25defa4562f61a5f968d11/semmlecode.javascript.dbscheme",
                        "/mnt/c/GitHub/codeql/javascript/ql/lib/upgrades/480c0c6f68fac1441d25defa4562f61a5f968d11/upgrade.properties",
                        "/mnt/c/GitHub/codeql/javascript/ql/lib/upgrades/480c0c6f68fac1441d25defa4562f61a5f968d11/yaml_locations.ql",
                        "/mnt/c/GitHub/codeql/javascript/ql/lib/upgrades/4d00210ca570d55c4833af11d3372b774dbc63f2/old.dbscheme",
                        "/mnt/c/GitHub/codeql/javascript/ql/lib/upgrades/4d00210ca570d55c4833af11d3372b774dbc63f2/semmlecode.javascript.dbscheme",
                        "/mnt/c/GitHub/codeql/javascript/ql/lib/upgrades/4d00210ca570d55c4833af11d3372b774dbc63f2/upgrade.properties",
                        "/mnt/c/GitHub/codeql/javascript/ql/lib/upgrades/4d64c2a745b5b200af1d3db2958c255032692be9/old.dbscheme",
                        "/mnt/c/GitHub/codeql/javascript/ql/lib/upgrades/4d64c2a745b5b200af1d3db2958c255032692be9/semmlecode.javascript.dbscheme",
                        "/mnt/c/GitHub/codeql/javascript/ql/lib/upgrades/4d64c2a745b5b200af1d3db2958c255032692be9/upgrade.properties",
                        "/mnt/c/GitHub/codeql/javascript/ql/lib/upgrades/4e26462d907d2cfb7ec8a08f8ccdf40732038ef8/old.dbscheme",
                        "/mnt/c/GitHub/codeql/javascript/ql/lib/upgrades/4e26462d907d2cfb7ec8a08f8ccdf40732038ef8/semmlecode.javascript.dbscheme",
                        "/mnt/c/GitHub/codeql/javascript/ql/lib/upgrades/4e26462d907d2cfb7ec8a08f8ccdf40732038ef8/upgrade.properties",
                        "/mnt/c/GitHub/codeql/javascript/ql/lib/upgrades/4f136cb93608918a866f46bfe75fd7138f20bd5e/old.dbscheme",
                        "/mnt/c/GitHub/codeql/javascript/ql/lib/upgrades/4f136cb93608918a866f46bfe75fd7138f20bd5e/semmlecode.javascript.dbscheme",
                        "/mnt/c/GitHub/codeql/javascript/ql/lib/upgrades/4f136cb93608918a866f46bfe75fd7138f20bd5e/upgrade.properties",
                        "/mnt/c/GitHub/codeql/javascript/ql/lib/upgrades/56b74a6808d3fe01835d454c25ea8dc3da1a8fdf/old.dbscheme",
                        "/mnt/c/GitHub/codeql/javascript/ql/lib/upgrades/56b74a6808d3fe01835d454c25ea8dc3da1a8fdf/semmlecode.javascript.dbscheme",
                        "/mnt/c/GitHub/codeql/javascript/ql/lib/upgrades/56b74a6808d3fe01835d454c25ea8dc3da1a8fdf/upgrade.properties",
                        "/mnt/c/GitHub/codeql/javascript/ql/lib/upgrades/5a5adbf98dce747760ad1b8d0b9d27b53934e17c/old.dbscheme",
                        "/mnt/c/GitHub/codeql/javascript/ql/lib/upgrades/5a5adbf98dce747760ad1b8d0b9d27b53934e17c/semmlecode.javascript.dbscheme",
                        "/mnt/c/GitHub/codeql/javascript/ql/lib/upgrades/5a5adbf98dce747760ad1b8d0b9d27b53934e17c/upgrade.properties",
                        "/mnt/c/GitHub/codeql/javascript/ql/lib/upgrades/6486c78671c40e4dc07932d806366f09051bb399/old.dbscheme",
                        "/mnt/c/GitHub/codeql/javascript/ql/lib/upgrades/6486c78671c40e4dc07932d806366f09051bb399/semmlecode.javascript.dbscheme",
                        "/mnt/c/GitHub/codeql/javascript/ql/lib/upgrades/6486c78671c40e4dc07932d806366f09051bb399/upgrade.properties",
                        "/mnt/c/GitHub/codeql/javascript/ql/lib/upgrades/64ea4d71964ad03f6604cf49f4869163dacbab66/hasLocation.ql",
                        "/mnt/c/GitHub/codeql/javascript/ql/lib/upgrades/64ea4d71964ad03f6604cf49f4869163dacbab66/json_locations.ql",
                        "/mnt/c/GitHub/codeql/javascript/ql/lib/upgrades/64ea4d71964ad03f6604cf49f4869163dacbab66/old.dbscheme",
                        "/mnt/c/GitHub/codeql/javascript/ql/lib/upgrades/64ea4d71964ad03f6604cf49f4869163dacbab66/semmlecode.javascript.dbscheme",
                        "/mnt/c/GitHub/codeql/javascript/ql/lib/upgrades/64ea4d71964ad03f6604cf49f4869163dacbab66/upgrade.properties",
                        "/mnt/c/GitHub/codeql/javascript/ql/lib/upgrades/7eead88269b20e9d61f61cd2291affb737dc831e/isES2015Module.ql",
                        "/mnt/c/GitHub/codeql/javascript/ql/lib/upgrades/7eead88269b20e9d61f61cd2291affb737dc831e/old.dbscheme",
                        "/mnt/c/GitHub/codeql/javascript/ql/lib/upgrades/7eead88269b20e9d61f61cd2291affb737dc831e/semmlecode.javascript.dbscheme",
                        "/mnt/c/GitHub/codeql/javascript/ql/lib/upgrades/7eead88269b20e9d61f61cd2291affb737dc831e/upgrade.properties",
                        "/mnt/c/GitHub/codeql/javascript/ql/lib/upgrades/81e6619c681f7844e8ddc38db102e75b428c830c/old.dbscheme",
                        "/mnt/c/GitHub/codeql/javascript/ql/lib/upgrades/81e6619c681f7844e8ddc38db102e75b428c830c/semmlecode.javascript.dbscheme",
                        "/mnt/c/GitHub/codeql/javascript/ql/lib/upgrades/81e6619c681f7844e8ddc38db102e75b428c830c/upgrade.properties",
                        "/mnt/c/GitHub/codeql/javascript/ql/lib/upgrades/8320e9d13aad4f77a4348e744b55024e785bfcdf/old.dbscheme",
                        "/mnt/c/GitHub/codeql/javascript/ql/lib/upgrades/8320e9d13aad4f77a4348e744b55024e785bfcdf/semmlecode.javascript.dbscheme",
                        "/mnt/c/GitHub/codeql/javascript/ql/lib/upgrades/8320e9d13aad4f77a4348e744b55024e785bfcdf/upgrade.properties",
                        "/mnt/c/GitHub/codeql/javascript/ql/lib/upgrades/874ebfcd4d2fd346c10ebec145466d9071d78606/old.dbscheme",
                        "/mnt/c/GitHub/codeql/javascript/ql/lib/upgrades/874ebfcd4d2fd346c10ebec145466d9071d78606/semmlecode.javascript.dbscheme",
                        "/mnt/c/GitHub/codeql/javascript/ql/lib/upgrades/874ebfcd4d2fd346c10ebec145466d9071d78606/upgrade.properties",
                        "/mnt/c/GitHub/codeql/javascript/ql/lib/upgrades/8accf0f930bcb8b42d69fd7ef7b4372604f551ed/old.dbscheme",
                        "/mnt/c/GitHub/codeql/javascript/ql/lib/upgrades/8accf0f930bcb8b42d69fd7ef7b4372604f551ed/semmlecode.javascript.dbscheme",
                        "/mnt/c/GitHub/codeql/javascript/ql/lib/upgrades/8accf0f930bcb8b42d69fd7ef7b4372604f551ed/upgrade.properties",
                        "/mnt/c/GitHub/codeql/javascript/ql/lib/upgrades/930898a4fe07cb48de46800904922ca118b31e50/old.dbscheme",
                        "/mnt/c/GitHub/codeql/javascript/ql/lib/upgrades/930898a4fe07cb48de46800904922ca118b31e50/semmlecode.javascript.dbscheme",
                        "/mnt/c/GitHub/codeql/javascript/ql/lib/upgrades/930898a4fe07cb48de46800904922ca118b31e50/tuple_type_rest_index.ql",
                        "/mnt/c/GitHub/codeql/javascript/ql/lib/upgrades/930898a4fe07cb48de46800904922ca118b31e50/upgrade.properties",
                        "/mnt/c/GitHub/codeql/javascript/ql/lib/upgrades/96b0a386b6fb8da2b5f2514f26154a10c906f9c5/old.dbscheme",
                        "/mnt/c/GitHub/codeql/javascript/ql/lib/upgrades/96b0a386b6fb8da2b5f2514f26154a10c906f9c5/semmlecode.javascript.dbscheme",
                        "/mnt/c/GitHub/codeql/javascript/ql/lib/upgrades/96b0a386b6fb8da2b5f2514f26154a10c906f9c5/upgrade.properties",
                        "/mnt/c/GitHub/codeql/javascript/ql/lib/upgrades/9a70dfc47d84e32ee3758371acb55ab3f905abdc/old.dbscheme",
                        "/mnt/c/GitHub/codeql/javascript/ql/lib/upgrades/9a70dfc47d84e32ee3758371acb55ab3f905abdc/semmlecode.javascript.dbscheme",
                        "/mnt/c/GitHub/codeql/javascript/ql/lib/upgrades/9a70dfc47d84e32ee3758371acb55ab3f905abdc/upgrade.properties",
                        "/mnt/c/GitHub/codeql/javascript/ql/lib/upgrades/9ca3692b65fd8d751431861d1a25c57f3e61d15b/old.dbscheme",
                        "/mnt/c/GitHub/codeql/javascript/ql/lib/upgrades/9ca3692b65fd8d751431861d1a25c57f3e61d15b/semmlecode.javascript.dbscheme",
                        "/mnt/c/GitHub/codeql/javascript/ql/lib/upgrades/9ca3692b65fd8d751431861d1a25c57f3e61d15b/upgrade.properties",
                        "/mnt/c/GitHub/codeql/javascript/ql/lib/upgrades/ab0dab3b55b386f366e9904e10139edebca0495c/old.dbscheme",
                        "/mnt/c/GitHub/codeql/javascript/ql/lib/upgrades/ab0dab3b55b386f366e9904e10139edebca0495c/semmlecode.javascript.dbscheme",
                        "/mnt/c/GitHub/codeql/javascript/ql/lib/upgrades/ab0dab3b55b386f366e9904e10139edebca0495c/upgrade.properties",
                        "/mnt/c/GitHub/codeql/javascript/ql/lib/upgrades/b9202b62ec8a0304316515941cb45646c6dd6fdd/old.dbscheme",
                        "/mnt/c/GitHub/codeql/javascript/ql/lib/upgrades/b9202b62ec8a0304316515941cb45646c6dd6fdd/semmlecode.javascript.dbscheme",
                        "/mnt/c/GitHub/codeql/javascript/ql/lib/upgrades/b9202b62ec8a0304316515941cb45646c6dd6fdd/upgrade.properties",
                        "/mnt/c/GitHub/codeql/javascript/ql/lib/upgrades/c0664d5721c90dd32a5b167efea24f9cc6f57cfb/old.dbscheme",
                        "/mnt/c/GitHub/codeql/javascript/ql/lib/upgrades/c0664d5721c90dd32a5b167efea24f9cc6f57cfb/semmlecode.javascript.dbscheme",
                        "/mnt/c/GitHub/codeql/javascript/ql/lib/upgrades/c0664d5721c90dd32a5b167efea24f9cc6f57cfb/upgrade.properties",
                        "/mnt/c/GitHub/codeql/javascript/ql/lib/upgrades/c1ee5346e068f6e0b687e75b4ba3f04a7382f4c4/old.dbscheme",
                        "/mnt/c/GitHub/codeql/javascript/ql/lib/upgrades/c1ee5346e068f6e0b687e75b4ba3f04a7382f4c4/semmlecode.javascript.dbscheme",
                        "/mnt/c/GitHub/codeql/javascript/ql/lib/upgrades/c1ee5346e068f6e0b687e75b4ba3f04a7382f4c4/upgrade.properties",
                        "/mnt/c/GitHub/codeql/javascript/ql/lib/upgrades/c73fbfca57f3d593b9ff50c6aa3a886d6888efec/old.dbscheme",
                        "/mnt/c/GitHub/codeql/javascript/ql/lib/upgrades/c73fbfca57f3d593b9ff50c6aa3a886d6888efec/semmlecode.javascript.dbscheme",
                        "/mnt/c/GitHub/codeql/javascript/ql/lib/upgrades/c73fbfca57f3d593b9ff50c6aa3a886d6888efec/upgrade.properties",
                        "/mnt/c/GitHub/codeql/javascript/ql/lib/upgrades/c8859f3725d4b070a877f8792214582d517c8a9b/old.dbscheme",
                        "/mnt/c/GitHub/codeql/javascript/ql/lib/upgrades/c8859f3725d4b070a877f8792214582d517c8a9b/semmlecode.javascript.dbscheme",
                        "/mnt/c/GitHub/codeql/javascript/ql/lib/upgrades/c8859f3725d4b070a877f8792214582d517c8a9b/semmlecode.javascript.dbscheme.stats",
                        "/mnt/c/GitHub/codeql/javascript/ql/lib/upgrades/c8859f3725d4b070a877f8792214582d517c8a9b/toplevel_parent_xml_node.ql",
                        "/mnt/c/GitHub/codeql/javascript/ql/lib/upgrades/c8859f3725d4b070a877f8792214582d517c8a9b/upgrade.properties",
                        "/mnt/c/GitHub/codeql/javascript/ql/lib/upgrades/dad09eeeff5cf8c9c2b674d5053c63ab44e091df/old.dbscheme",
                        "/mnt/c/GitHub/codeql/javascript/ql/lib/upgrades/dad09eeeff5cf8c9c2b674d5053c63ab44e091df/semmlecode.javascript.dbscheme",
                        "/mnt/c/GitHub/codeql/javascript/ql/lib/upgrades/dad09eeeff5cf8c9c2b674d5053c63ab44e091df/upgrade.properties",
                        "/mnt/c/GitHub/codeql/javascript/ql/lib/upgrades/e2173e83ac503be4d7c18472a2d7ce636724510c/old.dbscheme",
                        "/mnt/c/GitHub/codeql/javascript/ql/lib/upgrades/e2173e83ac503be4d7c18472a2d7ce636724510c/semmlecode.javascript.dbscheme",
                        "/mnt/c/GitHub/codeql/javascript/ql/lib/upgrades/e2173e83ac503be4d7c18472a2d7ce636724510c/upgrade.properties",
                        "/mnt/c/GitHub/codeql/javascript/ql/lib/upgrades/e34b3e16dba5d11961119818c9beeff334f20a90/old.dbscheme",
                        "/mnt/c/GitHub/codeql/javascript/ql/lib/upgrades/e34b3e16dba5d11961119818c9beeff334f20a90/semmlecode.javascript.dbscheme",
                        "/mnt/c/GitHub/codeql/javascript/ql/lib/upgrades/e34b3e16dba5d11961119818c9beeff334f20a90/upgrade.properties",
                        "/mnt/c/GitHub/codeql/javascript/ql/lib/upgrades/e54b35a8a129ebcf246cd4e834935f929b54aa04/old.dbscheme",
                        "/mnt/c/GitHub/codeql/javascript/ql/lib/upgrades/e54b35a8a129ebcf246cd4e834935f929b54aa04/semmlecode.javascript.dbscheme",
                        "/mnt/c/GitHub/codeql/javascript/ql/lib/upgrades/e54b35a8a129ebcf246cd4e834935f929b54aa04/upgrade.properties",
                        "/mnt/c/GitHub/codeql/javascript/ql/lib/upgrades/eee0408097f0b1572b871ee7cc0ecad1aaa795e7/old.dbscheme",
                        "/mnt/c/GitHub/codeql/javascript/ql/lib/upgrades/eee0408097f0b1572b871ee7cc0ecad1aaa795e7/semmlecode.javascript.dbscheme",
                        "/mnt/c/GitHub/codeql/javascript/ql/lib/upgrades/eee0408097f0b1572b871ee7cc0ecad1aaa795e7/upgrade.properties",
                        "/mnt/c/GitHub/codeql/javascript/ql/lib/upgrades/eee08932d5217772961acb1bd1841cc5bb9df91b/old.dbscheme",
                        "/mnt/c/GitHub/codeql/javascript/ql/lib/upgrades/eee08932d5217772961acb1bd1841cc5bb9df91b/semmlecode.javascript.dbscheme",
                        "/mnt/c/GitHub/codeql/javascript/ql/lib/upgrades/eee08932d5217772961acb1bd1841cc5bb9df91b/upgrade.properties",
                        "/mnt/c/GitHub/codeql/javascript/ql/lib/upgrades/fbd45f6b3c6f79d732d0e30a92ea5cee438a1a3e/old.dbscheme",
                        "/mnt/c/GitHub/codeql/javascript/ql/lib/upgrades/fbd45f6b3c6f79d732d0e30a92ea5cee438a1a3e/semmlecode.javascript.dbscheme",
                        "/mnt/c/GitHub/codeql/javascript/ql/lib/upgrades/fbd45f6b3c6f79d732d0e30a92ea5cee438a1a3e/upgrade.properties",
                        "/mnt/c/GitHub/codeql/javascript/ql/lib/upgrades/initial/semmlecode.javascript.dbscheme",
                        "/mnt/c/GitHub/codeql/javascript/ql/lib/utils/test/ConsistencyChecking.qll",
                        "/mnt/c/GitHub/codeql/javascript/ql/lib/utils/test/InlineExpectationsTest.qll",
                        "/mnt/c/GitHub/codeql/javascript/ql/lib/utils/test/InlineExpectationsTestQuery.ql",
                        "/mnt/c/GitHub/codeql/javascript/ql/lib/utils/test/InlineFlowTest.qll",
                        "/mnt/c/GitHub/codeql/javascript/ql/lib/utils/test/InlineFlowTestUtil.qll",
                        "/mnt/c/GitHub/codeql/javascript/ql/lib/utils/test/InlineSummaries.qll",
                        "/mnt/c/GitHub/codeql/javascript/ql/lib/utils/test/LegacyDataFlowDiff.qll",
                        "/mnt/c/GitHub/codeql/javascript/ql/lib/utils/test/internal/InlineExpectationsTestImpl.qll"
                      ]
[2025-01-18 21:40:56] Plumbing command codeql pack packlist completed:
                      {
                        "paths" : [
                          "/mnt/c/GitHub/codeql/javascript/ql/lib/CHANGELOG.md",
                          "/mnt/c/GitHub/codeql/javascript/ql/lib/Customizations.qll",
                          "/mnt/c/GitHub/codeql/javascript/ql/lib/Declarations/Declarations.qll",
                          "/mnt/c/GitHub/codeql/javascript/ql/lib/Declarations/UnusedVariable.qll",
                          "/mnt/c/GitHub/codeql/javascript/ql/lib/Expressions/DOMProperties.qll",
                          "/mnt/c/GitHub/codeql/javascript/ql/lib/Expressions/ExprHasNoEffect.qll",
                          "/mnt/c/GitHub/codeql/javascript/ql/lib/IDEContextual.qll",
                          "/mnt/c/GitHub/codeql/javascript/ql/lib/LanguageFeatures/UnusedIndexVariable.qll",
                          "/mnt/c/GitHub/codeql/javascript/ql/lib/default.qll",
                          "/mnt/c/GitHub/codeql/javascript/ql/lib/definitions.qll",
                          "/mnt/c/GitHub/codeql/javascript/ql/lib/ext/default-threat-models-fixup.model.yml",
                          "/mnt/c/GitHub/codeql/javascript/ql/lib/external/ExternalArtifact.qll",
                          "/mnt/c/GitHub/codeql/javascript/ql/lib/javascript.qll",
                          "/mnt/c/GitHub/codeql/javascript/ql/lib/localDefinitions.ql",
                          "/mnt/c/GitHub/codeql/javascript/ql/lib/localReferences.ql",
                          "/mnt/c/GitHub/codeql/javascript/ql/lib/printAst.ql",
                          "/mnt/c/GitHub/codeql/javascript/ql/lib/qlpack.yml",
                          "/mnt/c/GitHub/codeql/javascript/ql/lib/semmle/files/FileSystem.qll",
                          "/mnt/c/GitHub/codeql/javascript/ql/lib/semmle/javascript/AMD.qll",
                          "/mnt/c/GitHub/codeql/javascript/ql/lib/semmle/javascript/AST.qll",
                          "/mnt/c/GitHub/codeql/javascript/ql/lib/semmle/javascript/Actions.qll",
                          "/mnt/c/GitHub/codeql/javascript/ql/lib/semmle/javascript/Aliases.qll",
                          "/mnt/c/GitHub/codeql/javascript/ql/lib/semmle/javascript/ApiGraphs.qll",
                          "/mnt/c/GitHub/codeql/javascript/ql/lib/semmle/javascript/Arrays.qll",
                          "/mnt/c/GitHub/codeql/javascript/ql/lib/semmle/javascript/Base64.qll",
                          "/mnt/c/GitHub/codeql/javascript/ql/lib/semmle/javascript/BasicBlocks.qll",
                          "/mnt/c/GitHub/codeql/javascript/ql/lib/semmle/javascript/CFG.qll",
                          "/mnt/c/GitHub/codeql/javascript/ql/lib/semmle/javascript/CanonicalNames.qll",
                          "/mnt/c/GitHub/codeql/javascript/ql/lib/semmle/javascript/CharacterEscapes.qll",
                          "/mnt/c/GitHub/codeql/javascript/ql/lib/semmle/javascript/Classes.qll",
                          "/mnt/c/GitHub/codeql/javascript/ql/lib/semmle/javascript/Closure.qll",
                          "/mnt/c/GitHub/codeql/javascript/ql/lib/semmle/javascript/Collections.qll",
                          "/mnt/c/GitHub/codeql/javascript/ql/lib/semmle/javascript/Comments.qll",
                          "/mnt/c/GitHub/codeql/javascript/ql/lib/semmle/javascript/Concepts.qll",
                          "/mnt/c/GitHub/codeql/javascript/ql/lib/semmle/javascript/Constants.qll",
                          "/mnt/c/GitHub/codeql/javascript/ql/lib/semmle/javascript/DOM.qll",
                          "/mnt/c/GitHub/codeql/javascript/ql/lib/semmle/javascript/DefUse.qll",
                          "/mnt/c/GitHub/codeql/javascript/ql/lib/semmle/javascript/DefensiveProgramming.qll",
                          "/mnt/c/GitHub/codeql/javascript/ql/lib/semmle/javascript/DynamicPropertyAccess.qll",
                          "/mnt/c/GitHub/codeql/javascript/ql/lib/semmle/javascript/E4X.qll",
                          "/mnt/c/GitHub/codeql/javascript/ql/lib/semmle/javascript/ES2015Modules.qll",
                          "/mnt/c/GitHub/codeql/javascript/ql/lib/semmle/javascript/EmailClients.qll",
                          "/mnt/c/GitHub/codeql/javascript/ql/lib/semmle/javascript/Errors.qll",
                          "/mnt/c/GitHub/codeql/javascript/ql/lib/semmle/javascript/Expr.qll",
                          "/mnt/c/GitHub/codeql/javascript/ql/lib/semmle/javascript/Extend.qll",
                          "/mnt/c/GitHub/codeql/javascript/ql/lib/semmle/javascript/Externs.qll",
                          "/mnt/c/GitHub/codeql/javascript/ql/lib/semmle/javascript/Files.qll",
                          "/mnt/c/GitHub/codeql/javascript/ql/lib/semmle/javascript/Functions.qll",
                          "/mnt/c/GitHub/codeql/javascript/ql/lib/semmle/javascript/GeneratedCode.qll",
                          "/mnt/c/GitHub/codeql/javascript/ql/lib/semmle/javascript/Generators.qll",
                          "/mnt/c/GitHub/codeql/javascript/ql/lib/semmle/javascript/GlobalAccessPaths.qll",
                          "/mnt/c/GitHub/codeql/javascript/ql/lib/semmle/javascript/HTML.qll",
                          "/mnt/c/GitHub/codeql/javascript/ql/lib/semmle/javascript/HtmlSanitizers.qll",
                          "/mnt/c/GitHub/codeql/javascript/ql/lib/semmle/javascript/InclusionTests.qll",
                          "/mnt/c/GitHub/codeql/javascript/ql/lib/semmle/javascript/JSDoc.qll",
                          "/mnt/c/GitHub/codeql/javascript/ql/lib/semmle/javascript/JSON.qll",
                          "/mnt/c/GitHub/codeql/javascript/ql/lib/semmle/javascript/JSX.qll",
                          "/mnt/c/GitHub/codeql/javascript/ql/lib/semmle/javascript/JsonParsers.qll",
                          "/mnt/c/GitHub/codeql/javascript/ql/lib/semmle/javascript/JsonSchema.qll",
                          "/mnt/c/GitHub/codeql/javascript/ql/lib/semmle/javascript/JsonStringifiers.qll",
                          "/mnt/c/GitHub/codeql/javascript/ql/lib/semmle/javascript/Lines.qll",
                          "/mnt/c/GitHub/codeql/javascript/ql/lib/semmle/javascript/Locations.qll",
                          "/mnt/c/GitHub/codeql/javascript/ql/lib/semmle/javascript/MembershipCandidates.qll",
                          "/mnt/c/GitHub/codeql/javascript/ql/lib/semmle/javascript/Modules.qll",
                          "/mnt/c/GitHub/codeql/javascript/ql/lib/semmle/javascript/NPM.qll",
                          "/mnt/c/GitHub/codeql/javascript/ql/lib/semmle/javascript/NodeJS.qll",
                          "/mnt/c/GitHub/codeql/javascript/ql/lib/semmle/javascript/NodeModuleResolutionImpl.qll",
                          "/mnt/c/GitHub/codeql/javascript/ql/lib/semmle/javascript/PackageExports.qll",
                          "/mnt/c/GitHub/codeql/javascript/ql/lib/semmle/javascript/Paths.qll",
                          "/mnt/c/GitHub/codeql/javascript/ql/lib/semmle/javascript/PrintAst.qll",
                          "/mnt/c/GitHub/codeql/javascript/ql/lib/semmle/javascript/Promises.qll",
                          "/mnt/c/GitHub/codeql/javascript/ql/lib/semmle/javascript/RangeAnalysis.qll",
                          "/mnt/c/GitHub/codeql/javascript/ql/lib/semmle/javascript/Regexp.qll",
                          "/mnt/c/GitHub/codeql/javascript/ql/lib/semmle/javascript/RestrictedLocations.qll",
                          "/mnt/c/GitHub/codeql/javascript/ql/lib/semmle/javascript/Routing.qll",
                          "/mnt/c/GitHub/codeql/javascript/ql/lib/semmle/javascript/SSA.qll",
                          "/mnt/c/GitHub/codeql/javascript/ql/lib/semmle/javascript/SourceMaps.qll",
                          "/mnt/c/GitHub/codeql/javascript/ql/lib/semmle/javascript/StandardLibrary.qll",
                          "/mnt/c/GitHub/codeql/javascript/ql/lib/semmle/javascript/Stmt.qll",
                          "/mnt/c/GitHub/codeql/javascript/ql/lib/semmle/javascript/StringConcatenation.qll",
                          "/mnt/c/GitHub/codeql/javascript/ql/lib/semmle/javascript/StringOps.qll",
                          "/mnt/c/GitHub/codeql/javascript/ql/lib/semmle/javascript/Templates.qll",
                          "/mnt/c/GitHub/codeql/javascript/ql/lib/semmle/javascript/Tokens.qll",
                          "/mnt/c/GitHub/codeql/javascript/ql/lib/semmle/javascript/TypeAnnotations.qll",
                          "/mnt/c/GitHub/codeql/javascript/ql/lib/semmle/javascript/TypeScript.qll",
                          "/mnt/c/GitHub/codeql/javascript/ql/lib/semmle/javascript/Unit.qll",
                          "/mnt/c/GitHub/codeql/javascript/ql/lib/semmle/javascript/Util.qll",
                          "/mnt/c/GitHub/codeql/javascript/ql/lib/semmle/javascript/Variables.qll",
                          "/mnt/c/GitHub/codeql/javascript/ql/lib/semmle/javascript/XML.qll",
                          "/mnt/c/GitHub/codeql/javascript/ql/lib/semmle/javascript/YAML.qll",
                          "/mnt/c/GitHub/codeql/javascript/ql/lib/semmle/javascript/dataflow/AbstractProperties.qll",
                          "/mnt/c/GitHub/codeql/javascript/ql/lib/semmle/javascript/dataflow/AbstractValues.qll",
                          "/mnt/c/GitHub/codeql/javascript/ql/lib/semmle/javascript/dataflow/AdditionalFlowSteps.qll",
                          "/mnt/c/GitHub/codeql/javascript/ql/lib/semmle/javascript/dataflow/AdditionalTaintSteps.qll",
                          "/mnt/c/GitHub/codeql/javascript/ql/lib/semmle/javascript/dataflow/BackwardExploration.qll",
                          "/mnt/c/GitHub/codeql/javascript/ql/lib/semmle/javascript/dataflow/Configuration.qll",
                          "/mnt/c/GitHub/codeql/javascript/ql/lib/semmle/javascript/dataflow/CustomAbstractValueDefinitions.qll",
                          "/mnt/c/GitHub/codeql/javascript/ql/lib/semmle/javascript/dataflow/DataFlow.qll",
                          "/mnt/c/GitHub/codeql/javascript/ql/lib/semmle/javascript/dataflow/FlowSummary.qll",
                          "/mnt/c/GitHub/codeql/javascript/ql/lib/semmle/javascript/dataflow/ForwardExploration.qll",
                          "/mnt/c/GitHub/codeql/javascript/ql/lib/semmle/javascript/dataflow/InferredTypes.qll",
                          "/mnt/c/GitHub/codeql/javascript/ql/lib/semmle/javascript/dataflow/LocalObjects.qll",
                          "/mnt/c/GitHub/codeql/javascript/ql/lib/semmle/javascript/dataflow/Nodes.qll",
                          "/mnt/c/GitHub/codeql/javascript/ql/lib/semmle/javascript/dataflow/Portals.qll",
                          "/mnt/c/GitHub/codeql/javascript/ql/lib/semmle/javascript/dataflow/Refinements.qll",
                          "/mnt/c/GitHub/codeql/javascript/ql/lib/semmle/javascript/dataflow/Sources.qll",
                          "/mnt/c/GitHub/codeql/javascript/ql/lib/semmle/javascript/dataflow/TaintTracking.qll",
                          "/mnt/c/GitHub/codeql/javascript/ql/lib/semmle/javascript/dataflow/TypeInference.qll",
                          "/mnt/c/GitHub/codeql/javascript/ql/lib/semmle/javascript/dataflow/TypeTracking.qll",
                          "/mnt/c/GitHub/codeql/javascript/ql/lib/semmle/javascript/dataflow/internal/AbstractPropertiesImpl.qll",
                          "/mnt/c/GitHub/codeql/javascript/ql/lib/semmle/javascript/dataflow/internal/AbstractValuesImpl.qll",
                          "/mnt/c/GitHub/codeql/javascript/ql/lib/semmle/javascript/dataflow/internal/AccessPaths.qll",
                          "/mnt/c/GitHub/codeql/javascript/ql/lib/semmle/javascript/dataflow/internal/AdditionalFlowInternal.qll",
                          "/mnt/c/GitHub/codeql/javascript/ql/lib/semmle/javascript/dataflow/internal/AnalyzedParameters.qll",
                          "/mnt/c/GitHub/codeql/javascript/ql/lib/semmle/javascript/dataflow/internal/BarrierGuards.qll",
                          "/mnt/c/GitHub/codeql/javascript/ql/lib/semmle/javascript/dataflow/internal/BasicExprTypeInference.qll",
                          "/mnt/c/GitHub/codeql/javascript/ql/lib/semmle/javascript/dataflow/internal/CallGraphs.qll",
                          "/mnt/c/GitHub/codeql/javascript/ql/lib/semmle/javascript/dataflow/internal/Contents.qll",
                          "/mnt/c/GitHub/codeql/javascript/ql/lib/semmle/javascript/dataflow/internal/DataFlowImplConsistency.qll",
                          "/mnt/c/GitHub/codeql/javascript/ql/lib/semmle/javascript/dataflow/internal/DataFlowNode.qll",
                          "/mnt/c/GitHub/codeql/javascript/ql/lib/semmle/javascript/dataflow/internal/DataFlowPrivate.qll",
                          "/mnt/c/GitHub/codeql/javascript/ql/lib/semmle/javascript/dataflow/internal/FlowSteps.qll",
                          "/mnt/c/GitHub/codeql/javascript/ql/lib/semmle/javascript/dataflow/internal/FlowSummaryPrivate.qll",
                          "/mnt/c/GitHub/codeql/javascript/ql/lib/semmle/javascript/dataflow/internal/FunctionWrapperSteps.qll",
                          "/mnt/c/GitHub/codeql/javascript/ql/lib/semmle/javascript/dataflow/internal/InterModuleTypeInference.qll",
                          "/mnt/c/GitHub/codeql/javascript/ql/lib/semmle/javascript/dataflow/internal/InterProceduralTypeInference.qll",
                          "/mnt/c/GitHub/codeql/javascript/ql/lib/semmle/javascript/dataflow/internal/PreCallGraphStep.qll",
                          "/mnt/c/GitHub/codeql/javascript/ql/lib/semmle/javascript/dataflow/internal/PropertyTypeInference.qll",
                          "/mnt/c/GitHub/codeql/javascript/ql/lib/semmle/javascript/dataflow/internal/StepSummary.qll",
                          "/mnt/c/GitHub/codeql/javascript/ql/lib/semmle/javascript/dataflow/internal/TaintTrackingPrivate.qll",
                          "/mnt/c/GitHub/codeql/javascript/ql/lib/semmle/javascript/dataflow/internal/VariableCapture.qll",
                          "/mnt/c/GitHub/codeql/javascript/ql/lib/semmle/javascript/dataflow/internal/VariableOrThis.qll",
                          "/mnt/c/GitHub/codeql/javascript/ql/lib/semmle/javascript/dataflow/internal/VariableTypeInference.qll",
                          "/mnt/c/GitHub/codeql/javascript/ql/lib/semmle/javascript/dataflow/internal/sharedlib/DataFlow.qll",
                          "/mnt/c/GitHub/codeql/javascript/ql/lib/semmle/javascript/dataflow/internal/sharedlib/DataFlowArg.qll",
                          "/mnt/c/GitHub/codeql/javascript/ql/lib/semmle/javascript/dataflow/internal/sharedlib/DataFlowImpl.qll",
                          "/mnt/c/GitHub/codeql/javascript/ql/lib/semmle/javascript/dataflow/internal/sharedlib/DataFlowImplCommon.qll",
                          "/mnt/c/GitHub/codeql/javascript/ql/lib/semmle/javascript/dataflow/internal/sharedlib/DataFlowImplSpecific.qll",
                          "/mnt/c/GitHub/codeql/javascript/ql/lib/semmle/javascript/dataflow/internal/sharedlib/FlowSummaryImpl.qll",
                          "/mnt/c/GitHub/codeql/javascript/ql/lib/semmle/javascript/dataflow/internal/sharedlib/Ssa.qll",
                          "/mnt/c/GitHub/codeql/javascript/ql/lib/semmle/javascript/dataflow/internal/sharedlib/SummaryTypeTracker.qll",
                          "/mnt/c/GitHub/codeql/javascript/ql/lib/semmle/javascript/dataflow/internal/sharedlib/TaintTracking.qll",
                          "/mnt/c/GitHub/codeql/javascript/ql/lib/semmle/javascript/dependencies/Dependencies.qll",
                          "/mnt/c/GitHub/codeql/javascript/ql/lib/semmle/javascript/dependencies/DependencyCustomizations.qll",
                          "/mnt/c/GitHub/codeql/javascript/ql/lib/semmle/javascript/dependencies/FrameworkLibraries.qll",
                          "/mnt/c/GitHub/codeql/javascript/ql/lib/semmle/javascript/dependencies/SemVer.qll",
                          "/mnt/c/GitHub/codeql/javascript/ql/lib/semmle/javascript/endpoints/EndpointNaming.qll",
                          "/mnt/c/GitHub/codeql/javascript/ql/lib/semmle/javascript/explore/BackwardDataFlow.qll",
                          "/mnt/c/GitHub/codeql/javascript/ql/lib/semmle/javascript/explore/CallGraph.qll",
                          "/mnt/c/GitHub/codeql/javascript/ql/lib/semmle/javascript/explore/ForwardDataFlow.qll",
                          "/mnt/c/GitHub/codeql/javascript/ql/lib/semmle/javascript/filters/ClassifyFiles.qll",
                          "/mnt/c/GitHub/codeql/javascript/ql/lib/semmle/javascript/frameworks/AWS.qll",
                          "/mnt/c/GitHub/codeql/javascript/ql/lib/semmle/javascript/frameworks/ActionsLib.qll",
                          "/mnt/c/GitHub/codeql/javascript/ql/lib/semmle/javascript/frameworks/Angular2.qll",
                          "/mnt/c/GitHub/codeql/javascript/ql/lib/semmle/javascript/frameworks/AngularJS.qll",
                          "/mnt/c/GitHub/codeql/javascript/ql/lib/semmle/javascript/frameworks/AngularJS/AngularJSCore.qll",
                          "/mnt/c/GitHub/codeql/javascript/ql/lib/semmle/javascript/frameworks/AngularJS/AngularJSExpressions.qll",
                          "/mnt/c/GitHub/codeql/javascript/ql/lib/semmle/javascript/frameworks/AngularJS/DependencyInjections.qll",
                          "/mnt/c/GitHub/codeql/javascript/ql/lib/semmle/javascript/frameworks/AngularJS/ServiceDefinitions.qll",
                          "/mnt/c/GitHub/codeql/javascript/ql/lib/semmle/javascript/frameworks/Anser.qll",
                          "/mnt/c/GitHub/codeql/javascript/ql/lib/semmle/javascript/frameworks/AsyncPackage.qll",
                          "/mnt/c/GitHub/codeql/javascript/ql/lib/semmle/javascript/frameworks/Azure.qll",
                          "/mnt/c/GitHub/codeql/javascript/ql/lib/semmle/javascript/frameworks/Babel.qll",
                          "/mnt/c/GitHub/codeql/javascript/ql/lib/semmle/javascript/frameworks/Bundling.qll",
                          "/mnt/c/GitHub/codeql/javascript/ql/lib/semmle/javascript/frameworks/Cheerio.qll",
                          "/mnt/c/GitHub/codeql/javascript/ql/lib/semmle/javascript/frameworks/ClassValidator.qll",
                          "/mnt/c/GitHub/codeql/javascript/ql/lib/semmle/javascript/frameworks/Classnames.qll",
                          "/mnt/c/GitHub/codeql/javascript/ql/lib/semmle/javascript/frameworks/ClientRequests.qll",
                          "/mnt/c/GitHub/codeql/javascript/ql/lib/semmle/javascript/frameworks/ClosureLibrary.qll",
                          "/mnt/c/GitHub/codeql/javascript/ql/lib/semmle/javascript/frameworks/CommandLineArguments.qll",
                          "/mnt/c/GitHub/codeql/javascript/ql/lib/semmle/javascript/frameworks/ComposedFunctions.qll",
                          "/mnt/c/GitHub/codeql/javascript/ql/lib/semmle/javascript/frameworks/Connect.qll",
                          "/mnt/c/GitHub/codeql/javascript/ql/lib/semmle/javascript/frameworks/ConnectExpressShared.qll",
                          "/mnt/c/GitHub/codeql/javascript/ql/lib/semmle/javascript/frameworks/CookieLibraries.qll",
                          "/mnt/c/GitHub/codeql/javascript/ql/lib/semmle/javascript/frameworks/Credentials.qll",
                          "/mnt/c/GitHub/codeql/javascript/ql/lib/semmle/javascript/frameworks/CryptoLibraries.qll",
                          "/mnt/c/GitHub/codeql/javascript/ql/lib/semmle/javascript/frameworks/D3.qll",
                          "/mnt/c/GitHub/codeql/javascript/ql/lib/semmle/javascript/frameworks/DateFunctions.qll",
                          "/mnt/c/GitHub/codeql/javascript/ql/lib/semmle/javascript/frameworks/DigitalOcean.qll",
                          "/mnt/c/GitHub/codeql/javascript/ql/lib/semmle/javascript/frameworks/DomEvents.qll",
                          "/mnt/c/GitHub/codeql/javascript/ql/lib/semmle/javascript/frameworks/Electron.qll",
                          "/mnt/c/GitHub/codeql/javascript/ql/lib/semmle/javascript/frameworks/Emscripten.qll",
                          "/mnt/c/GitHub/codeql/javascript/ql/lib/semmle/javascript/frameworks/EventEmitter.qll",
                          "/mnt/c/GitHub/codeql/javascript/ql/lib/semmle/javascript/frameworks/Express.qll",
                          "/mnt/c/GitHub/codeql/javascript/ql/lib/semmle/javascript/frameworks/ExpressModules.qll",
                          "/mnt/c/GitHub/codeql/javascript/ql/lib/semmle/javascript/frameworks/Fastify.qll",
                          "/mnt/c/GitHub/codeql/javascript/ql/lib/semmle/javascript/frameworks/Files.qll",
                          "/mnt/c/GitHub/codeql/javascript/ql/lib/semmle/javascript/frameworks/Firebase.qll",
                          "/mnt/c/GitHub/codeql/javascript/ql/lib/semmle/javascript/frameworks/FormParsers.qll",
                          "/mnt/c/GitHub/codeql/javascript/ql/lib/semmle/javascript/frameworks/GWT.qll",
                          "/mnt/c/GitHub/codeql/javascript/ql/lib/semmle/javascript/frameworks/GraphQL.qll",
                          "/mnt/c/GitHub/codeql/javascript/ql/lib/semmle/javascript/frameworks/HTTP.qll",
                          "/mnt/c/GitHub/codeql/javascript/ql/lib/semmle/javascript/frameworks/Handlebars.qll",
                          "/mnt/c/GitHub/codeql/javascript/ql/lib/semmle/javascript/frameworks/Hapi.qll",
                          "/mnt/c/GitHub/codeql/javascript/ql/lib/semmle/javascript/frameworks/History.qll",
                          "/mnt/c/GitHub/codeql/javascript/ql/lib/semmle/javascript/frameworks/HttpFrameworks.qll",
                          "/mnt/c/GitHub/codeql/javascript/ql/lib/semmle/javascript/frameworks/HttpProxy.qll",
                          "/mnt/c/GitHub/codeql/javascript/ql/lib/semmle/javascript/frameworks/Immutable.qll",
                          "/mnt/c/GitHub/codeql/javascript/ql/lib/semmle/javascript/frameworks/JWT.qll",
                          "/mnt/c/GitHub/codeql/javascript/ql/lib/semmle/javascript/frameworks/Knex.qll",
                          "/mnt/c/GitHub/codeql/javascript/ql/lib/semmle/javascript/frameworks/Koa.qll",
                          "/mnt/c/GitHub/codeql/javascript/ql/lib/semmle/javascript/frameworks/LazyCache.qll",
                          "/mnt/c/GitHub/codeql/javascript/ql/lib/semmle/javascript/frameworks/LdapJS.qll",
                          "/mnt/c/GitHub/codeql/javascript/ql/lib/semmle/javascript/frameworks/LiveServer.qll",
                          "/mnt/c/GitHub/codeql/javascript/ql/lib/semmle/javascript/frameworks/LodashUnderscore.qll",
                          "/mnt/c/GitHub/codeql/javascript/ql/lib/semmle/javascript/frameworks/Logging.qll",
                          "/mnt/c/GitHub/codeql/javascript/ql/lib/semmle/javascript/frameworks/Markdown.qll",
                          "/mnt/c/GitHub/codeql/javascript/ql/lib/semmle/javascript/frameworks/Micro.qll",
                          "/mnt/c/GitHub/codeql/javascript/ql/lib/semmle/javascript/frameworks/MooTools.qll",
                          "/mnt/c/GitHub/codeql/javascript/ql/lib/semmle/javascript/frameworks/Nest.qll",
                          "/mnt/c/GitHub/codeql/javascript/ql/lib/semmle/javascript/frameworks/Next.qll",
                          "/mnt/c/GitHub/codeql/javascript/ql/lib/semmle/javascript/frameworks/NoSQL.model.yml",
                          "/mnt/c/GitHub/codeql/javascript/ql/lib/semmle/javascript/frameworks/NoSQL.qll",
                          "/mnt/c/GitHub/codeql/javascript/ql/lib/semmle/javascript/frameworks/NodeJSLib.model.yml",
                          "/mnt/c/GitHub/codeql/javascript/ql/lib/semmle/javascript/frameworks/NodeJSLib.qll",
                          "/mnt/c/GitHub/codeql/javascript/ql/lib/semmle/javascript/frameworks/PkgCloud.qll",
                          "/mnt/c/GitHub/codeql/javascript/ql/lib/semmle/javascript/frameworks/Prettier.qll",
                          "/mnt/c/GitHub/codeql/javascript/ql/lib/semmle/javascript/frameworks/PropertyProjection.qll",
                          "/mnt/c/GitHub/codeql/javascript/ql/lib/semmle/javascript/frameworks/Puppeteer.qll",
                          "/mnt/c/GitHub/codeql/javascript/ql/lib/semmle/javascript/frameworks/React.qll",
                          "/mnt/c/GitHub/codeql/javascript/ql/lib/semmle/javascript/frameworks/ReactNative.qll",
                          "/mnt/c/GitHub/codeql/javascript/ql/lib/semmle/javascript/frameworks/Redux.qll",
                          "/mnt/c/GitHub/codeql/javascript/ql/lib/semmle/javascript/frameworks/Request.qll",
                          "/mnt/c/GitHub/codeql/javascript/ql/lib/semmle/javascript/frameworks/Restify.qll",
                          "/mnt/c/GitHub/codeql/javascript/ql/lib/semmle/javascript/frameworks/RxJS.qll",
                          "/mnt/c/GitHub/codeql/javascript/ql/lib/semmle/javascript/frameworks/SQL.model.yml",
                          "/mnt/c/GitHub/codeql/javascript/ql/lib/semmle/javascript/frameworks/SQL.qll",
                          "/mnt/c/GitHub/codeql/javascript/ql/lib/semmle/javascript/frameworks/ServerLess.qll",
                          "/mnt/c/GitHub/codeql/javascript/ql/lib/semmle/javascript/frameworks/ShellJS.qll",
                          "/mnt/c/GitHub/codeql/javascript/ql/lib/semmle/javascript/frameworks/Snapdragon.qll",
                          "/mnt/c/GitHub/codeql/javascript/ql/lib/semmle/javascript/frameworks/SocketIO.qll",
                          "/mnt/c/GitHub/codeql/javascript/ql/lib/semmle/javascript/frameworks/Spife.qll",
                          "/mnt/c/GitHub/codeql/javascript/ql/lib/semmle/javascript/frameworks/StringFormatters.qll",
                          "/mnt/c/GitHub/codeql/javascript/ql/lib/semmle/javascript/frameworks/SystemCommandExecutors.qll",
                          "/mnt/c/GitHub/codeql/javascript/ql/lib/semmle/javascript/frameworks/Templating.qll",
                          "/mnt/c/GitHub/codeql/javascript/ql/lib/semmle/javascript/frameworks/Testing.qll",
                          "/mnt/c/GitHub/codeql/javascript/ql/lib/semmle/javascript/frameworks/TestingCustomizations.qll",
                          "/mnt/c/GitHub/codeql/javascript/ql/lib/semmle/javascript/frameworks/TorrentLibraries.qll",
                          "/mnt/c/GitHub/codeql/javascript/ql/lib/semmle/javascript/frameworks/TrustedTypes.qll",
                          "/mnt/c/GitHub/codeql/javascript/ql/lib/semmle/javascript/frameworks/Typeahead.qll",
                          "/mnt/c/GitHub/codeql/javascript/ql/lib/semmle/javascript/frameworks/UriLibraries.qll",
                          "/mnt/c/GitHub/codeql/javascript/ql/lib/semmle/javascript/frameworks/Vue.qll",
                          "/mnt/c/GitHub/codeql/javascript/ql/lib/semmle/javascript/frameworks/Vuex.qll",
                          "/mnt/c/GitHub/codeql/javascript/ql/lib/semmle/javascript/frameworks/WebSocket.qll",
                          "/mnt/c/GitHub/codeql/javascript/ql/lib/semmle/javascript/frameworks/Webix.qll",
                          "/mnt/c/GitHub/codeql/javascript/ql/lib/semmle/javascript/frameworks/XmlParsers.qll",
                          "/mnt/c/GitHub/codeql/javascript/ql/lib/semmle/javascript/frameworks/data/ModelsAsData.qll",
                          "/mnt/c/GitHub/codeql/javascript/ql/lib/semmle/javascript/frameworks/data/internal/ApiGraphModels.qll",
                          "/mnt/c/GitHub/codeql/javascript/ql/lib/semmle/javascript/frameworks/data/internal/ApiGraphModelsExport.qll",
                          "/mnt/c/GitHub/codeql/javascript/ql/lib/semmle/javascript/frameworks/data/internal/ApiGraphModelsExtensions.qll",
                          "/mnt/c/GitHub/codeql/javascript/ql/lib/semmle/javascript/frameworks/data/internal/ApiGraphModelsSpecific.qll",
                          "/mnt/c/GitHub/codeql/javascript/ql/lib/semmle/javascript/frameworks/data/internal/empty.model.yml",
                          "/mnt/c/GitHub/codeql/javascript/ql/lib/semmle/javascript/frameworks/helmet/Helmet.Required.Setting.model.yml",
                          "/mnt/c/GitHub/codeql/javascript/ql/lib/semmle/javascript/frameworks/helmet/Helmet.qll",
                          "/mnt/c/GitHub/codeql/javascript/ql/lib/semmle/javascript/frameworks/jQuery.qll",
                          "/mnt/c/GitHub/codeql/javascript/ql/lib/semmle/javascript/frameworks/minimongo/model.yml",
                          "/mnt/c/GitHub/codeql/javascript/ql/lib/semmle/javascript/frameworks/mongodb/model.yml",
                          "/mnt/c/GitHub/codeql/javascript/ql/lib/semmle/javascript/frameworks/mssql/model.yml",
                          "/mnt/c/GitHub/codeql/javascript/ql/lib/semmle/javascript/frameworks/mysql/model.yml",
                          "/mnt/c/GitHub/codeql/javascript/ql/lib/semmle/javascript/frameworks/pg/model.yml",
                          "/mnt/c/GitHub/codeql/javascript/ql/lib/semmle/javascript/frameworks/sequelize/model.yml",
                          "/mnt/c/GitHub/codeql/javascript/ql/lib/semmle/javascript/frameworks/spanner/model.yml",
                          "/mnt/c/GitHub/codeql/javascript/ql/lib/semmle/javascript/frameworks/sqlite3/model.yml",
                          "/mnt/c/GitHub/codeql/javascript/ql/lib/semmle/javascript/frameworks/xUnit.qll",
                          "/mnt/c/GitHub/codeql/javascript/ql/lib/semmle/javascript/heuristics/AdditionalFrameworks.qll",
                          "/mnt/c/GitHub/codeql/javascript/ql/lib/semmle/javascript/heuristics/AdditionalPromises.qll",
                          "/mnt/c/GitHub/codeql/javascript/ql/lib/semmle/javascript/heuristics/AdditionalRouteHandlers.qll",
                          "/mnt/c/GitHub/codeql/javascript/ql/lib/semmle/javascript/heuristics/AdditionalSinks.qll",
                          "/mnt/c/GitHub/codeql/javascript/ql/lib/semmle/javascript/heuristics/AdditionalSources.qll",
                          "/mnt/c/GitHub/codeql/javascript/ql/lib/semmle/javascript/heuristics/AdditionalTaintSteps.qll",
                          "/mnt/c/GitHub/codeql/javascript/ql/lib/semmle/javascript/heuristics/HeuristicSinks.qll",
                          "/mnt/c/GitHub/codeql/javascript/ql/lib/semmle/javascript/heuristics/SyntacticHeuristics.qll",
                          "/mnt/c/GitHub/codeql/javascript/ql/lib/semmle/javascript/heuristics/all.qll",
                          "/mnt/c/GitHub/codeql/javascript/ql/lib/semmle/javascript/internal/BasicBlockInternal.qll",
                          "/mnt/c/GitHub/codeql/javascript/ql/lib/semmle/javascript/internal/CachedStages.qll",
                          "/mnt/c/GitHub/codeql/javascript/ql/lib/semmle/javascript/internal/ConceptsImports.qll",
                          "/mnt/c/GitHub/codeql/javascript/ql/lib/semmle/javascript/internal/ConceptsShared.qll",
                          "/mnt/c/GitHub/codeql/javascript/ql/lib/semmle/javascript/internal/Locations.qll",
                          "/mnt/c/GitHub/codeql/javascript/ql/lib/semmle/javascript/internal/StmtContainers.qll",
                          "/mnt/c/GitHub/codeql/javascript/ql/lib/semmle/javascript/internal/flow_summaries/AllFlowSummaries.qll",
                          "/mnt/c/GitHub/codeql/javascript/ql/lib/semmle/javascript/internal/flow_summaries/AmbiguousCoreMethods.qll",
                          "/mnt/c/GitHub/codeql/javascript/ql/lib/semmle/javascript/internal/flow_summaries/Arrays.qll",
                          "/mnt/c/GitHub/codeql/javascript/ql/lib/semmle/javascript/internal/flow_summaries/AsyncAwait.qll",
                          "/mnt/c/GitHub/codeql/javascript/ql/lib/semmle/javascript/internal/flow_summaries/DynamicImportStep.qll",
                          "/mnt/c/GitHub/codeql/javascript/ql/lib/semmle/javascript/internal/flow_summaries/ExceptionFlow.qll",
                          "/mnt/c/GitHub/codeql/javascript/ql/lib/semmle/javascript/internal/flow_summaries/FlowSummaryUtil.qll",
                          "/mnt/c/GitHub/codeql/javascript/ql/lib/semmle/javascript/internal/flow_summaries/ForOfLoops.qll",
                          "/mnt/c/GitHub/codeql/javascript/ql/lib/semmle/javascript/internal/flow_summaries/Generators.qll",
                          "/mnt/c/GitHub/codeql/javascript/ql/lib/semmle/javascript/internal/flow_summaries/Iterators.qll",
                          "/mnt/c/GitHub/codeql/javascript/ql/lib/semmle/javascript/internal/flow_summaries/JsonStringify.qll",
                          "/mnt/c/GitHub/codeql/javascript/ql/lib/semmle/javascript/internal/flow_summaries/Maps.qll",
                          "/mnt/c/GitHub/codeql/javascript/ql/lib/semmle/javascript/internal/flow_summaries/Promises.qll",
                          "/mnt/c/GitHub/codeql/javascript/ql/lib/semmle/javascript/internal/flow_summaries/Sets.qll",
                          "/mnt/c/GitHub/codeql/javascript/ql/lib/semmle/javascript/internal/flow_summaries/Strings.qll",
                          "/mnt/c/GitHub/codeql/javascript/ql/lib/semmle/javascript/linters/ESLint.qll",
                          "/mnt/c/GitHub/codeql/javascript/ql/lib/semmle/javascript/linters/JSLint.qll",
                          "/mnt/c/GitHub/codeql/javascript/ql/lib/semmle/javascript/linters/Linting.qll",
                          "/mnt/c/GitHub/codeql/javascript/ql/lib/semmle/javascript/meta/ExtractionMetrics.qll",
                          "/mnt/c/GitHub/codeql/javascript/ql/lib/semmle/javascript/security/CommonFlowState.qll",
                          "/mnt/c/GitHub/codeql/javascript/ql/lib/semmle/javascript/security/CryptoAlgorithms.qll",
                          "/mnt/c/GitHub/codeql/javascript/ql/lib/semmle/javascript/security/FunctionalityFromUntrustedSource.qll",
                          "/mnt/c/GitHub/codeql/javascript/ql/lib/semmle/javascript/security/IncompleteBlacklistSanitizer.qll",
                          "/mnt/c/GitHub/codeql/javascript/ql/lib/semmle/javascript/security/IncompleteMultiCharacterSanitizationQuery.qll",
                          "/mnt/c/GitHub/codeql/javascript/ql/lib/semmle/javascript/security/IncompleteMultiCharacterSanitizationSpecific.qll",
                          "/mnt/c/GitHub/codeql/javascript/ql/lib/semmle/javascript/security/PasswordInConfigurationFileQuery.qll",
                          "/mnt/c/GitHub/codeql/javascript/ql/lib/semmle/javascript/security/SensitiveActions.qll",
                          "/mnt/c/GitHub/codeql/javascript/ql/lib/semmle/javascript/security/TaintedObject.qll",
                          "/mnt/c/GitHub/codeql/javascript/ql/lib/semmle/javascript/security/TaintedObjectCustomizations.qll",
                          "/mnt/c/GitHub/codeql/javascript/ql/lib/semmle/javascript/security/TaintedUrlSuffix.qll",
                          "/mnt/c/GitHub/codeql/javascript/ql/lib/semmle/javascript/security/TaintedUrlSuffixCustomizations.qll",
                          "/mnt/c/GitHub/codeql/javascript/ql/lib/semmle/javascript/security/UselessUseOfCat.qll",
                          "/mnt/c/GitHub/codeql/javascript/ql/lib/semmle/javascript/security/dataflow/BrokenCryptoAlgorithmCustomizations.qll",
                          "/mnt/c/GitHub/codeql/javascript/ql/lib/semmle/javascript/security/dataflow/BrokenCryptoAlgorithmQuery.qll",
                          "/mnt/c/GitHub/codeql/javascript/ql/lib/semmle/javascript/security/dataflow/BuildArtifactLeakCustomizations.qll",
                          "/mnt/c/GitHub/codeql/javascript/ql/lib/semmle/javascript/security/dataflow/BuildArtifactLeakQuery.qll",
                          "/mnt/c/GitHub/codeql/javascript/ql/lib/semmle/javascript/security/dataflow/CleartextLoggingCustomizations.qll",
                          "/mnt/c/GitHub/codeql/javascript/ql/lib/semmle/javascript/security/dataflow/CleartextLoggingQuery.qll",
                          "/mnt/c/GitHub/codeql/javascript/ql/lib/semmle/javascript/security/dataflow/CleartextStorageCustomizations.qll",
                          "/mnt/c/GitHub/codeql/javascript/ql/lib/semmle/javascript/security/dataflow/CleartextStorageQuery.qll",
                          "/mnt/c/GitHub/codeql/javascript/ql/lib/semmle/javascript/security/dataflow/ClientSideRequestForgeryQuery.qll",
                          "/mnt/c/GitHub/codeql/javascript/ql/lib/semmle/javascript/security/dataflow/ClientSideUrlRedirectCustomizations.qll",
                          "/mnt/c/GitHub/codeql/javascript/ql/lib/semmle/javascript/security/dataflow/ClientSideUrlRedirectQuery.qll",
                          "/mnt/c/GitHub/codeql/javascript/ql/lib/semmle/javascript/security/dataflow/CodeInjectionCustomizations.qll",
                          "/mnt/c/GitHub/codeql/javascript/ql/lib/semmle/javascript/security/dataflow/CodeInjectionQuery.qll",
                          "/mnt/c/GitHub/codeql/javascript/ql/lib/semmle/javascript/security/dataflow/CommandInjectionCustomizations.qll",
                          "/mnt/c/GitHub/codeql/javascript/ql/lib/semmle/javascript/security/dataflow/CommandInjectionQuery.qll",
                          "/mnt/c/GitHub/codeql/javascript/ql/lib/semmle/javascript/security/dataflow/ConditionalBypassCustomizations.qll",
                          "/mnt/c/GitHub/codeql/javascript/ql/lib/semmle/javascript/security/dataflow/ConditionalBypassQuery.qll",
                          "/mnt/c/GitHub/codeql/javascript/ql/lib/semmle/javascript/security/dataflow/CorsMisconfigurationForCredentialsCustomizations.qll",
                          "/mnt/c/GitHub/codeql/javascript/ql/lib/semmle/javascript/security/dataflow/CorsMisconfigurationForCredentialsQuery.qll",
                          "/mnt/c/GitHub/codeql/javascript/ql/lib/semmle/javascript/security/dataflow/DOM.qll",
                          "/mnt/c/GitHub/codeql/javascript/ql/lib/semmle/javascript/security/dataflow/DeepObjectResourceExhaustionCustomizations.qll",
                          "/mnt/c/GitHub/codeql/javascript/ql/lib/semmle/javascript/security/dataflow/DeepObjectResourceExhaustionQuery.qll",
                          "/mnt/c/GitHub/codeql/javascript/ql/lib/semmle/javascript/security/dataflow/DifferentKindsComparisonBypassCustomizations.qll",
                          "/mnt/c/GitHub/codeql/javascript/ql/lib/semmle/javascript/security/dataflow/DifferentKindsComparisonBypassQuery.qll",
                          "/mnt/c/GitHub/codeql/javascript/ql/lib/semmle/javascript/security/dataflow/DomBasedXssCustomizations.qll",
                          "/mnt/c/GitHub/codeql/javascript/ql/lib/semmle/javascript/security/dataflow/DomBasedXssQuery.qll",
                          "/mnt/c/GitHub/codeql/javascript/ql/lib/semmle/javascript/security/dataflow/ExceptionXssCustomizations.qll",
                          "/mnt/c/GitHub/codeql/javascript/ql/lib/semmle/javascript/security/dataflow/ExceptionXssQuery.qll",
                          "/mnt/c/GitHub/codeql/javascript/ql/lib/semmle/javascript/security/dataflow/ExternalAPIUsedWithUntrustedDataCustomizations.qll",
                          "/mnt/c/GitHub/codeql/javascript/ql/lib/semmle/javascript/security/dataflow/ExternalAPIUsedWithUntrustedDataQuery.qll",
                          "/mnt/c/GitHub/codeql/javascript/ql/lib/semmle/javascript/security/dataflow/FileAccessToHttpCustomizations.qll",
                          "/mnt/c/GitHub/codeql/javascript/ql/lib/semmle/javascript/security/dataflow/FileAccessToHttpQuery.qll",
                          "/mnt/c/GitHub/codeql/javascript/ql/lib/semmle/javascript/security/dataflow/HardcodedCredentialsCustomizations.qll",
                          "/mnt/c/GitHub/codeql/javascript/ql/lib/semmle/javascript/security/dataflow/HardcodedCredentialsQuery.qll",
                          "/mnt/c/GitHub/codeql/javascript/ql/lib/semmle/javascript/security/dataflow/HardcodedDataInterpretedAsCodeCustomizations.qll",
                          "/mnt/c/GitHub/codeql/javascript/ql/lib/semmle/javascript/security/dataflow/HardcodedDataInterpretedAsCodeQuery.qll",
                          "/mnt/c/GitHub/codeql/javascript/ql/lib/semmle/javascript/security/dataflow/HostHeaderPoisoningInEmailGenerationQuery.qll",
                          "/mnt/c/GitHub/codeql/javascript/ql/lib/semmle/javascript/security/dataflow/HttpToFileAccessCustomizations.qll",
                          "/mnt/c/GitHub/codeql/javascript/ql/lib/semmle/javascript/security/dataflow/HttpToFileAccessQuery.qll",
                          "/mnt/c/GitHub/codeql/javascript/ql/lib/semmle/javascript/security/dataflow/HttpToFileAccessSpecific.qll",
                          "/mnt/c/GitHub/codeql/javascript/ql/lib/semmle/javascript/security/dataflow/ImproperCodeSanitizationCustomizations.qll",
                          "/mnt/c/GitHub/codeql/javascript/ql/lib/semmle/javascript/security/dataflow/ImproperCodeSanitizationQuery.qll",
                          "/mnt/c/GitHub/codeql/javascript/ql/lib/semmle/javascript/security/dataflow/IncompleteHtmlAttributeSanitizationCustomizations.qll",
                          "/mnt/c/GitHub/codeql/javascript/ql/lib/semmle/javascript/security/dataflow/IncompleteHtmlAttributeSanitizationQuery.qll",
                          "/mnt/c/GitHub/codeql/javascript/ql/lib/semmle/javascript/security/dataflow/IndirectCommandArgument.qll",
                          "/mnt/c/GitHub/codeql/javascript/ql/lib/semmle/javascript/security/dataflow/IndirectCommandInjectionCustomizations.qll",
                          "/mnt/c/GitHub/codeql/javascript/ql/lib/semmle/javascript/security/dataflow/IndirectCommandInjectionQuery.qll",
                          "/mnt/c/GitHub/codeql/javascript/ql/lib/semmle/javascript/security/dataflow/InsecureDownloadCustomizations.qll",
                          "/mnt/c/GitHub/codeql/javascript/ql/lib/semmle/javascript/security/dataflow/InsecureDownloadQuery.qll",
                          "/mnt/c/GitHub/codeql/javascript/ql/lib/semmle/javascript/security/dataflow/InsecureRandomnessCustomizations.qll",
                          "/mnt/c/GitHub/codeql/javascript/ql/lib/semmle/javascript/security/dataflow/InsecureRandomnessQuery.qll",
                          "/mnt/c/GitHub/codeql/javascript/ql/lib/semmle/javascript/security/dataflow/InsecureTemporaryFileCustomizations.qll",
                          "/mnt/c/GitHub/codeql/javascript/ql/lib/semmle/javascript/security/dataflow/InsecureTemporaryFileQuery.qll",
                          "/mnt/c/GitHub/codeql/javascript/ql/lib/semmle/javascript/security/dataflow/InsufficientPasswordHashCustomizations.qll",
                          "/mnt/c/GitHub/codeql/javascript/ql/lib/semmle/javascript/security/dataflow/InsufficientPasswordHashQuery.qll",
                          "/mnt/c/GitHub/codeql/javascript/ql/lib/semmle/javascript/security/dataflow/LogInjectionQuery.qll",
                          "/mnt/c/GitHub/codeql/javascript/ql/lib/semmle/javascript/security/dataflow/LoopBoundInjectionCustomizations.qll",
                          "/mnt/c/GitHub/codeql/javascript/ql/lib/semmle/javascript/security/dataflow/LoopBoundInjectionQuery.qll",
                          "/mnt/c/GitHub/codeql/javascript/ql/lib/semmle/javascript/security/dataflow/MissingRateLimiting.qll",
                          "/mnt/c/GitHub/codeql/javascript/ql/lib/semmle/javascript/security/dataflow/NosqlInjectionCustomizations.qll",
                          "/mnt/c/GitHub/codeql/javascript/ql/lib/semmle/javascript/security/dataflow/NosqlInjectionQuery.qll",
                          "/mnt/c/GitHub/codeql/javascript/ql/lib/semmle/javascript/security/dataflow/PostMessageStarCustomizations.qll",
                          "/mnt/c/GitHub/codeql/javascript/ql/lib/semmle/javascript/security/dataflow/PostMessageStarQuery.qll",
                          "/mnt/c/GitHub/codeql/javascript/ql/lib/semmle/javascript/security/dataflow/PropertyInjectionShared.qll",
                          "/mnt/c/GitHub/codeql/javascript/ql/lib/semmle/javascript/security/dataflow/PrototypePollutingAssignmentCustomizations.qll",
                          "/mnt/c/GitHub/codeql/javascript/ql/lib/semmle/javascript/security/dataflow/PrototypePollutingAssignmentQuery.qll",
                          "/mnt/c/GitHub/codeql/javascript/ql/lib/semmle/javascript/security/dataflow/PrototypePollutionCustomizations.qll",
                          "/mnt/c/GitHub/codeql/javascript/ql/lib/semmle/javascript/security/dataflow/PrototypePollutionQuery.qll",
                          "/mnt/c/GitHub/codeql/javascript/ql/lib/semmle/javascript/security/dataflow/ReflectedXssCustomizations.qll",
                          "/mnt/c/GitHub/codeql/javascript/ql/lib/semmle/javascript/security/dataflow/ReflectedXssQuery.qll",
                          "/mnt/c/GitHub/codeql/javascript/ql/lib/semmle/javascript/security/dataflow/RegExpInjectionCustomizations.qll",
                          "/mnt/c/GitHub/codeql/javascript/ql/lib/semmle/javascript/security/dataflow/RegExpInjectionQuery.qll",
                          "/mnt/c/GitHub/codeql/javascript/ql/lib/semmle/javascript/security/dataflow/RemoteFlowSources.qll",
                          "/mnt/c/GitHub/codeql/javascript/ql/lib/semmle/javascript/security/dataflow/RemotePropertyInjectionCustomizations.qll",
                          "/mnt/c/GitHub/codeql/javascript/ql/lib/semmle/javascript/security/dataflow/RemotePropertyInjectionQuery.qll",
                          "/mnt/c/GitHub/codeql/javascript/ql/lib/semmle/javascript/security/dataflow/RequestForgeryCustomizations.qll",
                          "/mnt/c/GitHub/codeql/javascript/ql/lib/semmle/javascript/security/dataflow/RequestForgeryQuery.qll",
                          "/mnt/c/GitHub/codeql/javascript/ql/lib/semmle/javascript/security/dataflow/ResourceExhaustionCustomizations.qll",
                          "/mnt/c/GitHub/codeql/javascript/ql/lib/semmle/javascript/security/dataflow/ResourceExhaustionQuery.qll",
                          "/mnt/c/GitHub/codeql/javascript/ql/lib/semmle/javascript/security/dataflow/SecondOrderCommandInjectionCustomizations.qll",
                          "/mnt/c/GitHub/codeql/javascript/ql/lib/semmle/javascript/security/dataflow/SecondOrderCommandInjectionQuery.qll",
                          "/mnt/c/GitHub/codeql/javascript/ql/lib/semmle/javascript/security/dataflow/ServerSideUrlRedirectCustomizations.qll",
                          "/mnt/c/GitHub/codeql/javascript/ql/lib/semmle/javascript/security/dataflow/ServerSideUrlRedirectQuery.qll",
                          "/mnt/c/GitHub/codeql/javascript/ql/lib/semmle/javascript/security/dataflow/ShellCommandInjectionFromEnvironmentCustomizations.qll",
                          "/mnt/c/GitHub/codeql/javascript/ql/lib/semmle/javascript/security/dataflow/ShellCommandInjectionFromEnvironmentQuery.qll",
                          "/mnt/c/GitHub/codeql/javascript/ql/lib/semmle/javascript/security/dataflow/SqlInjectionCustomizations.qll",
                          "/mnt/c/GitHub/codeql/javascript/ql/lib/semmle/javascript/security/dataflow/SqlInjectionQuery.qll",
                          "/mnt/c/GitHub/codeql/javascript/ql/lib/semmle/javascript/security/dataflow/StackTraceExposureCustomizations.qll",
                          "/mnt/c/GitHub/codeql/javascript/ql/lib/semmle/javascript/security/dataflow/StackTraceExposureQuery.qll",
                          "/mnt/c/GitHub/codeql/javascript/ql/lib/semmle/javascript/security/dataflow/StoredXssCustomizations.qll",
                          "/mnt/c/GitHub/codeql/javascript/ql/lib/semmle/javascript/security/dataflow/StoredXssQuery.qll",
                          "/mnt/c/GitHub/codeql/javascript/ql/lib/semmle/javascript/security/dataflow/TaintedFormatStringCustomizations.qll",
                          "/mnt/c/GitHub/codeql/javascript/ql/lib/semmle/javascript/security/dataflow/TaintedFormatStringQuery.qll",
                          "/mnt/c/GitHub/codeql/javascript/ql/lib/semmle/javascript/security/dataflow/TaintedFormatStringSpecific.qll",
                          "/mnt/c/GitHub/codeql/javascript/ql/lib/semmle/javascript/security/dataflow/TaintedPathCustomizations.qll",
                          "/mnt/c/GitHub/codeql/javascript/ql/lib/semmle/javascript/security/dataflow/TaintedPathQuery.qll",
                          "/mnt/c/GitHub/codeql/javascript/ql/lib/semmle/javascript/security/dataflow/TemplateObjectInjectionCustomizations.qll",
                          "/mnt/c/GitHub/codeql/javascript/ql/lib/semmle/javascript/security/dataflow/TemplateObjectInjectionQuery.qll",
                          "/mnt/c/GitHub/codeql/javascript/ql/lib/semmle/javascript/security/dataflow/TypeConfusionThroughParameterTamperingCustomizations.qll",
                          "/mnt/c/GitHub/codeql/javascript/ql/lib/semmle/javascript/security/dataflow/TypeConfusionThroughParameterTamperingQuery.qll",
                          "/mnt/c/GitHub/codeql/javascript/ql/lib/semmle/javascript/security/dataflow/UnsafeCodeConstruction.qll",
                          "/mnt/c/GitHub/codeql/javascript/ql/lib/semmle/javascript/security/dataflow/UnsafeCodeConstructionCustomizations.qll",
                          "/mnt/c/GitHub/codeql/javascript/ql/lib/semmle/javascript/security/dataflow/UnsafeDeserializationCustomizations.qll",
                          "/mnt/c/GitHub/codeql/javascript/ql/lib/semmle/javascript/security/dataflow/UnsafeDeserializationQuery.qll",
                          "/mnt/c/GitHub/codeql/javascript/ql/lib/semmle/javascript/security/dataflow/UnsafeDynamicMethodAccessCustomizations.qll",
                          "/mnt/c/GitHub/codeql/javascript/ql/lib/semmle/javascript/security/dataflow/UnsafeDynamicMethodAccessQuery.qll",
                          "/mnt/c/GitHub/codeql/javascript/ql/lib/semmle/javascript/security/dataflow/UnsafeHtmlConstructionCustomizations.qll",
                          "/mnt/c/GitHub/codeql/javascript/ql/lib/semmle/javascript/security/dataflow/UnsafeHtmlConstructionQuery.qll",
                          "/mnt/c/GitHub/codeql/javascript/ql/lib/semmle/javascript/security/dataflow/UnsafeJQueryPluginCustomizations.qll",
                          "/mnt/c/GitHub/codeql/javascript/ql/lib/semmle/javascript/security/dataflow/UnsafeJQueryPluginQuery.qll",
                          "/mnt/c/GitHub/codeql/javascript/ql/lib/semmle/javascript/security/dataflow/UnsafeShellCommandConstructionCustomizations.qll",
                          "/mnt/c/GitHub/codeql/javascript/ql/lib/semmle/javascript/security/dataflow/UnsafeShellCommandConstructionQuery.qll",
                          "/mnt/c/GitHub/codeql/javascript/ql/lib/semmle/javascript/security/dataflow/UnvalidatedDynamicMethodCallCustomizations.qll",
                          "/mnt/c/GitHub/codeql/javascript/ql/lib/semmle/javascript/security/dataflow/UnvalidatedDynamicMethodCallQuery.qll",
                          "/mnt/c/GitHub/codeql/javascript/ql/lib/semmle/javascript/security/dataflow/UrlConcatenation.qll",
                          "/mnt/c/GitHub/codeql/javascript/ql/lib/semmle/javascript/security/dataflow/XmlBombCustomizations.qll",
                          "/mnt/c/GitHub/codeql/javascript/ql/lib/semmle/javascript/security/dataflow/XmlBombQuery.qll",
                          "/mnt/c/GitHub/codeql/javascript/ql/lib/semmle/javascript/security/dataflow/XpathInjectionCustomizations.qll",
                          "/mnt/c/GitHub/codeql/javascript/ql/lib/semmle/javascript/security/dataflow/XpathInjectionQuery.qll",
                          "/mnt/c/GitHub/codeql/javascript/ql/lib/semmle/javascript/security/dataflow/Xss.qll",
                          "/mnt/c/GitHub/codeql/javascript/ql/lib/semmle/javascript/security/dataflow/XssThroughDomCustomizations.qll",
                          "/mnt/c/GitHub/codeql/javascript/ql/lib/semmle/javascript/security/dataflow/XssThroughDomQuery.qll",
                          "/mnt/c/GitHub/codeql/javascript/ql/lib/semmle/javascript/security/dataflow/XxeCustomizations.qll",
                          "/mnt/c/GitHub/codeql/javascript/ql/lib/semmle/javascript/security/dataflow/XxeQuery.qll",
                          "/mnt/c/GitHub/codeql/javascript/ql/lib/semmle/javascript/security/dataflow/ZipSlipCustomizations.qll",
                          "/mnt/c/GitHub/codeql/javascript/ql/lib/semmle/javascript/security/dataflow/ZipSlipQuery.qll",
                          "/mnt/c/GitHub/codeql/javascript/ql/lib/semmle/javascript/security/domains/IntegrityCheckingRequired/integrity_checking_required.model.yml",
                          "/mnt/c/GitHub/codeql/javascript/ql/lib/semmle/javascript/security/domains/compromised/compromised_domains.model.yml",
                          "/mnt/c/GitHub/codeql/javascript/ql/lib/semmle/javascript/security/domains/untrusted/untrusted_domains.model.yml",
                          "/mnt/c/GitHub/codeql/javascript/ql/lib/semmle/javascript/security/internal/CryptoAlgorithmNames.qll",
                          "/mnt/c/GitHub/codeql/javascript/ql/lib/semmle/javascript/security/internal/SensitiveDataHeuristics.qll",
                          "/mnt/c/GitHub/codeql/javascript/ql/lib/semmle/javascript/security/regexp/HostnameRegexp.qll",
                          "/mnt/c/GitHub/codeql/javascript/ql/lib/semmle/javascript/security/regexp/PolynomialReDoSCustomizations.qll",
                          "/mnt/c/GitHub/codeql/javascript/ql/lib/semmle/javascript/security/regexp/PolynomialReDoSQuery.qll",
                          "/mnt/c/GitHub/codeql/javascript/ql/lib/semmle/javascript/security/regexp/RegExpTreeView.qll",
                          "/mnt/c/GitHub/codeql/javascript/ql/lib/semmlecode.javascript.dbscheme",
                          "/mnt/c/GitHub/codeql/javascript/ql/lib/semmlecode.javascript.dbscheme.stats",
                          "/mnt/c/GitHub/codeql/javascript/ql/lib/upgrades/03c078a7e6eec294f1457b3d20f9fec4427cb4af/old.dbscheme",
                          "/mnt/c/GitHub/codeql/javascript/ql/lib/upgrades/03c078a7e6eec294f1457b3d20f9fec4427cb4af/semmlecode.javascript.dbscheme",
                          "/mnt/c/GitHub/codeql/javascript/ql/lib/upgrades/03c078a7e6eec294f1457b3d20f9fec4427cb4af/upgrade.properties",
                          "/mnt/c/GitHub/codeql/javascript/ql/lib/upgrades/2dc7a0389827d235763a3748aba73c2d4a677b15/old.dbscheme",
                          "/mnt/c/GitHub/codeql/javascript/ql/lib/upgrades/2dc7a0389827d235763a3748aba73c2d4a677b15/semmlecode.javascript.dbscheme",
                          "/mnt/c/GitHub/codeql/javascript/ql/lib/upgrades/2dc7a0389827d235763a3748aba73c2d4a677b15/upgrade.properties",
                          "/mnt/c/GitHub/codeql/javascript/ql/lib/upgrades/480c0c6f68fac1441d25defa4562f61a5f968d11/hasLocation.ql",
                          "/mnt/c/GitHub/codeql/javascript/ql/lib/upgrades/480c0c6f68fac1441d25defa4562f61a5f968d11/old.dbscheme",
                          "/mnt/c/GitHub/codeql/javascript/ql/lib/upgrades/480c0c6f68fac1441d25defa4562f61a5f968d11/semmlecode.javascript.dbscheme",
                          "/mnt/c/GitHub/codeql/javascript/ql/lib/upgrades/480c0c6f68fac1441d25defa4562f61a5f968d11/upgrade.properties",
                          "/mnt/c/GitHub/codeql/javascript/ql/lib/upgrades/480c0c6f68fac1441d25defa4562f61a5f968d11/yaml_locations.ql",
                          "/mnt/c/GitHub/codeql/javascript/ql/lib/upgrades/4d00210ca570d55c4833af11d3372b774dbc63f2/old.dbscheme",
                          "/mnt/c/GitHub/codeql/javascript/ql/lib/upgrades/4d00210ca570d55c4833af11d3372b774dbc63f2/semmlecode.javascript.dbscheme",
                          "/mnt/c/GitHub/codeql/javascript/ql/lib/upgrades/4d00210ca570d55c4833af11d3372b774dbc63f2/upgrade.properties",
                          "/mnt/c/GitHub/codeql/javascript/ql/lib/upgrades/4d64c2a745b5b200af1d3db2958c255032692be9/old.dbscheme",
                          "/mnt/c/GitHub/codeql/javascript/ql/lib/upgrades/4d64c2a745b5b200af1d3db2958c255032692be9/semmlecode.javascript.dbscheme",
                          "/mnt/c/GitHub/codeql/javascript/ql/lib/upgrades/4d64c2a745b5b200af1d3db2958c255032692be9/upgrade.properties",
                          "/mnt/c/GitHub/codeql/javascript/ql/lib/upgrades/4e26462d907d2cfb7ec8a08f8ccdf40732038ef8/old.dbscheme",
                          "/mnt/c/GitHub/codeql/javascript/ql/lib/upgrades/4e26462d907d2cfb7ec8a08f8ccdf40732038ef8/semmlecode.javascript.dbscheme",
                          "/mnt/c/GitHub/codeql/javascript/ql/lib/upgrades/4e26462d907d2cfb7ec8a08f8ccdf40732038ef8/upgrade.properties",
                          "/mnt/c/GitHub/codeql/javascript/ql/lib/upgrades/4f136cb93608918a866f46bfe75fd7138f20bd5e/old.dbscheme",
                          "/mnt/c/GitHub/codeql/javascript/ql/lib/upgrades/4f136cb93608918a866f46bfe75fd7138f20bd5e/semmlecode.javascript.dbscheme",
                          "/mnt/c/GitHub/codeql/javascript/ql/lib/upgrades/4f136cb93608918a866f46bfe75fd7138f20bd5e/upgrade.properties",
                          "/mnt/c/GitHub/codeql/javascript/ql/lib/upgrades/56b74a6808d3fe01835d454c25ea8dc3da1a8fdf/old.dbscheme",
                          "/mnt/c/GitHub/codeql/javascript/ql/lib/upgrades/56b74a6808d3fe01835d454c25ea8dc3da1a8fdf/semmlecode.javascript.dbscheme",
                          "/mnt/c/GitHub/codeql/javascript/ql/lib/upgrades/56b74a6808d3fe01835d454c25ea8dc3da1a8fdf/upgrade.properties",
                          "/mnt/c/GitHub/codeql/javascript/ql/lib/upgrades/5a5adbf98dce747760ad1b8d0b9d27b53934e17c/old.dbscheme",
                          "/mnt/c/GitHub/codeql/javascript/ql/lib/upgrades/5a5adbf98dce747760ad1b8d0b9d27b53934e17c/semmlecode.javascript.dbscheme",
                          "/mnt/c/GitHub/codeql/javascript/ql/lib/upgrades/5a5adbf98dce747760ad1b8d0b9d27b53934e17c/upgrade.properties",
                          "/mnt/c/GitHub/codeql/javascript/ql/lib/upgrades/6486c78671c40e4dc07932d806366f09051bb399/old.dbscheme",
                          "/mnt/c/GitHub/codeql/javascript/ql/lib/upgrades/6486c78671c40e4dc07932d806366f09051bb399/semmlecode.javascript.dbscheme",
                          "/mnt/c/GitHub/codeql/javascript/ql/lib/upgrades/6486c78671c40e4dc07932d806366f09051bb399/upgrade.properties",
                          "/mnt/c/GitHub/codeql/javascript/ql/lib/upgrades/64ea4d71964ad03f6604cf49f4869163dacbab66/hasLocation.ql",
                          "/mnt/c/GitHub/codeql/javascript/ql/lib/upgrades/64ea4d71964ad03f6604cf49f4869163dacbab66/json_locations.ql",
                          "/mnt/c/GitHub/codeql/javascript/ql/lib/upgrades/64ea4d71964ad03f6604cf49f4869163dacbab66/old.dbscheme",
                          "/mnt/c/GitHub/codeql/javascript/ql/lib/upgrades/64ea4d71964ad03f6604cf49f4869163dacbab66/semmlecode.javascript.dbscheme",
                          "/mnt/c/GitHub/codeql/javascript/ql/lib/upgrades/64ea4d71964ad03f6604cf49f4869163dacbab66/upgrade.properties",
                          "/mnt/c/GitHub/codeql/javascript/ql/lib/upgrades/7eead88269b20e9d61f61cd2291affb737dc831e/isES2015Module.ql",
                          "/mnt/c/GitHub/codeql/javascript/ql/lib/upgrades/7eead88269b20e9d61f61cd2291affb737dc831e/old.dbscheme",
                          "/mnt/c/GitHub/codeql/javascript/ql/lib/upgrades/7eead88269b20e9d61f61cd2291affb737dc831e/semmlecode.javascript.dbscheme",
                          "/mnt/c/GitHub/codeql/javascript/ql/lib/upgrades/7eead88269b20e9d61f61cd2291affb737dc831e/upgrade.properties",
                          "/mnt/c/GitHub/codeql/javascript/ql/lib/upgrades/81e6619c681f7844e8ddc38db102e75b428c830c/old.dbscheme",
                          "/mnt/c/GitHub/codeql/javascript/ql/lib/upgrades/81e6619c681f7844e8ddc38db102e75b428c830c/semmlecode.javascript.dbscheme",
                          "/mnt/c/GitHub/codeql/javascript/ql/lib/upgrades/81e6619c681f7844e8ddc38db102e75b428c830c/upgrade.properties",
                          "/mnt/c/GitHub/codeql/javascript/ql/lib/upgrades/8320e9d13aad4f77a4348e744b55024e785bfcdf/old.dbscheme",
                          "/mnt/c/GitHub/codeql/javascript/ql/lib/upgrades/8320e9d13aad4f77a4348e744b55024e785bfcdf/semmlecode.javascript.dbscheme",
                          "/mnt/c/GitHub/codeql/javascript/ql/lib/upgrades/8320e9d13aad4f77a4348e744b55024e785bfcdf/upgrade.properties",
                          "/mnt/c/GitHub/codeql/javascript/ql/lib/upgrades/874ebfcd4d2fd346c10ebec145466d9071d78606/old.dbscheme",
                          "/mnt/c/GitHub/codeql/javascript/ql/lib/upgrades/874ebfcd4d2fd346c10ebec145466d9071d78606/semmlecode.javascript.dbscheme",
                          "/mnt/c/GitHub/codeql/javascript/ql/lib/upgrades/874ebfcd4d2fd346c10ebec145466d9071d78606/upgrade.properties",
                          "/mnt/c/GitHub/codeql/javascript/ql/lib/upgrades/8accf0f930bcb8b42d69fd7ef7b4372604f551ed/old.dbscheme",
                          "/mnt/c/GitHub/codeql/javascript/ql/lib/upgrades/8accf0f930bcb8b42d69fd7ef7b4372604f551ed/semmlecode.javascript.dbscheme",
                          "/mnt/c/GitHub/codeql/javascript/ql/lib/upgrades/8accf0f930bcb8b42d69fd7ef7b4372604f551ed/upgrade.properties",
                          "/mnt/c/GitHub/codeql/javascript/ql/lib/upgrades/930898a4fe07cb48de46800904922ca118b31e50/old.dbscheme",
                          "/mnt/c/GitHub/codeql/javascript/ql/lib/upgrades/930898a4fe07cb48de46800904922ca118b31e50/semmlecode.javascript.dbscheme",
                          "/mnt/c/GitHub/codeql/javascript/ql/lib/upgrades/930898a4fe07cb48de46800904922ca118b31e50/tuple_type_rest_index.ql",
                          "/mnt/c/GitHub/codeql/javascript/ql/lib/upgrades/930898a4fe07cb48de46800904922ca118b31e50/upgrade.properties",
                          "/mnt/c/GitHub/codeql/javascript/ql/lib/upgrades/96b0a386b6fb8da2b5f2514f26154a10c906f9c5/old.dbscheme",
                          "/mnt/c/GitHub/codeql/javascript/ql/lib/upgrades/96b0a386b6fb8da2b5f2514f26154a10c906f9c5/semmlecode.javascript.dbscheme",
                          "/mnt/c/GitHub/codeql/javascript/ql/lib/upgrades/96b0a386b6fb8da2b5f2514f26154a10c906f9c5/upgrade.properties",
                          "/mnt/c/GitHub/codeql/javascript/ql/lib/upgrades/9a70dfc47d84e32ee3758371acb55ab3f905abdc/old.dbscheme",
                          "/mnt/c/GitHub/codeql/javascript/ql/lib/upgrades/9a70dfc47d84e32ee3758371acb55ab3f905abdc/semmlecode.javascript.dbscheme",
                          "/mnt/c/GitHub/codeql/javascript/ql/lib/upgrades/9a70dfc47d84e32ee3758371acb55ab3f905abdc/upgrade.properties",
                          "/mnt/c/GitHub/codeql/javascript/ql/lib/upgrades/9ca3692b65fd8d751431861d1a25c57f3e61d15b/old.dbscheme",
                          "/mnt/c/GitHub/codeql/javascript/ql/lib/upgrades/9ca3692b65fd8d751431861d1a25c57f3e61d15b/semmlecode.javascript.dbscheme",
                          "/mnt/c/GitHub/codeql/javascript/ql/lib/upgrades/9ca3692b65fd8d751431861d1a25c57f3e61d15b/upgrade.properties",
                          "/mnt/c/GitHub/codeql/javascript/ql/lib/upgrades/ab0dab3b55b386f366e9904e10139edebca0495c/old.dbscheme",
                          "/mnt/c/GitHub/codeql/javascript/ql/lib/upgrades/ab0dab3b55b386f366e9904e10139edebca0495c/semmlecode.javascript.dbscheme",
                          "/mnt/c/GitHub/codeql/javascript/ql/lib/upgrades/ab0dab3b55b386f366e9904e10139edebca0495c/upgrade.properties",
                          "/mnt/c/GitHub/codeql/javascript/ql/lib/upgrades/b9202b62ec8a0304316515941cb45646c6dd6fdd/old.dbscheme",
                          "/mnt/c/GitHub/codeql/javascript/ql/lib/upgrades/b9202b62ec8a0304316515941cb45646c6dd6fdd/semmlecode.javascript.dbscheme",
                          "/mnt/c/GitHub/codeql/javascript/ql/lib/upgrades/b9202b62ec8a0304316515941cb45646c6dd6fdd/upgrade.properties",
                          "/mnt/c/GitHub/codeql/javascript/ql/lib/upgrades/c0664d5721c90dd32a5b167efea24f9cc6f57cfb/old.dbscheme",
                          "/mnt/c/GitHub/codeql/javascript/ql/lib/upgrades/c0664d5721c90dd32a5b167efea24f9cc6f57cfb/semmlecode.javascript.dbscheme",
                          "/mnt/c/GitHub/codeql/javascript/ql/lib/upgrades/c0664d5721c90dd32a5b167efea24f9cc6f57cfb/upgrade.properties",
                          "/mnt/c/GitHub/codeql/javascript/ql/lib/upgrades/c1ee5346e068f6e0b687e75b4ba3f04a7382f4c4/old.dbscheme",
                          "/mnt/c/GitHub/codeql/javascript/ql/lib/upgrades/c1ee5346e068f6e0b687e75b4ba3f04a7382f4c4/semmlecode.javascript.dbscheme",
                          "/mnt/c/GitHub/codeql/javascript/ql/lib/upgrades/c1ee5346e068f6e0b687e75b4ba3f04a7382f4c4/upgrade.properties",
                          "/mnt/c/GitHub/codeql/javascript/ql/lib/upgrades/c73fbfca57f3d593b9ff50c6aa3a886d6888efec/old.dbscheme",
                          "/mnt/c/GitHub/codeql/javascript/ql/lib/upgrades/c73fbfca57f3d593b9ff50c6aa3a886d6888efec/semmlecode.javascript.dbscheme",
                          "/mnt/c/GitHub/codeql/javascript/ql/lib/upgrades/c73fbfca57f3d593b9ff50c6aa3a886d6888efec/upgrade.properties",
                          "/mnt/c/GitHub/codeql/javascript/ql/lib/upgrades/c8859f3725d4b070a877f8792214582d517c8a9b/old.dbscheme",
                          "/mnt/c/GitHub/codeql/javascript/ql/lib/upgrades/c8859f3725d4b070a877f8792214582d517c8a9b/semmlecode.javascript.dbscheme",
                          "/mnt/c/GitHub/codeql/javascript/ql/lib/upgrades/c8859f3725d4b070a877f8792214582d517c8a9b/semmlecode.javascript.dbscheme.stats",
                          "/mnt/c/GitHub/codeql/javascript/ql/lib/upgrades/c8859f3725d4b070a877f8792214582d517c8a9b/toplevel_parent_xml_node.ql",
                          "/mnt/c/GitHub/codeql/javascript/ql/lib/upgrades/c8859f3725d4b070a877f8792214582d517c8a9b/upgrade.properties",
                          "/mnt/c/GitHub/codeql/javascript/ql/lib/upgrades/dad09eeeff5cf8c9c2b674d5053c63ab44e091df/old.dbscheme",
                          "/mnt/c/GitHub/codeql/javascript/ql/lib/upgrades/dad09eeeff5cf8c9c2b674d5053c63ab44e091df/semmlecode.javascript.dbscheme",
                          "/mnt/c/GitHub/codeql/javascript/ql/lib/upgrades/dad09eeeff5cf8c9c2b674d5053c63ab44e091df/upgrade.properties",
                          "/mnt/c/GitHub/codeql/javascript/ql/lib/upgrades/e2173e83ac503be4d7c18472a2d7ce636724510c/old.dbscheme",
                          "/mnt/c/GitHub/codeql/javascript/ql/lib/upgrades/e2173e83ac503be4d7c18472a2d7ce636724510c/semmlecode.javascript.dbscheme",
                          "/mnt/c/GitHub/codeql/javascript/ql/lib/upgrades/e2173e83ac503be4d7c18472a2d7ce636724510c/upgrade.properties",
                          "/mnt/c/GitHub/codeql/javascript/ql/lib/upgrades/e34b3e16dba5d11961119818c9beeff334f20a90/old.dbscheme",
                          "/mnt/c/GitHub/codeql/javascript/ql/lib/upgrades/e34b3e16dba5d11961119818c9beeff334f20a90/semmlecode.javascript.dbscheme",
                          "/mnt/c/GitHub/codeql/javascript/ql/lib/upgrades/e34b3e16dba5d11961119818c9beeff334f20a90/upgrade.properties",
                          "/mnt/c/GitHub/codeql/javascript/ql/lib/upgrades/e54b35a8a129ebcf246cd4e834935f929b54aa04/old.dbscheme",
                          "/mnt/c/GitHub/codeql/javascript/ql/lib/upgrades/e54b35a8a129ebcf246cd4e834935f929b54aa04/semmlecode.javascript.dbscheme",
                          "/mnt/c/GitHub/codeql/javascript/ql/lib/upgrades/e54b35a8a129ebcf246cd4e834935f929b54aa04/upgrade.properties",
                          "/mnt/c/GitHub/codeql/javascript/ql/lib/upgrades/eee0408097f0b1572b871ee7cc0ecad1aaa795e7/old.dbscheme",
                          "/mnt/c/GitHub/codeql/javascript/ql/lib/upgrades/eee0408097f0b1572b871ee7cc0ecad1aaa795e7/semmlecode.javascript.dbscheme",
                          "/mnt/c/GitHub/codeql/javascript/ql/lib/upgrades/eee0408097f0b1572b871ee7cc0ecad1aaa795e7/upgrade.properties",
                          "/mnt/c/GitHub/codeql/javascript/ql/lib/upgrades/eee08932d5217772961acb1bd1841cc5bb9df91b/old.dbscheme",
                          "/mnt/c/GitHub/codeql/javascript/ql/lib/upgrades/eee08932d5217772961acb1bd1841cc5bb9df91b/semmlecode.javascript.dbscheme",
                          "/mnt/c/GitHub/codeql/javascript/ql/lib/upgrades/eee08932d5217772961acb1bd1841cc5bb9df91b/upgrade.properties",
                          "/mnt/c/GitHub/codeql/javascript/ql/lib/upgrades/fbd45f6b3c6f79d732d0e30a92ea5cee438a1a3e/old.dbscheme",
                          "/mnt/c/GitHub/codeql/javascript/ql/lib/upgrades/fbd45f6b3c6f79d732d0e30a92ea5cee438a1a3e/semmlecode.javascript.dbscheme",
                          "/mnt/c/GitHub/codeql/javascript/ql/lib/upgrades/fbd45f6b3c6f79d732d0e30a92ea5cee438a1a3e/upgrade.properties",
                          "/mnt/c/GitHub/codeql/javascript/ql/lib/upgrades/initial/semmlecode.javascript.dbscheme",
                          "/mnt/c/GitHub/codeql/javascript/ql/lib/utils/test/ConsistencyChecking.qll",
                          "/mnt/c/GitHub/codeql/javascript/ql/lib/utils/test/InlineExpectationsTest.qll",
                          "/mnt/c/GitHub/codeql/javascript/ql/lib/utils/test/InlineExpectationsTestQuery.ql",
                          "/mnt/c/GitHub/codeql/javascript/ql/lib/utils/test/InlineFlowTest.qll",
                          "/mnt/c/GitHub/codeql/javascript/ql/lib/utils/test/InlineFlowTestUtil.qll",
                          "/mnt/c/GitHub/codeql/javascript/ql/lib/utils/test/InlineSummaries.qll",
                          "/mnt/c/GitHub/codeql/javascript/ql/lib/utils/test/LegacyDataFlowDiff.qll",
                          "/mnt/c/GitHub/codeql/javascript/ql/lib/utils/test/internal/InlineExpectationsTestImpl.qll"
                        ]
                      }
[2025-01-18 21:40:57] Plumbing command codeql generate extensible-predicate-metadata completed:
                      {
                        "extensible_predicates" : [
                          {
                            "name" : "sourceModel",
                            "parameters" : [
                              {
                                "name" : "type",
                                "type" : "string"
                              },
                              {
                                "name" : "path",
                                "type" : "string"
                              },
                              {
                                "name" : "kind",
                                "type" : "string"
                              }
                            ],
                            "has_origin" : true,
                            "path" : "semmle/javascript/frameworks/data/internal/ApiGraphModelsExtensions.qll",
                            "start_line" : 11,
                            "start_column" : 1,
                            "end_line" : 13,
                            "end_column" : 3
                          },
                          {
                            "name" : "sinkModel",
                            "parameters" : [
                              {
                                "name" : "type",
                                "type" : "string"
                              },
                              {
                                "name" : "path",
                                "type" : "string"
                              },
                              {
                                "name" : "kind",
                                "type" : "string"
                              }
                            ],
                            "has_origin" : true,
                            "path" : "semmle/javascript/frameworks/data/internal/ApiGraphModelsExtensions.qll",
                            "start_line" : 19,
                            "start_column" : 1,
                            "end_line" : 19,
                            "end_column" : 102
                          },
                          {
                            "name" : "summaryModel",
                            "parameters" : [
                              {
                                "name" : "type",
                                "type" : "string"
                              },
                              {
                                "name" : "path",
                                "type" : "string"
                              },
                              {
                                "name" : "input",
                                "type" : "string"
                              },
                              {
                                "name" : "output",
                                "type" : "string"
                              },
                              {
                                "name" : "kind",
                                "type" : "string"
                              }
                            ],
                            "has_origin" : true,
                            "path" : "semmle/javascript/frameworks/data/internal/ApiGraphModelsExtensions.qll",
                            "start_line" : 28,
                            "start_column" : 1,
                            "end_line" : 30,
                            "end_column" : 3
                          },
                          {
                            "name" : "neutralModel",
                            "parameters" : [
                              {
                                "name" : "type",
                                "type" : "string"
                              },
                              {
                                "name" : "path",
                                "type" : "string"
                              },
                              {
                                "name" : "kind",
                                "type" : "string"
                              }
                            ],
                            "has_origin" : false,
                            "path" : "semmle/javascript/frameworks/data/internal/ApiGraphModelsExtensions.qll",
                            "start_line" : 37,
                            "start_column" : 1,
                            "end_line" : 37,
                            "end_column" : 74
                          },
                          {
                            "name" : "typeModel",
                            "parameters" : [
                              {
                                "name" : "type1",
                                "type" : "string"
                              },
                              {
                                "name" : "type2",
                                "type" : "string"
                              },
                              {
                                "name" : "path",
                                "type" : "string"
                              }
                            ],
                            "has_origin" : false,
                            "path" : "semmle/javascript/frameworks/data/internal/ApiGraphModelsExtensions.qll",
                            "start_line" : 42,
                            "start_column" : 1,
                            "end_line" : 42,
                            "end_column" : 73
                          },
                          {
                            "name" : "typeVariableModel",
                            "parameters" : [
                              {
                                "name" : "name",
                                "type" : "string"
                              },
                              {
                                "name" : "path",
                                "type" : "string"
                              }
                            ],
                            "has_origin" : false,
                            "path" : "semmle/javascript/frameworks/data/internal/ApiGraphModelsExtensions.qll",
                            "start_line" : 47,
                            "start_column" : 1,
                            "end_line" : 47,
                            "end_column" : 66
                          },
                          {
                            "name" : "requiredHelmetSecuritySetting",
                            "parameters" : [
                              {
                                "name" : "name",
                                "type" : "string"
                              }
                            ],
                            "has_origin" : false,
                            "path" : "semmle/javascript/frameworks/helmet/Helmet.qll",
                            "start_line" : 41,
                            "start_column" : 1,
                            "end_line" : 41,
                            "end_column" : 65
                          },
                          {
                            "name" : "isCdnDomainWithCheckingRequired",
                            "parameters" : [
                              {
                                "name" : "hostname",
                                "type" : "string"
                              }
                            ],
                            "has_origin" : false,
                            "path" : "semmle/javascript/security/FunctionalityFromUntrustedSource.qll",
                            "start_line" : 108,
                            "start_column" : 1,
                            "end_line" : 108,
                            "end_column" : 71
                          },
                          {
                            "name" : "isUntrustedDomain",
                            "parameters" : [
                              {
                                "name" : "domain",
                                "type" : "string"
                              }
                            ],
                            "has_origin" : false,
                            "path" : "semmle/javascript/security/FunctionalityFromUntrustedSource.qll",
                            "start_line" : 111,
                            "start_column" : 1,
                            "end_line" : 111,
                            "end_column" : 55
                          }
                        ]
                      }
[2025-01-18 21:40:57] [PROGRESS] resolve extensions-by-pack> Loading data extensions in /mnt/c/GitHub/codeql/javascript/ql/lib/semmle/javascript/frameworks/NodeJSLib.model.yml.
[2025-01-18 21:40:57] [DETAILS] resolve extensions-by-pack>   Found extension targeting codeql/javascript-all:sourceModel: 5 tuples.
[2025-01-18 21:40:57] [PROGRESS] resolve extensions-by-pack> Loading data extensions in /mnt/c/GitHub/codeql/javascript/ql/lib/semmle/javascript/frameworks/SQL.model.yml.
[2025-01-18 21:40:57] [DETAILS] resolve extensions-by-pack>   Found extension targeting codeql/javascript-all:sourceModel: 5 tuples.
[2025-01-18 21:40:57] [DETAILS] resolve extensions-by-pack>   Found extension targeting codeql/javascript-all:sinkModel: 4 tuples.
[2025-01-18 21:40:57] [PROGRESS] resolve extensions-by-pack> Loading data extensions in /mnt/c/GitHub/codeql/javascript/ql/lib/semmle/javascript/frameworks/data/internal/empty.model.yml.
[2025-01-18 21:40:57] [DETAILS] resolve extensions-by-pack>   Found extension targeting codeql/javascript-all:sourceModel: 0 tuples.
[2025-01-18 21:40:57] [DETAILS] resolve extensions-by-pack>   Found extension targeting codeql/javascript-all:sinkModel: 0 tuples.
[2025-01-18 21:40:57] [DETAILS] resolve extensions-by-pack>   Found extension targeting codeql/javascript-all:summaryModel: 0 tuples.
[2025-01-18 21:40:57] [DETAILS] resolve extensions-by-pack>   Found extension targeting codeql/javascript-all:neutralModel: 0 tuples.
[2025-01-18 21:40:57] [DETAILS] resolve extensions-by-pack>   Found extension targeting codeql/javascript-all:typeModel: 0 tuples.
[2025-01-18 21:40:57] [DETAILS] resolve extensions-by-pack>   Found extension targeting codeql/javascript-all:typeVariableModel: 0 tuples.
[2025-01-18 21:40:57] [PROGRESS] resolve extensions-by-pack> Loading data extensions in /mnt/c/GitHub/codeql/javascript/ql/lib/semmle/javascript/frameworks/helmet/Helmet.Required.Setting.model.yml.
[2025-01-18 21:40:57] [DETAILS] resolve extensions-by-pack>   Found extension targeting codeql/javascript-all:requiredHelmetSecuritySetting: 2 tuples.
[2025-01-18 21:40:57] [PROGRESS] resolve extensions-by-pack> Loading data extensions in /mnt/c/GitHub/codeql/javascript/ql/lib/semmle/javascript/frameworks/minimongo/model.yml.
[2025-01-18 21:40:57] [DETAILS] resolve extensions-by-pack>   Found extension targeting codeql/javascript-all:typeModel: 75 tuples.
[2025-01-18 21:40:57] [PROGRESS] resolve extensions-by-pack> Loading data extensions in /mnt/c/GitHub/codeql/javascript/ql/lib/semmle/javascript/frameworks/mongodb/model.yml.
[2025-01-18 21:40:57] [DETAILS] resolve extensions-by-pack>   Found extension targeting codeql/javascript-all:sinkModel: 26 tuples.
[2025-01-18 21:40:57] [DETAILS] resolve extensions-by-pack>   Found extension targeting codeql/javascript-all:typeModel: 611 tuples.
[2025-01-18 21:40:57] [DETAILS] resolve extensions-by-pack>   Found extension targeting codeql/javascript-all:summaryModel: 32 tuples.
[2025-01-18 21:40:57] [DETAILS] resolve extensions-by-pack>   Found extension targeting codeql/javascript-all:typeVariableModel: 102 tuples.
[2025-01-18 21:40:57] [PROGRESS] resolve extensions-by-pack> Loading data extensions in /mnt/c/GitHub/codeql/javascript/ql/lib/semmle/javascript/frameworks/mssql/model.yml.
[2025-01-18 21:40:57] [DETAILS] resolve extensions-by-pack>   Found extension targeting codeql/javascript-all:typeModel: 34 tuples.
[2025-01-18 21:40:57] [PROGRESS] resolve extensions-by-pack> Loading data extensions in /mnt/c/GitHub/codeql/javascript/ql/lib/semmle/javascript/frameworks/mysql/model.yml.
[2025-01-18 21:40:57] [DETAILS] resolve extensions-by-pack>   Found extension targeting codeql/javascript-all:typeModel: 57 tuples.
[2025-01-18 21:40:57] [DETAILS] resolve extensions-by-pack>   Found extension targeting codeql/javascript-all:summaryModel: 3 tuples.
[2025-01-18 21:40:58] [PROGRESS] resolve extensions-by-pack> Loading data extensions in /mnt/c/GitHub/codeql/javascript/ql/lib/semmle/javascript/frameworks/pg/model.yml.
[2025-01-18 21:40:58] [DETAILS] resolve extensions-by-pack>   Found extension targeting codeql/javascript-all:typeModel: 65 tuples.
[2025-01-18 21:40:58] [DETAILS] resolve extensions-by-pack>   Found extension targeting codeql/javascript-all:summaryModel: 5 tuples.
[2025-01-18 21:40:58] [DETAILS] resolve extensions-by-pack>   Found extension targeting codeql/javascript-all:typeVariableModel: 23 tuples.
[2025-01-18 21:40:58] [PROGRESS] resolve extensions-by-pack> Loading data extensions in /mnt/c/GitHub/codeql/javascript/ql/lib/semmle/javascript/frameworks/sequelize/model.yml.
[2025-01-18 21:40:58] [DETAILS] resolve extensions-by-pack>   Found extension targeting codeql/javascript-all:sinkModel: 7 tuples.
[2025-01-18 21:40:58] [DETAILS] resolve extensions-by-pack>   Found extension targeting codeql/javascript-all:typeModel: 248 tuples.
[2025-01-18 21:40:58] [DETAILS] resolve extensions-by-pack>   Found extension targeting codeql/javascript-all:summaryModel: 5 tuples.
[2025-01-18 21:40:58] [DETAILS] resolve extensions-by-pack>   Found extension targeting codeql/javascript-all:typeVariableModel: 2 tuples.
[2025-01-18 21:40:58] [PROGRESS] resolve extensions-by-pack> Loading data extensions in /mnt/c/GitHub/codeql/javascript/ql/lib/semmle/javascript/frameworks/spanner/model.yml.
[2025-01-18 21:40:58] [DETAILS] resolve extensions-by-pack>   Found extension targeting codeql/javascript-all:typeModel: 174 tuples.
[2025-01-18 21:40:58] [DETAILS] resolve extensions-by-pack>   Found extension targeting codeql/javascript-all:typeVariableModel: 5 tuples.
[2025-01-18 21:40:58] [PROGRESS] resolve extensions-by-pack> Loading data extensions in /mnt/c/GitHub/codeql/javascript/ql/lib/semmle/javascript/frameworks/sqlite3/model.yml.
[2025-01-18 21:40:58] [DETAILS] resolve extensions-by-pack>   Found extension targeting codeql/javascript-all:typeModel: 15 tuples.
[2025-01-18 21:40:58] [DETAILS] resolve extensions-by-pack>   Found extension targeting codeql/javascript-all:summaryModel: 3 tuples.
[2025-01-18 21:40:58] [PROGRESS] resolve extensions-by-pack> Loading data extensions in /mnt/c/GitHub/codeql/javascript/ql/lib/semmle/javascript/security/domains/IntegrityCheckingRequired/integrity_checking_required.model.yml.
[2025-01-18 21:40:58] [DETAILS] resolve extensions-by-pack>   Found extension targeting codeql/javascript-all:isCdnDomainWithCheckingRequired: 3 tuples.
[2025-01-18 21:40:58] [PROGRESS] resolve extensions-by-pack> Loading data extensions in /mnt/c/GitHub/codeql/javascript/ql/lib/semmle/javascript/security/domains/compromised/compromised_domains.model.yml.
[2025-01-18 21:40:58] [DETAILS] resolve extensions-by-pack>   Found extension targeting codeql/javascript-all:isUntrustedDomain: 1 tuples.
[2025-01-18 21:40:58] [PROGRESS] resolve extensions-by-pack> Loading data extensions in /mnt/c/GitHub/codeql/javascript/ql/lib/semmle/javascript/security/domains/untrusted/untrusted_domains.model.yml.
[2025-01-18 21:40:58] [DETAILS] resolve extensions-by-pack>   Found extension targeting codeql/javascript-all:isUntrustedDomain: 6 tuples.
[2025-01-18 21:40:58] [PROGRESS] resolve extensions-by-pack> Loading data extensions in /mnt/c/GitHub/codeql/shared/threat-models/ext/supported-threat-models.model.yml.
[2025-01-18 21:40:58] [DETAILS] resolve extensions-by-pack>   Found extension targeting codeql/threat-models:threatModelConfiguration: 1 tuples.
[2025-01-18 21:40:58] [PROGRESS] resolve extensions-by-pack> Loading data extensions in /mnt/c/GitHub/codeql/shared/threat-models/ext/threat-model-grouping.model.yml.
[2025-01-18 21:40:58] [DETAILS] resolve extensions-by-pack>   Found extension targeting codeql/threat-models:threatModelGrouping: 14 tuples.
[2025-01-18 21:40:58] [PROGRESS] resolve extensions-by-pack> Loading data extensions in /mnt/c/GitHub/codeql/shared/util/ext/default-alert-filter.yml.
[2025-01-18 21:40:58] [DETAILS] resolve extensions-by-pack>   Found extension targeting codeql/util:restrictAlertsTo: 0 tuples.
[2025-01-18 21:40:58] Calling plumbing command: codeql generate extensible-predicate-metadata /mnt/c/GitHub/codeql/shared/util
[2025-01-18 21:40:58] Calling plumbing command: codeql pack packlist /mnt/c/GitHub/codeql/shared/util --format=json
[2025-01-18 21:40:58] Calling plumbing command: codeql resolve files --include=**/*.qll --include=**/*.dbscheme --include=**/*.dbscheme.stats --include=**/*.md --include=**/*.qls --include=**/*.qlref --include=**/*.yml --include=**/*.yaml --include=**/upgrade.properties --include=**/*.ql --include=!**/.* --include=!**/qlpack.auth.yml --include=!**/qlconfig.yml --include=!codeql-pack.lock.yml --include=!qlpack.lock.yml --include=!codeql-pack.release.yml --include=!change-notes --include=!**/*.qhelp --include=codeql-pack.yml --include=qlpack.yml --include=LICENSE --include=README.md --include=CHANGELOG.md --include=!**/*.qlx --include=ext/*.yml /mnt/c/GitHub/codeql/shared/util --format=json
[2025-01-18 21:40:58] [PROGRESS] resolve files> Scanning /mnt/c/GitHub/codeql/shared/util...
[2025-01-18 21:40:58] [PROGRESS] resolve files> Scanning /mnt/c/GitHub/codeql/shared/util/codeql...
[2025-01-18 21:40:58] [PROGRESS] resolve files> Scanning /mnt/c/GitHub/codeql/shared/util/codeql/util...
[2025-01-18 21:40:58] [PROGRESS] resolve files> Scanning /mnt/c/GitHub/codeql/shared/util/codeql/util/suppression...
[2025-01-18 21:40:58] [PROGRESS] resolve files> Scanning /mnt/c/GitHub/codeql/shared/util/codeql/util/test...
[2025-01-18 21:40:58] [PROGRESS] resolve files> Scanning /mnt/c/GitHub/codeql/shared/util/ext...
[2025-01-18 21:40:58] Plumbing command codeql resolve files completed:
                      [
                        "/mnt/c/GitHub/codeql/shared/util/CHANGELOG.md",
                        "/mnt/c/GitHub/codeql/shared/util/codeql/util/AlertFiltering.qll",
                        "/mnt/c/GitHub/codeql/shared/util/codeql/util/Boolean.qll",
                        "/mnt/c/GitHub/codeql/shared/util/codeql/util/DenseRank.qll",
                        "/mnt/c/GitHub/codeql/shared/util/codeql/util/Either.qll",
                        "/mnt/c/GitHub/codeql/shared/util/codeql/util/FilePath.qll",
                        "/mnt/c/GitHub/codeql/shared/util/codeql/util/FileSystem.qll",
                        "/mnt/c/GitHub/codeql/shared/util/codeql/util/Location.qll",
                        "/mnt/c/GitHub/codeql/shared/util/codeql/util/Numbers.qll",
                        "/mnt/c/GitHub/codeql/shared/util/codeql/util/Option.qll",
                        "/mnt/c/GitHub/codeql/shared/util/codeql/util/Strings.qll",
                        "/mnt/c/GitHub/codeql/shared/util/codeql/util/Unit.qll",
                        "/mnt/c/GitHub/codeql/shared/util/codeql/util/Void.qll",
                        "/mnt/c/GitHub/codeql/shared/util/codeql/util/suppression/AlertSuppression.qll",
                        "/mnt/c/GitHub/codeql/shared/util/codeql/util/test/InlineExpectationsTest.qll",
                        "/mnt/c/GitHub/codeql/shared/util/ext/default-alert-filter.yml",
                        "/mnt/c/GitHub/codeql/shared/util/qlpack.yml"
                      ]
[2025-01-18 21:40:58] Plumbing command codeql pack packlist completed:
                      {
                        "paths" : [
                          "/mnt/c/GitHub/codeql/shared/util/CHANGELOG.md",
                          "/mnt/c/GitHub/codeql/shared/util/codeql/util/AlertFiltering.qll",
                          "/mnt/c/GitHub/codeql/shared/util/codeql/util/Boolean.qll",
                          "/mnt/c/GitHub/codeql/shared/util/codeql/util/DenseRank.qll",
                          "/mnt/c/GitHub/codeql/shared/util/codeql/util/Either.qll",
                          "/mnt/c/GitHub/codeql/shared/util/codeql/util/FilePath.qll",
                          "/mnt/c/GitHub/codeql/shared/util/codeql/util/FileSystem.qll",
                          "/mnt/c/GitHub/codeql/shared/util/codeql/util/Location.qll",
                          "/mnt/c/GitHub/codeql/shared/util/codeql/util/Numbers.qll",
                          "/mnt/c/GitHub/codeql/shared/util/codeql/util/Option.qll",
                          "/mnt/c/GitHub/codeql/shared/util/codeql/util/Strings.qll",
                          "/mnt/c/GitHub/codeql/shared/util/codeql/util/Unit.qll",
                          "/mnt/c/GitHub/codeql/shared/util/codeql/util/Void.qll",
                          "/mnt/c/GitHub/codeql/shared/util/codeql/util/suppression/AlertSuppression.qll",
                          "/mnt/c/GitHub/codeql/shared/util/codeql/util/test/InlineExpectationsTest.qll",
                          "/mnt/c/GitHub/codeql/shared/util/ext/default-alert-filter.yml",
                          "/mnt/c/GitHub/codeql/shared/util/qlpack.yml"
                        ]
                      }
[2025-01-18 21:40:58] Plumbing command codeql generate extensible-predicate-metadata completed:
                      {
                        "extensible_predicates" : [
                          {
                            "name" : "restrictAlertsTo",
                            "parameters" : [
                              {
                                "name" : "filePath",
                                "type" : "string"
                              },
                              {
                                "name" : "startLine",
                                "type" : "int"
                              },
                              {
                                "name" : "endLine",
                                "type" : "int"
                              }
                            ],
                            "has_origin" : false,
                            "path" : "codeql/util/AlertFiltering.qll",
                            "start_line" : 24,
                            "start_column" : 1,
                            "end_line" : 24,
                            "end_column" : 84
                          }
                        ]
                      }
[2025-01-18 21:40:58] Plumbing command codeql resolve extensions-by-pack completed:
                      {
                        "models" : [ ],
                        "data" : {
                          "/mnt/c/GitHub/codeql/javascript/ql/src" : [
                            {
                              "predicate" : "threatModelConfiguration",
                              "file" : "/mnt/c/GitHub/codeql/javascript/ql/lib/ext/default-threat-models-fixup.model.yml",
                              "index" : 0,
                              "firstRowId" : 0,
                              "rowCount" : 1,
                              "predicateHasOrigin" : false,
                              "locations" : {
                                "lineNumbers" : "A=8",
                                "columnNumbers" : "A=9"
                              }
                            },
                            {
                              "predicate" : "typeModel",
                              "file" : "/mnt/c/GitHub/codeql/javascript/ql/lib/semmle/javascript/frameworks/NoSQL.model.yml",
                              "index" : 0,
                              "firstRowId" : 1,
                              "rowCount" : 4,
                              "predicateHasOrigin" : false,
                              "locations" : {
                                "lineNumbers" : "A=8+3+1*2",
                                "columnNumbers" : "A=9*4"
                              }
                            },
                            {
                              "predicate" : "sourceModel",
                              "file" : "/mnt/c/GitHub/codeql/javascript/ql/lib/semmle/javascript/frameworks/NodeJSLib.model.yml",
                              "index" : 0,
                              "firstRowId" : 5,
                              "rowCount" : 5,
                              "predicateHasOrigin" : true,
                              "locations" : {
                                "lineNumbers" : "A=6+1*4",
                                "columnNumbers" : "A=9*5"
                              }
                            },
                            {
                              "predicate" : "sourceModel",
                              "file" : "/mnt/c/GitHub/codeql/javascript/ql/lib/semmle/javascript/frameworks/SQL.model.yml",
                              "index" : 0,
                              "firstRowId" : 10,
                              "rowCount" : 5,
                              "predicateHasOrigin" : true,
                              "locations" : {
                                "lineNumbers" : "A=6+1*4",
                                "columnNumbers" : "A=9*5"
                              }
                            },
                            {
                              "predicate" : "sinkModel",
                              "file" : "/mnt/c/GitHub/codeql/javascript/ql/lib/semmle/javascript/frameworks/SQL.model.yml",
                              "index" : 1,
                              "firstRowId" : 15,
                              "rowCount" : 4,
                              "predicateHasOrigin" : true,
                              "locations" : {
                                "lineNumbers" : "A=16+1*3",
                                "columnNumbers" : "A=9*4"
                              }
                            },
                            {
                              "predicate" : "sourceModel",
                              "file" : "/mnt/c/GitHub/codeql/javascript/ql/lib/semmle/javascript/frameworks/data/internal/empty.model.yml",
                              "index" : 0,
                              "firstRowId" : 19,
                              "rowCount" : 0,
                              "predicateHasOrigin" : true,
                              "locations" : {
                                "lineNumbers" : "A",
                                "columnNumbers" : "A"
                              }
                            },
                            {
                              "predicate" : "sinkModel",
                              "file" : "/mnt/c/GitHub/codeql/javascript/ql/lib/semmle/javascript/frameworks/data/internal/empty.model.yml",
                              "index" : 1,
                              "firstRowId" : 19,
                              "rowCount" : 0,
                              "predicateHasOrigin" : true,
                              "locations" : {
                                "lineNumbers" : "A",
                                "columnNumbers" : "A"
                              }
                            },
                            {
                              "predicate" : "summaryModel",
                              "file" : "/mnt/c/GitHub/codeql/javascript/ql/lib/semmle/javascript/frameworks/data/internal/empty.model.yml",
                              "index" : 2,
                              "firstRowId" : 19,
                              "rowCount" : 0,
                              "predicateHasOrigin" : true,
                              "locations" : {
                                "lineNumbers" : "A",
                                "columnNumbers" : "A"
                              }
                            },
                            {
                              "predicate" : "neutralModel",
                              "file" : "/mnt/c/GitHub/codeql/javascript/ql/lib/semmle/javascript/frameworks/data/internal/empty.model.yml",
                              "index" : 3,
                              "firstRowId" : 19,
                              "rowCount" : 0,
                              "predicateHasOrigin" : false,
                              "locations" : {
                                "lineNumbers" : "A",
                                "columnNumbers" : "A"
                              }
                            },
                            {
                              "predicate" : "typeModel",
                              "file" : "/mnt/c/GitHub/codeql/javascript/ql/lib/semmle/javascript/frameworks/data/internal/empty.model.yml",
                              "index" : 4,
                              "firstRowId" : 19,
                              "rowCount" : 0,
                              "predicateHasOrigin" : false,
                              "locations" : {
                                "lineNumbers" : "A",
                                "columnNumbers" : "A"
                              }
                            },
                            {
                              "predicate" : "typeVariableModel",
                              "file" : "/mnt/c/GitHub/codeql/javascript/ql/lib/semmle/javascript/frameworks/data/internal/empty.model.yml",
                              "index" : 5,
                              "firstRowId" : 19,
                              "rowCount" : 0,
                              "predicateHasOrigin" : false,
                              "locations" : {
                                "lineNumbers" : "A",
                                "columnNumbers" : "A"
                              }
                            },
                            {
                              "predicate" : "requiredHelmetSecuritySetting",
                              "file" : "/mnt/c/GitHub/codeql/javascript/ql/lib/semmle/javascript/frameworks/helmet/Helmet.Required.Setting.model.yml",
                              "index" : 0,
                              "firstRowId" : 19,
                              "rowCount" : 2,
                              "predicateHasOrigin" : false,
                              "locations" : {
                                "lineNumbers" : "A=6+1",
                                "columnNumbers" : "A=9*2"
                              }
                            },
                            {
                              "predicate" : "typeModel",
                              "file" : "/mnt/c/GitHub/codeql/javascript/ql/lib/semmle/javascript/frameworks/minimongo/model.yml",
                              "index" : 0,
                              "firstRowId" : 21,
                              "rowCount" : 75,
                              "predicateHasOrigin" : false,
                              "locations" : {
                                "lineNumbers" : "A=6+1*74",
                                "columnNumbers" : "A=9*75"
                              }
                            },
                            {
                              "predicate" : "sinkModel",
                              "file" : "/mnt/c/GitHub/codeql/javascript/ql/lib/semmle/javascript/frameworks/mongodb/model.yml",
                              "index" : 0,
                              "firstRowId" : 96,
                              "rowCount" : 26,
                              "predicateHasOrigin" : true,
                              "locations" : {
                                "lineNumbers" : "A=6+1*25",
                                "columnNumbers" : "A=9*26"
                              }
                            },
                            {
                              "predicate" : "typeModel",
                              "file" : "/mnt/c/GitHub/codeql/javascript/ql/lib/semmle/javascript/frameworks/mongodb/model.yml",
                              "index" : 1,
                              "firstRowId" : 122,
                              "rowCount" : 611,
                              "predicateHasOrigin" : false,
                              "locations" : {
                                "lineNumbers" : "A=37+1*610",
                                "columnNumbers" : "A=9*611"
                              }
                            },
                            {
                              "predicate" : "summaryModel",
                              "file" : "/mnt/c/GitHub/codeql/javascript/ql/lib/semmle/javascript/frameworks/mongodb/model.yml",
                              "index" : 2,
                              "firstRowId" : 733,
                              "rowCount" : 32,
                              "predicateHasOrigin" : true,
                              "locations" : {
                                "lineNumbers" : "A=653+1*31",
                                "columnNumbers" : "A=9*32"
                              }
                            },
                            {
                              "predicate" : "typeVariableModel",
                              "file" : "/mnt/c/GitHub/codeql/javascript/ql/lib/semmle/javascript/frameworks/mongodb/model.yml",
                              "index" : 3,
                              "firstRowId" : 765,
                              "rowCount" : 102,
                              "predicateHasOrigin" : false,
                              "locations" : {
                                "lineNumbers" : "A=690+1*101",
                                "columnNumbers" : "A=9*102"
                              }
                            },
                            {
                              "predicate" : "typeModel",
                              "file" : "/mnt/c/GitHub/codeql/javascript/ql/lib/semmle/javascript/frameworks/mssql/model.yml",
                              "index" : 0,
                              "firstRowId" : 867,
                              "rowCount" : 34,
                              "predicateHasOrigin" : false,
                              "locations" : {
                                "lineNumbers" : "A=6+1*33",
                                "columnNumbers" : "A=9*34"
                              }
                            },
                            {
                              "predicate" : "typeModel",
                              "file" : "/mnt/c/GitHub/codeql/javascript/ql/lib/semmle/javascript/frameworks/mysql/model.yml",
                              "index" : 0,
                              "firstRowId" : 901,
                              "rowCount" : 57,
                              "predicateHasOrigin" : false,
                              "locations" : {
                                "lineNumbers" : "A=6+1*56",
                                "columnNumbers" : "A=9*57"
                              }
                            },
                            {
                              "predicate" : "summaryModel",
                              "file" : "/mnt/c/GitHub/codeql/javascript/ql/lib/semmle/javascript/frameworks/mysql/model.yml",
                              "index" : 1,
                              "firstRowId" : 958,
                              "rowCount" : 3,
                              "predicateHasOrigin" : true,
                              "locations" : {
                                "lineNumbers" : "A=68+1*2",
                                "columnNumbers" : "A=9*3"
                              }
                            },
                            {
                              "predicate" : "typeModel",
                              "file" : "/mnt/c/GitHub/codeql/javascript/ql/lib/semmle/javascript/frameworks/pg/model.yml",
                              "index" : 0,
                              "firstRowId" : 961,
                              "rowCount" : 65,
                              "predicateHasOrigin" : false,
                              "locations" : {
                                "lineNumbers" : "A=6+1*64",
                                "columnNumbers" : "A=9*65"
                              }
                            },
                            {
                              "predicate" : "summaryModel",
                              "file" : "/mnt/c/GitHub/codeql/javascript/ql/lib/semmle/javascript/frameworks/pg/model.yml",
                              "index" : 1,
                              "firstRowId" : 1026,
                              "rowCount" : 5,
                              "predicateHasOrigin" : true,
                              "locations" : {
                                "lineNumbers" : "A=76+1*4",
                                "columnNumbers" : "A=9*5"
                              }
                            },
                            {
                              "predicate" : "typeVariableModel",
                              "file" : "/mnt/c/GitHub/codeql/javascript/ql/lib/semmle/javascript/frameworks/pg/model.yml",
                              "index" : 2,
                              "firstRowId" : 1031,
                              "rowCount" : 23,
                              "predicateHasOrigin" : false,
                              "locations" : {
                                "lineNumbers" : "A=86+1*22",
                                "columnNumbers" : "A=9*23"
                              }
                            },
                            {
                              "predicate" : "sinkModel",
                              "file" : "/mnt/c/GitHub/codeql/javascript/ql/lib/semmle/javascript/frameworks/sequelize/model.yml",
                              "index" : 0,
                              "firstRowId" : 1054,
                              "rowCount" : 7,
                              "predicateHasOrigin" : true,
                              "locations" : {
                                "lineNumbers" : "A=6+1*6",
                                "columnNumbers" : "A=9*7"
                              }
                            },
                            {
                              "predicate" : "typeModel",
                              "file" : "/mnt/c/GitHub/codeql/javascript/ql/lib/semmle/javascript/frameworks/sequelize/model.yml",
                              "index" : 1,
                              "firstRowId" : 1061,
                              "rowCount" : 248,
                              "predicateHasOrigin" : false,
                              "locations" : {
                                "lineNumbers" : "A=18+1*247",
                                "columnNumbers" : "A=9*248"
                              }
                            },
                            {
                              "predicate" : "summaryModel",
                              "file" : "/mnt/c/GitHub/codeql/javascript/ql/lib/semmle/javascript/frameworks/sequelize/model.yml",
                              "index" : 2,
                              "firstRowId" : 1309,
                              "rowCount" : 5,
                              "predicateHasOrigin" : true,
                              "locations" : {
                                "lineNumbers" : "A=271+1*4",
                                "columnNumbers" : "A=9*5"
                              }
                            },
                            {
                              "predicate" : "typeVariableModel",
                              "file" : "/mnt/c/GitHub/codeql/javascript/ql/lib/semmle/javascript/frameworks/sequelize/model.yml",
                              "index" : 3,
                              "firstRowId" : 1314,
                              "rowCount" : 2,
                              "predicateHasOrigin" : false,
                              "locations" : {
                                "lineNumbers" : "A=281+1",
                                "columnNumbers" : "A=9*2"
                              }
                            },
                            {
                              "predicate" : "typeModel",
                              "file" : "/mnt/c/GitHub/codeql/javascript/ql/lib/semmle/javascript/frameworks/spanner/model.yml",
                              "index" : 0,
                              "firstRowId" : 1316,
                              "rowCount" : 174,
                              "predicateHasOrigin" : false,
                              "locations" : {
                                "lineNumbers" : "A=6+1*173",
                                "columnNumbers" : "A=9*174"
                              }
                            },
                            {
                              "predicate" : "typeVariableModel",
                              "file" : "/mnt/c/GitHub/codeql/javascript/ql/lib/semmle/javascript/frameworks/spanner/model.yml",
                              "index" : 1,
                              "firstRowId" : 1490,
                              "rowCount" : 5,
                              "predicateHasOrigin" : false,
                              "locations" : {
                                "lineNumbers" : "A=185+1*4",
                                "columnNumbers" : "A=9*5"
                              }
                            },
                            {
                              "predicate" : "typeModel",
                              "file" : "/mnt/c/GitHub/codeql/javascript/ql/lib/semmle/javascript/frameworks/sqlite3/model.yml",
                              "index" : 0,
                              "firstRowId" : 1495,
                              "rowCount" : 15,
                              "predicateHasOrigin" : false,
                              "locations" : {
                                "lineNumbers" : "A=6+1*14",
                                "columnNumbers" : "A=9*15"
                              }
                            },
                            {
                              "predicate" : "summaryModel",
                              "file" : "/mnt/c/GitHub/codeql/javascript/ql/lib/semmle/javascript/frameworks/sqlite3/model.yml",
                              "index" : 1,
                              "firstRowId" : 1510,
                              "rowCount" : 3,
                              "predicateHasOrigin" : true,
                              "locations" : {
                                "lineNumbers" : "A=26+1*2",
                                "columnNumbers" : "A=9*3"
                              }
                            },
                            {
                              "predicate" : "isCdnDomainWithCheckingRequired",
                              "file" : "/mnt/c/GitHub/codeql/javascript/ql/lib/semmle/javascript/security/domains/IntegrityCheckingRequired/integrity_checking_required.model.yml",
                              "index" : 0,
                              "firstRowId" : 1513,
                              "rowCount" : 3,
                              "predicateHasOrigin" : false,
                              "locations" : {
                                "lineNumbers" : "A=6+1*2",
                                "columnNumbers" : "A=9*3"
                              }
                            },
                            {
                              "predicate" : "isUntrustedDomain",
                              "file" : "/mnt/c/GitHub/codeql/javascript/ql/lib/semmle/javascript/security/domains/compromised/compromised_domains.model.yml",
                              "index" : 0,
                              "firstRowId" : 1516,
                              "rowCount" : 1,
                              "predicateHasOrigin" : false,
                              "locations" : {
                                "lineNumbers" : "A=6",
                                "columnNumbers" : "A=9"
                              }
                            },
                            {
                              "predicate" : "isUntrustedDomain",
                              "file" : "/mnt/c/GitHub/codeql/javascript/ql/lib/semmle/javascript/security/domains/untrusted/untrusted_domains.model.yml",
                              "index" : 0,
                              "firstRowId" : 1517,
                              "rowCount" : 6,
                              "predicateHasOrigin" : false,
                              "locations" : {
                                "lineNumbers" : "A=7+1+3+1*3",
                                "columnNumbers" : "A=9*6"
                              }
                            },
                            {
                              "predicate" : "threatModelConfiguration",
                              "file" : "/mnt/c/GitHub/codeql/shared/threat-models/ext/supported-threat-models.model.yml",
                              "index" : 0,
                              "firstRowId" : 1523,
                              "rowCount" : 1,
                              "predicateHasOrigin" : false,
                              "locations" : {
                                "lineNumbers" : "A=6",
                                "columnNumbers" : "A=9"
                              }
                            },
                            {
                              "predicate" : "threatModelGrouping",
                              "file" : "/mnt/c/GitHub/codeql/shared/threat-models/ext/threat-model-grouping.model.yml",
                              "index" : 0,
                              "firstRowId" : 1524,
                              "rowCount" : 14,
                              "predicateHasOrigin" : false,
                              "locations" : {
                                "lineNumbers" : "A=8+3+1+3+1*5+3+1+5+1*2",
                                "columnNumbers" : "A=9*14"
                              }
                            },
                            {
                              "predicate" : "restrictAlertsTo",
                              "file" : "/mnt/c/GitHub/codeql/shared/util/ext/default-alert-filter.yml",
                              "index" : 0,
                              "firstRowId" : 1538,
                              "rowCount" : 0,
                              "predicateHasOrigin" : false,
                              "locations" : {
                                "lineNumbers" : "A",
                                "columnNumbers" : "A"
                              }
                            }
                          ]
                        },
                        "threatModels" : {
                          "/mnt/c/GitHub/codeql/javascript/ql/src" : {
                            "extensions" : [
                              {
                                "data" : [ ],
                                "addsTo" : {
                                  "extensible" : "threatModelConfiguration",
                                  "packName" : "codeql/threat-models"
                                }
                              }
                            ]
                          }
                        },
                        "extensionPacks" : [ ]
                      }
[2025-01-18 21:40:58] Plumbing command codeql resolve extensions completed:
                      {
                        "models" : [ ],
                        "data" : {
                          "/mnt/c/GitHub/codeql/javascript/ql/src" : [
                            {
                              "predicate" : "threatModelConfiguration",
                              "file" : "/mnt/c/GitHub/codeql/javascript/ql/lib/ext/default-threat-models-fixup.model.yml",
                              "index" : 0,
                              "firstRowId" : 0,
                              "rowCount" : 1,
                              "predicateHasOrigin" : false,
                              "locations" : {
                                "lineNumbers" : "A=8",
                                "columnNumbers" : "A=9"
                              }
                            },
                            {
                              "predicate" : "typeModel",
                              "file" : "/mnt/c/GitHub/codeql/javascript/ql/lib/semmle/javascript/frameworks/NoSQL.model.yml",
                              "index" : 0,
                              "firstRowId" : 1,
                              "rowCount" : 4,
                              "predicateHasOrigin" : false,
                              "locations" : {
                                "lineNumbers" : "A=8+3+1*2",
                                "columnNumbers" : "A=9*4"
                              }
                            },
                            {
                              "predicate" : "sourceModel",
                              "file" : "/mnt/c/GitHub/codeql/javascript/ql/lib/semmle/javascript/frameworks/NodeJSLib.model.yml",
                              "index" : 0,
                              "firstRowId" : 5,
                              "rowCount" : 5,
                              "predicateHasOrigin" : true,
                              "locations" : {
                                "lineNumbers" : "A=6+1*4",
                                "columnNumbers" : "A=9*5"
                              }
                            },
                            {
                              "predicate" : "sourceModel",
                              "file" : "/mnt/c/GitHub/codeql/javascript/ql/lib/semmle/javascript/frameworks/SQL.model.yml",
                              "index" : 0,
                              "firstRowId" : 10,
                              "rowCount" : 5,
                              "predicateHasOrigin" : true,
                              "locations" : {
                                "lineNumbers" : "A=6+1*4",
                                "columnNumbers" : "A=9*5"
                              }
                            },
                            {
                              "predicate" : "sinkModel",
                              "file" : "/mnt/c/GitHub/codeql/javascript/ql/lib/semmle/javascript/frameworks/SQL.model.yml",
                              "index" : 1,
                              "firstRowId" : 15,
                              "rowCount" : 4,
                              "predicateHasOrigin" : true,
                              "locations" : {
                                "lineNumbers" : "A=16+1*3",
                                "columnNumbers" : "A=9*4"
                              }
                            },
                            {
                              "predicate" : "sourceModel",
                              "file" : "/mnt/c/GitHub/codeql/javascript/ql/lib/semmle/javascript/frameworks/data/internal/empty.model.yml",
                              "index" : 0,
                              "firstRowId" : 19,
                              "rowCount" : 0,
                              "predicateHasOrigin" : true,
                              "locations" : {
                                "lineNumbers" : "A",
                                "columnNumbers" : "A"
                              }
                            },
                            {
                              "predicate" : "sinkModel",
                              "file" : "/mnt/c/GitHub/codeql/javascript/ql/lib/semmle/javascript/frameworks/data/internal/empty.model.yml",
                              "index" : 1,
                              "firstRowId" : 19,
                              "rowCount" : 0,
                              "predicateHasOrigin" : true,
                              "locations" : {
                                "lineNumbers" : "A",
                                "columnNumbers" : "A"
                              }
                            },
                            {
                              "predicate" : "summaryModel",
                              "file" : "/mnt/c/GitHub/codeql/javascript/ql/lib/semmle/javascript/frameworks/data/internal/empty.model.yml",
                              "index" : 2,
                              "firstRowId" : 19,
                              "rowCount" : 0,
                              "predicateHasOrigin" : true,
                              "locations" : {
                                "lineNumbers" : "A",
                                "columnNumbers" : "A"
                              }
                            },
                            {
                              "predicate" : "neutralModel",
                              "file" : "/mnt/c/GitHub/codeql/javascript/ql/lib/semmle/javascript/frameworks/data/internal/empty.model.yml",
                              "index" : 3,
                              "firstRowId" : 19,
                              "rowCount" : 0,
                              "predicateHasOrigin" : false,
                              "locations" : {
                                "lineNumbers" : "A",
                                "columnNumbers" : "A"
                              }
                            },
                            {
                              "predicate" : "typeModel",
                              "file" : "/mnt/c/GitHub/codeql/javascript/ql/lib/semmle/javascript/frameworks/data/internal/empty.model.yml",
                              "index" : 4,
                              "firstRowId" : 19,
                              "rowCount" : 0,
                              "predicateHasOrigin" : false,
                              "locations" : {
                                "lineNumbers" : "A",
                                "columnNumbers" : "A"
                              }
                            },
                            {
                              "predicate" : "typeVariableModel",
                              "file" : "/mnt/c/GitHub/codeql/javascript/ql/lib/semmle/javascript/frameworks/data/internal/empty.model.yml",
                              "index" : 5,
                              "firstRowId" : 19,
                              "rowCount" : 0,
                              "predicateHasOrigin" : false,
                              "locations" : {
                                "lineNumbers" : "A",
                                "columnNumbers" : "A"
                              }
                            },
                            {
                              "predicate" : "requiredHelmetSecuritySetting",
                              "file" : "/mnt/c/GitHub/codeql/javascript/ql/lib/semmle/javascript/frameworks/helmet/Helmet.Required.Setting.model.yml",
                              "index" : 0,
                              "firstRowId" : 19,
                              "rowCount" : 2,
                              "predicateHasOrigin" : false,
                              "locations" : {
                                "lineNumbers" : "A=6+1",
                                "columnNumbers" : "A=9*2"
                              }
                            },
                            {
                              "predicate" : "typeModel",
                              "file" : "/mnt/c/GitHub/codeql/javascript/ql/lib/semmle/javascript/frameworks/minimongo/model.yml",
                              "index" : 0,
                              "firstRowId" : 21,
                              "rowCount" : 75,
                              "predicateHasOrigin" : false,
                              "locations" : {
                                "lineNumbers" : "A=6+1*74",
                                "columnNumbers" : "A=9*75"
                              }
                            },
                            {
                              "predicate" : "sinkModel",
                              "file" : "/mnt/c/GitHub/codeql/javascript/ql/lib/semmle/javascript/frameworks/mongodb/model.yml",
                              "index" : 0,
                              "firstRowId" : 96,
                              "rowCount" : 26,
                              "predicateHasOrigin" : true,
                              "locations" : {
                                "lineNumbers" : "A=6+1*25",
                                "columnNumbers" : "A=9*26"
                              }
                            },
                            {
                              "predicate" : "typeModel",
                              "file" : "/mnt/c/GitHub/codeql/javascript/ql/lib/semmle/javascript/frameworks/mongodb/model.yml",
                              "index" : 1,
                              "firstRowId" : 122,
                              "rowCount" : 611,
                              "predicateHasOrigin" : false,
                              "locations" : {
                                "lineNumbers" : "A=37+1*610",
                                "columnNumbers" : "A=9*611"
                              }
                            },
                            {
                              "predicate" : "summaryModel",
                              "file" : "/mnt/c/GitHub/codeql/javascript/ql/lib/semmle/javascript/frameworks/mongodb/model.yml",
                              "index" : 2,
                              "firstRowId" : 733,
                              "rowCount" : 32,
                              "predicateHasOrigin" : true,
                              "locations" : {
                                "lineNumbers" : "A=653+1*31",
                                "columnNumbers" : "A=9*32"
                              }
                            },
                            {
                              "predicate" : "typeVariableModel",
                              "file" : "/mnt/c/GitHub/codeql/javascript/ql/lib/semmle/javascript/frameworks/mongodb/model.yml",
                              "index" : 3,
                              "firstRowId" : 765,
                              "rowCount" : 102,
                              "predicateHasOrigin" : false,
                              "locations" : {
                                "lineNumbers" : "A=690+1*101",
                                "columnNumbers" : "A=9*102"
                              }
                            },
                            {
                              "predicate" : "typeModel",
                              "file" : "/mnt/c/GitHub/codeql/javascript/ql/lib/semmle/javascript/frameworks/mssql/model.yml",
                              "index" : 0,
                              "firstRowId" : 867,
                              "rowCount" : 34,
                              "predicateHasOrigin" : false,
                              "locations" : {
                                "lineNumbers" : "A=6+1*33",
                                "columnNumbers" : "A=9*34"
                              }
                            },
                            {
                              "predicate" : "typeModel",
                              "file" : "/mnt/c/GitHub/codeql/javascript/ql/lib/semmle/javascript/frameworks/mysql/model.yml",
                              "index" : 0,
                              "firstRowId" : 901,
                              "rowCount" : 57,
                              "predicateHasOrigin" : false,
                              "locations" : {
                                "lineNumbers" : "A=6+1*56",
                                "columnNumbers" : "A=9*57"
                              }
                            },
                            {
                              "predicate" : "summaryModel",
                              "file" : "/mnt/c/GitHub/codeql/javascript/ql/lib/semmle/javascript/frameworks/mysql/model.yml",
                              "index" : 1,
                              "firstRowId" : 958,
                              "rowCount" : 3,
                              "predicateHasOrigin" : true,
                              "locations" : {
                                "lineNumbers" : "A=68+1*2",
                                "columnNumbers" : "A=9*3"
                              }
                            },
                            {
                              "predicate" : "typeModel",
                              "file" : "/mnt/c/GitHub/codeql/javascript/ql/lib/semmle/javascript/frameworks/pg/model.yml",
                              "index" : 0,
                              "firstRowId" : 961,
                              "rowCount" : 65,
                              "predicateHasOrigin" : false,
                              "locations" : {
                                "lineNumbers" : "A=6+1*64",
                                "columnNumbers" : "A=9*65"
                              }
                            },
                            {
                              "predicate" : "summaryModel",
                              "file" : "/mnt/c/GitHub/codeql/javascript/ql/lib/semmle/javascript/frameworks/pg/model.yml",
                              "index" : 1,
                              "firstRowId" : 1026,
                              "rowCount" : 5,
                              "predicateHasOrigin" : true,
                              "locations" : {
                                "lineNumbers" : "A=76+1*4",
                                "columnNumbers" : "A=9*5"
                              }
                            },
                            {
                              "predicate" : "typeVariableModel",
                              "file" : "/mnt/c/GitHub/codeql/javascript/ql/lib/semmle/javascript/frameworks/pg/model.yml",
                              "index" : 2,
                              "firstRowId" : 1031,
                              "rowCount" : 23,
                              "predicateHasOrigin" : false,
                              "locations" : {
                                "lineNumbers" : "A=86+1*22",
                                "columnNumbers" : "A=9*23"
                              }
                            },
                            {
                              "predicate" : "sinkModel",
                              "file" : "/mnt/c/GitHub/codeql/javascript/ql/lib/semmle/javascript/frameworks/sequelize/model.yml",
                              "index" : 0,
                              "firstRowId" : 1054,
                              "rowCount" : 7,
                              "predicateHasOrigin" : true,
                              "locations" : {
                                "lineNumbers" : "A=6+1*6",
                                "columnNumbers" : "A=9*7"
                              }
                            },
                            {
                              "predicate" : "typeModel",
                              "file" : "/mnt/c/GitHub/codeql/javascript/ql/lib/semmle/javascript/frameworks/sequelize/model.yml",
                              "index" : 1,
                              "firstRowId" : 1061,
                              "rowCount" : 248,
                              "predicateHasOrigin" : false,
                              "locations" : {
                                "lineNumbers" : "A=18+1*247",
                                "columnNumbers" : "A=9*248"
                              }
                            },
                            {
                              "predicate" : "summaryModel",
                              "file" : "/mnt/c/GitHub/codeql/javascript/ql/lib/semmle/javascript/frameworks/sequelize/model.yml",
                              "index" : 2,
                              "firstRowId" : 1309,
                              "rowCount" : 5,
                              "predicateHasOrigin" : true,
                              "locations" : {
                                "lineNumbers" : "A=271+1*4",
                                "columnNumbers" : "A=9*5"
                              }
                            },
                            {
                              "predicate" : "typeVariableModel",
                              "file" : "/mnt/c/GitHub/codeql/javascript/ql/lib/semmle/javascript/frameworks/sequelize/model.yml",
                              "index" : 3,
                              "firstRowId" : 1314,
                              "rowCount" : 2,
                              "predicateHasOrigin" : false,
                              "locations" : {
                                "lineNumbers" : "A=281+1",
                                "columnNumbers" : "A=9*2"
                              }
                            },
                            {
                              "predicate" : "typeModel",
                              "file" : "/mnt/c/GitHub/codeql/javascript/ql/lib/semmle/javascript/frameworks/spanner/model.yml",
                              "index" : 0,
                              "firstRowId" : 1316,
                              "rowCount" : 174,
                              "predicateHasOrigin" : false,
                              "locations" : {
                                "lineNumbers" : "A=6+1*173",
                                "columnNumbers" : "A=9*174"
                              }
                            },
                            {
                              "predicate" : "typeVariableModel",
                              "file" : "/mnt/c/GitHub/codeql/javascript/ql/lib/semmle/javascript/frameworks/spanner/model.yml",
                              "index" : 1,
                              "firstRowId" : 1490,
                              "rowCount" : 5,
                              "predicateHasOrigin" : false,
                              "locations" : {
                                "lineNumbers" : "A=185+1*4",
                                "columnNumbers" : "A=9*5"
                              }
                            },
                            {
                              "predicate" : "typeModel",
                              "file" : "/mnt/c/GitHub/codeql/javascript/ql/lib/semmle/javascript/frameworks/sqlite3/model.yml",
                              "index" : 0,
                              "firstRowId" : 1495,
                              "rowCount" : 15,
                              "predicateHasOrigin" : false,
                              "locations" : {
                                "lineNumbers" : "A=6+1*14",
                                "columnNumbers" : "A=9*15"
                              }
                            },
                            {
                              "predicate" : "summaryModel",
                              "file" : "/mnt/c/GitHub/codeql/javascript/ql/lib/semmle/javascript/frameworks/sqlite3/model.yml",
                              "index" : 1,
                              "firstRowId" : 1510,
                              "rowCount" : 3,
                              "predicateHasOrigin" : true,
                              "locations" : {
                                "lineNumbers" : "A=26+1*2",
                                "columnNumbers" : "A=9*3"
                              }
                            },
                            {
                              "predicate" : "isCdnDomainWithCheckingRequired",
                              "file" : "/mnt/c/GitHub/codeql/javascript/ql/lib/semmle/javascript/security/domains/IntegrityCheckingRequired/integrity_checking_required.model.yml",
                              "index" : 0,
                              "firstRowId" : 1513,
                              "rowCount" : 3,
                              "predicateHasOrigin" : false,
                              "locations" : {
                                "lineNumbers" : "A=6+1*2",
                                "columnNumbers" : "A=9*3"
                              }
                            },
                            {
                              "predicate" : "isUntrustedDomain",
                              "file" : "/mnt/c/GitHub/codeql/javascript/ql/lib/semmle/javascript/security/domains/compromised/compromised_domains.model.yml",
                              "index" : 0,
                              "firstRowId" : 1516,
                              "rowCount" : 1,
                              "predicateHasOrigin" : false,
                              "locations" : {
                                "lineNumbers" : "A=6",
                                "columnNumbers" : "A=9"
                              }
                            },
                            {
                              "predicate" : "isUntrustedDomain",
                              "file" : "/mnt/c/GitHub/codeql/javascript/ql/lib/semmle/javascript/security/domains/untrusted/untrusted_domains.model.yml",
                              "index" : 0,
                              "firstRowId" : 1517,
                              "rowCount" : 6,
                              "predicateHasOrigin" : false,
                              "locations" : {
                                "lineNumbers" : "A=7+1+3+1*3",
                                "columnNumbers" : "A=9*6"
                              }
                            },
                            {
                              "predicate" : "threatModelConfiguration",
                              "file" : "/mnt/c/GitHub/codeql/shared/threat-models/ext/supported-threat-models.model.yml",
                              "index" : 0,
                              "firstRowId" : 1523,
                              "rowCount" : 1,
                              "predicateHasOrigin" : false,
                              "locations" : {
                                "lineNumbers" : "A=6",
                                "columnNumbers" : "A=9"
                              }
                            },
                            {
                              "predicate" : "threatModelGrouping",
                              "file" : "/mnt/c/GitHub/codeql/shared/threat-models/ext/threat-model-grouping.model.yml",
                              "index" : 0,
                              "firstRowId" : 1524,
                              "rowCount" : 14,
                              "predicateHasOrigin" : false,
                              "locations" : {
                                "lineNumbers" : "A=8+3+1+3+1*5+3+1+5+1*2",
                                "columnNumbers" : "A=9*14"
                              }
                            },
                            {
                              "predicate" : "restrictAlertsTo",
                              "file" : "/mnt/c/GitHub/codeql/shared/util/ext/default-alert-filter.yml",
                              "index" : 0,
                              "firstRowId" : 1538,
                              "rowCount" : 0,
                              "predicateHasOrigin" : false,
                              "locations" : {
                                "lineNumbers" : "A",
                                "columnNumbers" : "A"
                              }
                            }
                          ]
                        },
                        "threatModels" : {
                          "/mnt/c/GitHub/codeql/javascript/ql/src" : {
                            "extensions" : [
                              {
                                "data" : [ ],
                                "addsTo" : {
                                  "extensible" : "threatModelConfiguration",
                                  "packName" : "codeql/threat-models"
                                }
                              }
                            ]
                          }
                        },
                        "extensionPacks" : [ ]
                      }
[2025-01-18 21:40:59] Calling plumbing command: codeql resolve library-path --search-path=/mnt/c/GitHub/codeql --qlconfig-file=/usr/local/codeql/qlconfig.yml --query=/mnt/c/GitHub/codeql/javascript/ql/src/queries/azure/azure-sas-uri-in-api-response.ql --format=json
[2025-01-18 21:40:59] [DETAILS] resolve library-path> Resolving query at normalized path /mnt/c/GitHub/codeql/javascript/ql/src/queries/azure/azure-sas-uri-in-api-response.ql.
[2025-01-18 21:40:59] [DETAILS] resolve library-path> Found enclosing pack 'codeql/javascript-queries' at /mnt/c/GitHub/codeql/javascript/ql/src.
[2025-01-18 21:40:59] [DETAILS] resolve library-path> Adding compilation cache at /home/prometheus/.codeql/compile-cache.
[2025-01-18 21:40:59] [DETAILS] resolve library-path> Resolving library dependencies from /mnt/c/GitHub/codeql/javascript/ql/src/qlpack.yml.
[2025-01-18 21:40:59] [SPAMMY] resolve library-path> [INCOMPATIBILITY] codeql/javascript-queries: not <empty> [1.2.7-dev] {root: codeql/javascript-queries@1.2.7-dev}
[2025-01-18 21:40:59] [SPAMMY] resolve library-path> [DERIVATION] codeql/javascript-queries: <empty> [1.2.7-dev] {codeql/javascript-queries: not <empty> [1.2.7-dev] {root: codeql/javascript-queries@1.2.7-dev}}
[2025-01-18 21:40:59] [SPAMMY] resolve library-path> [INCOMPATIBILITY] codeql/javascript-queries: * [*], codeql/javascript-all: not * [*] {dependency: codeql/javascript-queries@* [*] requires codeql/javascript-all@2.2.2-dev}
[2025-01-18 21:40:59] [SPAMMY] resolve library-path> [INCOMPATIBILITY] codeql/javascript-queries: * [*], codeql/suite-helpers: not * [*] {dependency: codeql/javascript-queries@* [*] requires codeql/suite-helpers@1.0.15-dev}
[2025-01-18 21:40:59] [SPAMMY] resolve library-path> [INCOMPATIBILITY] codeql/javascript-queries: * [*], codeql/typos: not * [*] {dependency: codeql/javascript-queries@* [*] requires codeql/typos@1.0.15-dev}
[2025-01-18 21:40:59] [SPAMMY] resolve library-path> [INCOMPATIBILITY] codeql/javascript-queries: * [*], codeql/util: not * [*] {dependency: codeql/javascript-queries@* [*] requires codeql/util@2.0.2-dev}
[2025-01-18 21:40:59] [SPAMMY] resolve library-path> [DECISION 1] codeql/javascript-queries: 1.2.7-dev
[2025-01-18 21:40:59] [SPAMMY] resolve library-path> [DERIVATION] codeql/util: * [*] {codeql/javascript-queries: * [*], codeql/util: not * [*] {dependency: codeql/javascript-queries@* [*] requires codeql/util@2.0.2-dev}}
[2025-01-18 21:40:59] [SPAMMY] resolve library-path> [DERIVATION] codeql/typos: * [*] {codeql/javascript-queries: * [*], codeql/typos: not * [*] {dependency: codeql/javascript-queries@* [*] requires codeql/typos@1.0.15-dev}}
[2025-01-18 21:40:59] [SPAMMY] resolve library-path> [DERIVATION] codeql/suite-helpers: * [*] {codeql/javascript-queries: * [*], codeql/suite-helpers: not * [*] {dependency: codeql/javascript-queries@* [*] requires codeql/suite-helpers@1.0.15-dev}}
[2025-01-18 21:40:59] [SPAMMY] resolve library-path> [DERIVATION] codeql/javascript-all: * [*] {codeql/javascript-queries: * [*], codeql/javascript-all: not * [*] {dependency: codeql/javascript-queries@* [*] requires codeql/javascript-all@2.2.2-dev}}
[2025-01-18 21:40:59] [SPAMMY] resolve library-path> [INCOMPATIBILITY] codeql/javascript-all: * [*], codeql/dataflow: not * [*] {dependency: codeql/javascript-all@* [*] requires codeql/dataflow@1.1.9-dev}
[2025-01-18 21:40:59] [SPAMMY] resolve library-path> [INCOMPATIBILITY] codeql/javascript-all: * [*], codeql/mad: not * [*] {dependency: codeql/javascript-all@* [*] requires codeql/mad@1.0.15-dev}
[2025-01-18 21:40:59] [SPAMMY] resolve library-path> [INCOMPATIBILITY] codeql/javascript-all: * [*], codeql/regex: not * [*] {dependency: codeql/javascript-all@* [*] requires codeql/regex@1.0.15-dev}
[2025-01-18 21:40:59] [SPAMMY] resolve library-path> [INCOMPATIBILITY] codeql/javascript-all: * [*], codeql/ssa: not * [*] {dependency: codeql/javascript-all@* [*] requires codeql/ssa@1.0.15-dev}
[2025-01-18 21:40:59] [SPAMMY] resolve library-path> [INCOMPATIBILITY] codeql/javascript-all: * [*], codeql/threat-models: not * [*] {dependency: codeql/javascript-all@* [*] requires codeql/threat-models@1.0.15-dev}
[2025-01-18 21:40:59] [SPAMMY] resolve library-path> [INCOMPATIBILITY] codeql/javascript-all: * [*], codeql/tutorial: not * [*] {dependency: codeql/javascript-all@* [*] requires codeql/tutorial@1.0.15-dev}
[2025-01-18 21:40:59] [SPAMMY] resolve library-path> [INCOMPATIBILITY] codeql/javascript-all: * [*], codeql/typetracking: not * [*] {dependency: codeql/javascript-all@* [*] requires codeql/typetracking@1.0.15-dev}
[2025-01-18 21:40:59] [SPAMMY] resolve library-path> [INCOMPATIBILITY] codeql/javascript-all: * [*], codeql/util: not * [*] {dependency: codeql/javascript-all@* [*] requires codeql/util@2.0.2-dev}
[2025-01-18 21:40:59] [SPAMMY] resolve library-path> [INCOMPATIBILITY] codeql/javascript-all: * [*], codeql/xml: not * [*] {dependency: codeql/javascript-all@* [*] requires codeql/xml@1.0.15-dev}
[2025-01-18 21:40:59] [SPAMMY] resolve library-path> [INCOMPATIBILITY] codeql/javascript-all: * [*], codeql/yaml: not * [*] {dependency: codeql/javascript-all@* [*] requires codeql/yaml@1.0.15-dev}
[2025-01-18 21:40:59] [SPAMMY] resolve library-path> [DECISION 2] codeql/javascript-all: 2.2.2-dev
[2025-01-18 21:40:59] [SPAMMY] resolve library-path> [DERIVATION] codeql/yaml: * [*] {codeql/javascript-all: * [*], codeql/yaml: not * [*] {dependency: codeql/javascript-all@* [*] requires codeql/yaml@1.0.15-dev}}
[2025-01-18 21:40:59] [SPAMMY] resolve library-path> [DERIVATION] codeql/xml: * [*] {codeql/javascript-all: * [*], codeql/xml: not * [*] {dependency: codeql/javascript-all@* [*] requires codeql/xml@1.0.15-dev}}
[2025-01-18 21:40:59] [SPAMMY] resolve library-path> [DERIVATION] codeql/typetracking: * [*] {codeql/javascript-all: * [*], codeql/typetracking: not * [*] {dependency: codeql/javascript-all@* [*] requires codeql/typetracking@1.0.15-dev}}
[2025-01-18 21:40:59] [SPAMMY] resolve library-path> [DERIVATION] codeql/tutorial: * [*] {codeql/javascript-all: * [*], codeql/tutorial: not * [*] {dependency: codeql/javascript-all@* [*] requires codeql/tutorial@1.0.15-dev}}
[2025-01-18 21:40:59] [SPAMMY] resolve library-path> [DERIVATION] codeql/threat-models: * [*] {codeql/javascript-all: * [*], codeql/threat-models: not * [*] {dependency: codeql/javascript-all@* [*] requires codeql/threat-models@1.0.15-dev}}
[2025-01-18 21:40:59] [SPAMMY] resolve library-path> [DERIVATION] codeql/ssa: * [*] {codeql/javascript-all: * [*], codeql/ssa: not * [*] {dependency: codeql/javascript-all@* [*] requires codeql/ssa@1.0.15-dev}}
[2025-01-18 21:40:59] [SPAMMY] resolve library-path> [DERIVATION] codeql/regex: * [*] {codeql/javascript-all: * [*], codeql/regex: not * [*] {dependency: codeql/javascript-all@* [*] requires codeql/regex@1.0.15-dev}}
[2025-01-18 21:40:59] [SPAMMY] resolve library-path> [DERIVATION] codeql/mad: * [*] {codeql/javascript-all: * [*], codeql/mad: not * [*] {dependency: codeql/javascript-all@* [*] requires codeql/mad@1.0.15-dev}}
[2025-01-18 21:40:59] [SPAMMY] resolve library-path> [DERIVATION] codeql/dataflow: * [*] {codeql/javascript-all: * [*], codeql/dataflow: not * [*] {dependency: codeql/javascript-all@* [*] requires codeql/dataflow@1.1.9-dev}}
[2025-01-18 21:40:59] [SPAMMY] resolve library-path> [INCOMPATIBILITY] codeql/dataflow: * [*], codeql/ssa: not * [*] {dependency: codeql/dataflow@* [*] requires codeql/ssa@1.0.15-dev}
[2025-01-18 21:40:59] [SPAMMY] resolve library-path> [INCOMPATIBILITY] codeql/dataflow: * [*], codeql/typetracking: not * [*] {dependency: codeql/dataflow@* [*] requires codeql/typetracking@1.0.15-dev}
[2025-01-18 21:40:59] [SPAMMY] resolve library-path> [INCOMPATIBILITY] codeql/dataflow: * [*], codeql/util: not * [*] {dependency: codeql/dataflow@* [*] requires codeql/util@2.0.2-dev}
[2025-01-18 21:40:59] [SPAMMY] resolve library-path> [DECISION 3] codeql/dataflow: 1.1.9-dev
[2025-01-18 21:40:59] [SPAMMY] resolve library-path> [INCOMPATIBILITY] codeql/mad: * [*], codeql/dataflow: not * [*] {dependency: codeql/mad@* [*] requires codeql/dataflow@1.1.9-dev}
[2025-01-18 21:40:59] [SPAMMY] resolve library-path> [INCOMPATIBILITY] codeql/mad: * [*], codeql/util: not * [*] {dependency: codeql/mad@* [*] requires codeql/util@2.0.2-dev}
[2025-01-18 21:40:59] [SPAMMY] resolve library-path> [DECISION 4] codeql/mad: 1.0.15-dev
[2025-01-18 21:40:59] [SPAMMY] resolve library-path> [INCOMPATIBILITY] codeql/regex: * [*], codeql/util: not * [*] {dependency: codeql/regex@* [*] requires codeql/util@2.0.2-dev}
[2025-01-18 21:40:59] [SPAMMY] resolve library-path> [DECISION 5] codeql/regex: 1.0.15-dev
[2025-01-18 21:40:59] [SPAMMY] resolve library-path> [INCOMPATIBILITY] codeql/ssa: * [*], codeql/util: not * [*] {dependency: codeql/ssa@* [*] requires codeql/util@2.0.2-dev}
[2025-01-18 21:40:59] [SPAMMY] resolve library-path> [DECISION 6] codeql/ssa: 1.0.15-dev
[2025-01-18 21:40:59] [SPAMMY] resolve library-path> [DECISION 7] codeql/suite-helpers: 1.0.15-dev
[2025-01-18 21:40:59] [SPAMMY] resolve library-path> [DECISION 8] codeql/threat-models: 1.0.15-dev
[2025-01-18 21:40:59] [SPAMMY] resolve library-path> [DECISION 9] codeql/tutorial: 1.0.15-dev
[2025-01-18 21:40:59] [SPAMMY] resolve library-path> [INCOMPATIBILITY] codeql/typetracking: * [*], codeql/util: not * [*] {dependency: codeql/typetracking@* [*] requires codeql/util@2.0.2-dev}
[2025-01-18 21:40:59] [SPAMMY] resolve library-path> [DECISION 10] codeql/typetracking: 1.0.15-dev
[2025-01-18 21:40:59] [SPAMMY] resolve library-path> [DECISION 11] codeql/typos: 1.0.15-dev
[2025-01-18 21:40:59] [SPAMMY] resolve library-path> [DECISION 12] codeql/util: 2.0.2-dev
[2025-01-18 21:40:59] [SPAMMY] resolve library-path> [INCOMPATIBILITY] codeql/xml: * [*], codeql/util: not * [*] {dependency: codeql/xml@* [*] requires codeql/util@2.0.2-dev}
[2025-01-18 21:40:59] [SPAMMY] resolve library-path> [DECISION 13] codeql/xml: 1.0.15-dev
[2025-01-18 21:40:59] [SPAMMY] resolve library-path> [DECISION 14] codeql/yaml: 1.0.15-dev
[2025-01-18 21:40:59] [DETAILS] resolve library-path> QL pack dependencies for /mnt/c/GitHub/codeql/javascript/ql/src resolved OK.
[2025-01-18 21:40:59] [DETAILS] resolve library-path> Found dbscheme through QL packs: /mnt/c/GitHub/codeql/javascript/ql/lib/semmlecode.javascript.dbscheme.
[2025-01-18 21:40:59] Plumbing command codeql resolve library-path completed:
                      {
                        "libraryPath" : [
                          "/mnt/c/GitHub/codeql/javascript/ql/src",
                          "/mnt/c/GitHub/codeql/javascript/ql/lib",
                          "/mnt/c/GitHub/codeql/shared/dataflow",
                          "/mnt/c/GitHub/codeql/shared/mad",
                          "/mnt/c/GitHub/codeql/shared/regex",
                          "/mnt/c/GitHub/codeql/shared/ssa",
                          "/mnt/c/GitHub/codeql/misc/suite-helpers",
                          "/mnt/c/GitHub/codeql/shared/threat-models",
                          "/mnt/c/GitHub/codeql/shared/tutorial",
                          "/mnt/c/GitHub/codeql/shared/typetracking",
                          "/mnt/c/GitHub/codeql/shared/typos",
                          "/mnt/c/GitHub/codeql/shared/util",
                          "/mnt/c/GitHub/codeql/shared/xml",
                          "/mnt/c/GitHub/codeql/shared/yaml"
                        ],
                        "dbscheme" : "/mnt/c/GitHub/codeql/javascript/ql/lib/semmlecode.javascript.dbscheme",
                        "compilationCache" : [
                          "/home/prometheus/.codeql/compile-cache"
                        ],
                        "relativeName" : "codeql/javascript-queries/queries/azure/azure-sas-uri-in-api-response.ql",
                        "qlPackName" : "codeql/javascript-queries"
                      }
[2025-01-18 21:40:59] [PROGRESS] execute queries> Compiling query plan for /mnt/c/GitHub/codeql/javascript/ql/src/queries/azure/azure-sas-uri-in-api-response.ql.
[2025-01-18 21:40:59] [DETAILS] execute queries> Resolving imports for /mnt/c/GitHub/codeql/javascript/ql/src/queries/azure/azure-sas-uri-in-api-response.ql.
[2025-01-18 21:41:29] Resolved file set for /mnt/c/GitHub/codeql/javascript/ql/src/queries/azure/azure-sas-uri-in-api-response.ql hashes to c5a1b09827ec6c8adcf7e62e98a63e67964b4abe.
[2025-01-18 21:41:29] [DETAILS] execute queries> Checking QL for /mnt/c/GitHub/codeql/javascript/ql/src/queries/azure/azure-sas-uri-in-api-response.ql.
[2025-01-18 21:41:29] Stale frontend caches are invalidated based on import graph reachability.
[2025-01-18 21:41:29] ExternalModuleBindingPass ...
[2025-01-18 21:41:30] ExternalModuleBindingPass time: 00:00.735
[2025-01-18 21:41:30] CollectInstantiationsPass ...
[2025-01-18 21:41:31] CollectInstantiationsPass time: 00:00.326
[2025-01-18 21:41:31] Ql checks ...
[2025-01-18 21:41:34] Ql checks time: 00:03.183
[2025-01-18 21:41:37] [ERROR] execute queries> ERROR: getProperty(string) cannot be resolved for type JSON::JsonObject (/mnt/c/GitHub/codeql/javascript/ql/src/queries/azure/azure-sas-uri-in-api-response.ql:6,12-23)
[2025-01-18 21:41:37] [ERROR] execute queries> ERROR: contains(string) cannot be resolved for type string (/mnt/c/GitHub/codeql/javascript/ql/src/queries/azure/azure-sas-uri-in-api-response.ql:7,26-34)
[2025-01-18 21:41:37] [ERROR] execute queries> ERROR: could not resolve variable null (/mnt/c/GitHub/codeql/javascript/ql/src/queries/azure/azure-sas-uri-in-api-response.ql:6,40-44)
[2025-01-18 21:41:37] Sequence stamp origin is -6092512254484897918
[2025-01-18 21:41:37] Pausing evaluation to close the cache at sequence stamp o+0
[2025-01-18 21:41:37] The disk cache is freshly trimmed; leave it be.
[2025-01-18 21:41:37] Unpausing evaluation
[2025-01-18 21:41:37] This NaiveBuddyAllocator requested 0 eviction rounds.
[2025-01-18 21:41:37] Exiting with code 2
